account_id,graph_cluster_id,cluster_size,suspicion_score,predicted_flag,is_fraud_ring_member,cluster_type
ACCT-001072,CLUSTER-0000,1,0.0,0,0,none
ACCT-002714,CLUSTER-0001,1,0.0,0,0,none
ACCT-003024,CLUSTER-0002,2,0.415,0,0,legit_shared_device
ACCT-003025,CLUSTER-0002,2,0.415,0,0,legit_shared_device
ACCT-002648,CLUSTER-0003,1,0.0,0,0,none
ACCT-001415,CLUSTER-0004,1,0.0,0,0,none
ACCT-000545,CLUSTER-0005,1,0.0,0,0,none
ACCT-001904,CLUSTER-0006,1,0.0,0,0,none
ACCT-000753,CLUSTER-0007,1,0.0,0,0,none
ACCT-002523,CLUSTER-0008,1,0.0,0,0,none
ACCT-000422,CLUSTER-0009,1,0.0,0,0,none
ACCT-002766,CLUSTER-0010,1,0.0,0,0,none
ACCT-002537,CLUSTER-0011,1,0.0,0,0,none
ACCT-001001,CLUSTER-0012,1,0.0,0,0,none
ACCT-001319,CLUSTER-0013,1,0.0,0,0,none
ACCT-003195,CLUSTER-0014,9,0.6108,1,1,fraud_ring
ACCT-003196,CLUSTER-0014,9,0.6108,1,1,fraud_ring
ACCT-003197,CLUSTER-0014,9,0.6108,1,1,fraud_ring
ACCT-003198,CLUSTER-0014,9,0.6108,1,1,fraud_ring
ACCT-003199,CLUSTER-0014,9,0.6108,1,1,fraud_ring
ACCT-003200,CLUSTER-0014,9,0.6108,1,1,fraud_ring
ACCT-003201,CLUSTER-0014,9,0.6108,1,1,fraud_ring
ACCT-003202,CLUSTER-0014,9,0.6108,1,1,fraud_ring
ACCT-003203,CLUSTER-0014,9,0.6108,1,1,fraud_ring
ACCT-000853,CLUSTER-0015,1,0.0,0,0,none
ACCT-002070,CLUSTER-0016,1,0.0,0,0,none
ACCT-000723,CLUSTER-0017,1,0.0,0,0,none
ACCT-002426,CLUSTER-0018,1,0.0,0,0,none
ACCT-002485,CLUSTER-0019,1,0.0,0,0,none
ACCT-001035,CLUSTER-0020,1,0.0,0,0,none
ACCT-002012,CLUSTER-0021,1,0.0,0,0,none
ACCT-000229,CLUSTER-0022,1,0.0,0,0,none
ACCT-001738,CLUSTER-0023,1,0.0,0,0,none
ACCT-003253,CLUSTER-0024,12,0.575,1,1,fraud_ring
ACCT-003254,CLUSTER-0024,12,0.575,1,1,fraud_ring
ACCT-003255,CLUSTER-0024,12,0.575,1,1,fraud_ring
ACCT-003256,CLUSTER-0024,12,0.575,1,1,fraud_ring
ACCT-003257,CLUSTER-0024,12,0.575,1,1,fraud_ring
ACCT-003258,CLUSTER-0024,12,0.575,1,1,fraud_ring
ACCT-003259,CLUSTER-0024,12,0.575,1,1,fraud_ring
ACCT-003260,CLUSTER-0024,12,0.575,1,1,fraud_ring
ACCT-003261,CLUSTER-0024,12,0.575,1,1,fraud_ring
ACCT-003262,CLUSTER-0024,12,0.575,1,1,fraud_ring
ACCT-003263,CLUSTER-0024,12,0.575,1,1,fraud_ring
ACCT-003264,CLUSTER-0024,12,0.575,1,1,fraud_ring
ACCT-000929,CLUSTER-0025,1,0.0,0,0,none
ACCT-000630,CLUSTER-0026,1,0.0,0,0,none
ACCT-002849,CLUSTER-0027,1,0.0,0,0,none
ACCT-001517,CLUSTER-0028,1,0.0,0,0,none
ACCT-002483,CLUSTER-0029,1,0.0,0,0,none
ACCT-000576,CLUSTER-0030,1,0.0,0,0,none
ACCT-001177,CLUSTER-0031,1,0.0,0,0,none
ACCT-002909,CLUSTER-0032,1,0.0,0,0,none
ACCT-002782,CLUSTER-0033,1,0.0,0,0,none
ACCT-001048,CLUSTER-0034,1,0.0,0,0,none
ACCT-000942,CLUSTER-0035,1,0.0,0,0,none
ACCT-000930,CLUSTER-0036,1,0.0,0,0,none
ACCT-002657,CLUSTER-0037,1,0.0,0,0,none
ACCT-000699,CLUSTER-0038,1,0.0,0,0,none
ACCT-001099,CLUSTER-0039,1,0.0,0,0,none
ACCT-000348,CLUSTER-0040,1,0.0,0,0,none
ACCT-002239,CLUSTER-0041,1,0.0,0,0,none
ACCT-000143,CLUSTER-0042,1,0.0,0,0,none
ACCT-002249,CLUSTER-0043,1,0.0,0,0,none
ACCT-000580,CLUSTER-0044,1,0.0,0,0,none
ACCT-002131,CLUSTER-0045,1,0.0,0,0,none
ACCT-002154,CLUSTER-0046,1,0.0,0,0,none
ACCT-000170,CLUSTER-0047,1,0.0,0,0,none
ACCT-001555,CLUSTER-0048,1,0.0,0,0,none
ACCT-002251,CLUSTER-0049,1,0.0,0,0,none
ACCT-001093,CLUSTER-0050,1,0.0,0,0,none
ACCT-000279,CLUSTER-0051,1,0.0,0,0,none
ACCT-001220,CLUSTER-0052,1,0.0,0,0,none
ACCT-001164,CLUSTER-0053,1,0.0,0,0,none
ACCT-000668,CLUSTER-0054,1,0.0,0,0,none
ACCT-002921,CLUSTER-0055,1,0.0,0,0,none
ACCT-001204,CLUSTER-0056,1,0.0,0,0,none
ACCT-000860,CLUSTER-0057,1,0.0,0,0,none
ACCT-001814,CLUSTER-0058,1,0.0,0,0,none
ACCT-002167,CLUSTER-0059,1,0.0,0,0,none
ACCT-000524,CLUSTER-0060,1,0.0,0,0,none
ACCT-000221,CLUSTER-0061,1,0.0,0,0,none
ACCT-003210,CLUSTER-0062,8,0.24,0,1,fraud_ring
ACCT-003211,CLUSTER-0062,8,0.24,0,1,fraud_ring
ACCT-003212,CLUSTER-0062,8,0.24,0,1,fraud_ring
ACCT-003213,CLUSTER-0062,8,0.24,0,1,fraud_ring
ACCT-003214,CLUSTER-0062,8,0.24,0,1,fraud_ring
ACCT-003215,CLUSTER-0062,8,0.24,0,1,fraud_ring
ACCT-003216,CLUSTER-0062,8,0.24,0,1,fraud_ring
ACCT-003217,CLUSTER-0062,8,0.24,0,1,fraud_ring
ACCT-001022,CLUSTER-0063,1,0.0,0,0,none
ACCT-001002,CLUSTER-0064,1,0.0,0,0,none
ACCT-000176,CLUSTER-0065,1,0.0,0,0,none
ACCT-001191,CLUSTER-0066,1,0.0,0,0,none
ACCT-001202,CLUSTER-0067,1,0.0,0,0,none
ACCT-001564,CLUSTER-0068,1,0.0,0,0,none
ACCT-002552,CLUSTER-0069,1,0.0,0,0,none
ACCT-002681,CLUSTER-0070,1,0.0,0,0,none
ACCT-000981,CLUSTER-0071,1,0.0,0,0,none
ACCT-000021,CLUSTER-0072,1,0.0,0,0,none
ACCT-001096,CLUSTER-0073,1,0.0,0,0,none
ACCT-001129,CLUSTER-0074,1,0.0,0,0,none
ACCT-002684,CLUSTER-0075,1,0.0,0,0,none
ACCT-002215,CLUSTER-0076,1,0.0,0,0,none
ACCT-002441,CLUSTER-0077,1,0.0,0,0,none
ACCT-001705,CLUSTER-0078,1,0.0,0,0,none
ACCT-000048,CLUSTER-0079,1,0.0,0,0,none
ACCT-003218,CLUSTER-0080,11,0.5379,1,1,fraud_ring
ACCT-003219,CLUSTER-0080,11,0.5379,1,1,fraud_ring
ACCT-003220,CLUSTER-0080,11,0.5379,1,1,fraud_ring
ACCT-003221,CLUSTER-0080,11,0.5379,1,1,fraud_ring
ACCT-003222,CLUSTER-0080,11,0.5379,1,1,fraud_ring
ACCT-003223,CLUSTER-0080,11,0.5379,1,1,fraud_ring
ACCT-003224,CLUSTER-0080,11,0.5379,1,1,fraud_ring
ACCT-003226,CLUSTER-0080,11,0.5379,1,1,fraud_ring
ACCT-003227,CLUSTER-0080,11,0.5379,1,1,fraud_ring
ACCT-003228,CLUSTER-0080,11,0.5379,1,1,fraud_ring
ACCT-003229,CLUSTER-0080,11,0.5379,1,1,fraud_ring
ACCT-001374,CLUSTER-0081,1,0.0,0,0,none
ACCT-000326,CLUSTER-0082,1,0.0,0,0,none
ACCT-002543,CLUSTER-0083,1,0.0,0,0,none
ACCT-001603,CLUSTER-0084,1,0.0,0,0,none
ACCT-002051,CLUSTER-0085,1,0.0,0,0,none
ACCT-002172,CLUSTER-0086,1,0.0,0,0,none
ACCT-000690,CLUSTER-0087,1,0.0,0,0,none
ACCT-003290,CLUSTER-0088,12,0.5042,1,1,fraud_ring
ACCT-003291,CLUSTER-0088,12,0.5042,1,1,fraud_ring
ACCT-003292,CLUSTER-0088,12,0.5042,1,1,fraud_ring
ACCT-003293,CLUSTER-0088,12,0.5042,1,1,fraud_ring
ACCT-003294,CLUSTER-0088,12,0.5042,1,1,fraud_ring
ACCT-003295,CLUSTER-0088,12,0.5042,1,1,fraud_ring
ACCT-003296,CLUSTER-0088,12,0.5042,1,1,fraud_ring
ACCT-003297,CLUSTER-0088,12,0.5042,1,1,fraud_ring
ACCT-003298,CLUSTER-0088,12,0.5042,1,1,fraud_ring
ACCT-003299,CLUSTER-0088,12,0.5042,1,1,fraud_ring
ACCT-003300,CLUSTER-0088,12,0.5042,1,1,fraud_ring
ACCT-003301,CLUSTER-0088,12,0.5042,1,1,fraud_ring
ACCT-001981,CLUSTER-0089,1,0.0,0,0,none
ACCT-000233,CLUSTER-0090,1,0.0,0,0,none
ACCT-003172,CLUSTER-0091,2,0.2817,0,0,legit_shared_device
ACCT-003173,CLUSTER-0091,2,0.2817,0,0,legit_shared_device
ACCT-002323,CLUSTER-0092,1,0.0,0,0,none
ACCT-000407,CLUSTER-0093,1,0.0,0,0,none
ACCT-001671,CLUSTER-0094,1,0.0,0,0,none
ACCT-001377,CLUSTER-0095,1,0.0,0,0,none
ACCT-003248,CLUSTER-0096,5,0.3808,0,1,fraud_ring
ACCT-003249,CLUSTER-0096,5,0.3808,0,1,fraud_ring
ACCT-003250,CLUSTER-0096,5,0.3808,0,1,fraud_ring
ACCT-003251,CLUSTER-0096,5,0.3808,0,1,fraud_ring
ACCT-003252,CLUSTER-0096,5,0.3808,0,1,fraud_ring
ACCT-000676,CLUSTER-0097,1,0.0,0,0,none
ACCT-000147,CLUSTER-0098,1,0.0,0,0,none
ACCT-001229,CLUSTER-0099,1,0.0,0,0,none
ACCT-001620,CLUSTER-0100,1,0.0,0,0,none
ACCT-001812,CLUSTER-0101,1,0.0,0,0,none
ACCT-000285,CLUSTER-0102,1,0.0,0,0,none
ACCT-002564,CLUSTER-0103,1,0.0,0,0,none
ACCT-000558,CLUSTER-0104,1,0.0,0,0,none
ACCT-001301,CLUSTER-0105,1,0.0,0,0,none
ACCT-001005,CLUSTER-0106,1,0.0,0,0,none
ACCT-000792,CLUSTER-0107,1,0.0,0,0,none
ACCT-002273,CLUSTER-0108,1,0.0,0,0,none
ACCT-000768,CLUSTER-0109,1,0.0,0,0,none
ACCT-001479,CLUSTER-0110,1,0.0,0,0,none
ACCT-001775,CLUSTER-0111,1,0.0,0,0,none
ACCT-000888,CLUSTER-0112,1,0.0,0,0,none
ACCT-003089,CLUSTER-0113,2,0.015,0,0,legit_shared_device
ACCT-003090,CLUSTER-0113,2,0.015,0,0,legit_shared_device
ACCT-003239,CLUSTER-0114,8,0.4546,0,1,fraud_ring
ACCT-003240,CLUSTER-0114,8,0.4546,0,1,fraud_ring
ACCT-003241,CLUSTER-0114,8,0.4546,0,1,fraud_ring
ACCT-003242,CLUSTER-0114,8,0.4546,0,1,fraud_ring
ACCT-003243,CLUSTER-0114,8,0.4546,0,1,fraud_ring
ACCT-003244,CLUSTER-0114,8,0.4546,0,1,fraud_ring
ACCT-003245,CLUSTER-0114,8,0.4546,0,1,fraud_ring
ACCT-003246,CLUSTER-0114,8,0.4546,0,1,fraud_ring
ACCT-002931,CLUSTER-0115,1,0.0,0,0,none
ACCT-001073,CLUSTER-0116,1,0.0,0,0,none
ACCT-000395,CLUSTER-0117,1,0.0,0,0,none
ACCT-001458,CLUSTER-0118,1,0.0,0,0,none
ACCT-002698,CLUSTER-0119,1,0.0,0,0,none
ACCT-000734,CLUSTER-0120,1,0.0,0,0,none
ACCT-000465,CLUSTER-0121,1,0.0,0,0,none
ACCT-000571,CLUSTER-0122,1,0.0,0,0,none
ACCT-002332,CLUSTER-0123,1,0.0,0,0,none
ACCT-003097,CLUSTER-0124,4,0.09,0,0,legit_shared_device
ACCT-003098,CLUSTER-0124,4,0.09,0,0,legit_shared_device
ACCT-003099,CLUSTER-0124,4,0.09,0,0,legit_shared_device
ACCT-003100,CLUSTER-0124,4,0.09,0,0,legit_shared_device
ACCT-000001,CLUSTER-0125,1,0.0,0,0,none
ACCT-003273,CLUSTER-0126,12,0.3,0,1,fraud_ring
ACCT-003274,CLUSTER-0126,12,0.3,0,1,fraud_ring
ACCT-003275,CLUSTER-0126,12,0.3,0,1,fraud_ring
ACCT-003276,CLUSTER-0126,12,0.3,0,1,fraud_ring
ACCT-003277,CLUSTER-0126,12,0.3,0,1,fraud_ring
ACCT-003278,CLUSTER-0126,12,0.3,0,1,fraud_ring
ACCT-003279,CLUSTER-0126,12,0.3,0,1,fraud_ring
ACCT-003280,CLUSTER-0126,12,0.3,0,1,fraud_ring
ACCT-003281,CLUSTER-0126,12,0.3,0,1,fraud_ring
ACCT-003282,CLUSTER-0126,12,0.3,0,1,fraud_ring
ACCT-003283,CLUSTER-0126,12,0.3,0,1,fraud_ring
ACCT-003284,CLUSTER-0126,12,0.3,0,1,fraud_ring
ACCT-002953,CLUSTER-0127,1,0.0,0,0,none
ACCT-001184,CLUSTER-0128,1,0.0,0,0,none
ACCT-002444,CLUSTER-0129,1,0.0,0,0,none
ACCT-001416,CLUSTER-0130,1,0.0,0,0,none
ACCT-000595,CLUSTER-0131,1,0.0,0,0,none
ACCT-001063,CLUSTER-0132,1,0.0,0,0,none
ACCT-003154,CLUSTER-0133,4,0.49,0,0,legit_shared_device
ACCT-003155,CLUSTER-0133,4,0.49,0,0,legit_shared_device
ACCT-003156,CLUSTER-0133,4,0.49,0,0,legit_shared_device
ACCT-003157,CLUSTER-0133,4,0.49,0,0,legit_shared_device
ACCT-000681,CLUSTER-0134,1,0.0,0,0,none
ACCT-000298,CLUSTER-0135,1,0.0,0,0,none
ACCT-000564,CLUSTER-0136,1,0.0,0,0,none
ACCT-000834,CLUSTER-0137,1,0.0,0,0,none
ACCT-002044,CLUSTER-0138,1,0.0,0,0,none
ACCT-000856,CLUSTER-0139,1,0.0,0,0,none
ACCT-000164,CLUSTER-0140,1,0.0,0,0,none
ACCT-001349,CLUSTER-0141,1,0.0,0,0,none
ACCT-000232,CLUSTER-0142,1,0.0,0,0,none
ACCT-002315,CLUSTER-0143,1,0.0,0,0,none
ACCT-002158,CLUSTER-0144,1,0.0,0,0,none
ACCT-001444,CLUSTER-0145,1,0.0,0,0,none
ACCT-000231,CLUSTER-0146,1,0.0,0,0,none
ACCT-001713,CLUSTER-0147,1,0.0,0,0,none
ACCT-001267,CLUSTER-0148,1,0.0,0,0,none
ACCT-000721,CLUSTER-0149,1,0.0,0,0,none
ACCT-002973,CLUSTER-0150,1,0.0,0,0,none
ACCT-002513,CLUSTER-0151,1,0.0,0,0,none
ACCT-002452,CLUSTER-0152,1,0.0,0,0,none
ACCT-002002,CLUSTER-0153,1,0.0,0,0,none
ACCT-002199,CLUSTER-0154,1,0.0,0,0,none
ACCT-002310,CLUSTER-0155,1,0.0,0,0,none
ACCT-003285,CLUSTER-0156,5,0.4208,0,1,fraud_ring
ACCT-003286,CLUSTER-0156,5,0.4208,0,1,fraud_ring
ACCT-003287,CLUSTER-0156,5,0.4208,0,1,fraud_ring
ACCT-003288,CLUSTER-0156,5,0.4208,0,1,fraud_ring
ACCT-003289,CLUSTER-0156,5,0.4208,0,1,fraud_ring
ACCT-000448,CLUSTER-0157,1,0.0,0,0,none
ACCT-003057,CLUSTER-0158,4,0.09,0,0,legit_shared_device
ACCT-003058,CLUSTER-0158,4,0.09,0,0,legit_shared_device
ACCT-003059,CLUSTER-0158,4,0.09,0,0,legit_shared_device
ACCT-003060,CLUSTER-0158,4,0.09,0,0,legit_shared_device
ACCT-000481,CLUSTER-0159,1,0.0,0,0,none
ACCT-002978,CLUSTER-0160,1,0.0,0,0,none
ACCT-002033,CLUSTER-0161,1,0.0,0,0,none
ACCT-002089,CLUSTER-0162,1,0.0,0,0,none
ACCT-003161,CLUSTER-0163,4,0.3692,0,0,legit_shared_device
ACCT-003162,CLUSTER-0163,4,0.3692,0,0,legit_shared_device
ACCT-003163,CLUSTER-0163,4,0.3692,0,0,legit_shared_device
ACCT-003164,CLUSTER-0163,4,0.3692,0,0,legit_shared_device
ACCT-002706,CLUSTER-0164,1,0.0,0,0,none
ACCT-001068,CLUSTER-0165,1,0.0,0,0,none
ACCT-001667,CLUSTER-0166,1,0.0,0,0,none
ACCT-000967,CLUSTER-0167,1,0.0,0,0,none
ACCT-002598,CLUSTER-0168,1,0.0,0,0,none
ACCT-000936,CLUSTER-0169,1,0.0,0,0,none
ACCT-002983,CLUSTER-0170,1,0.0,0,0,none
ACCT-001570,CLUSTER-0171,1,0.0,0,0,none
ACCT-002497,CLUSTER-0172,1,0.0,0,0,none
ACCT-000322,CLUSTER-0173,1,0.0,0,0,none
ACCT-002307,CLUSTER-0174,1,0.0,0,0,none
ACCT-002351,CLUSTER-0175,1,0.0,0,0,none
ACCT-002016,CLUSTER-0176,1,0.0,0,0,none
ACCT-000642,CLUSTER-0177,2,0.015,0,0,none
ACCT-002179,CLUSTER-0177,2,0.015,0,0,none
ACCT-001196,CLUSTER-0178,1,0.0,0,0,none
ACCT-003322,CLUSTER-0179,6,0.44,0,1,fraud_ring
ACCT-003323,CLUSTER-0179,6,0.44,0,1,fraud_ring
ACCT-003324,CLUSTER-0179,6,0.44,0,1,fraud_ring
ACCT-003325,CLUSTER-0179,6,0.44,0,1,fraud_ring
ACCT-003326,CLUSTER-0179,6,0.44,0,1,fraud_ring
ACCT-003327,CLUSTER-0179,6,0.44,0,1,fraud_ring
ACCT-002265,CLUSTER-0180,1,0.0,0,0,none
ACCT-000651,CLUSTER-0181,1,0.0,0,0,none
ACCT-001845,CLUSTER-0182,1,0.0,0,0,none
ACCT-002466,CLUSTER-0183,1,0.0,0,0,none
ACCT-000184,CLUSTER-0184,1,0.0,0,0,none
ACCT-001148,CLUSTER-0185,1,0.0,0,0,none
ACCT-002209,CLUSTER-0186,1,0.0,0,0,none
ACCT-002115,CLUSTER-0187,1,0.0,0,0,none
ACCT-002933,CLUSTER-0188,1,0.0,0,0,none
ACCT-001350,CLUSTER-0189,1,0.0,0,0,none
ACCT-002517,CLUSTER-0190,1,0.0,0,0,none
ACCT-003302,CLUSTER-0191,8,0.24,0,1,fraud_ring
ACCT-003303,CLUSTER-0191,8,0.24,0,1,fraud_ring
ACCT-003304,CLUSTER-0191,8,0.24,0,1,fraud_ring
ACCT-003305,CLUSTER-0191,8,0.24,0,1,fraud_ring
ACCT-003306,CLUSTER-0191,8,0.24,0,1,fraud_ring
ACCT-003307,CLUSTER-0191,8,0.24,0,1,fraud_ring
ACCT-003308,CLUSTER-0191,8,0.24,0,1,fraud_ring
ACCT-003309,CLUSTER-0191,8,0.24,0,1,fraud_ring
ACCT-000890,CLUSTER-0192,1,0.0,0,0,none
ACCT-001407,CLUSTER-0193,1,0.0,0,0,none
ACCT-001558,CLUSTER-0194,1,0.0,0,0,none
ACCT-002263,CLUSTER-0195,1,0.0,0,0,none
ACCT-002246,CLUSTER-0196,1,0.0,0,0,none
ACCT-001654,CLUSTER-0197,1,0.0,0,0,none
ACCT-002890,CLUSTER-0198,1,0.0,0,0,none
ACCT-001168,CLUSTER-0199,1,0.0,0,0,none
ACCT-000682,CLUSTER-0200,1,0.0,0,0,none
ACCT-000908,CLUSTER-0201,1,0.0,0,0,none
ACCT-001315,CLUSTER-0202,1,0.0,0,0,none
ACCT-001263,CLUSTER-0203,1,0.0,0,0,none
ACCT-003316,CLUSTER-0204,6,0.165,0,1,fraud_ring
ACCT-003317,CLUSTER-0204,6,0.165,0,1,fraud_ring
ACCT-003318,CLUSTER-0204,6,0.165,0,1,fraud_ring
ACCT-003319,CLUSTER-0204,6,0.165,0,1,fraud_ring
ACCT-003320,CLUSTER-0204,6,0.165,0,1,fraud_ring
ACCT-003321,CLUSTER-0204,6,0.165,0,1,fraud_ring
ACCT-001631,CLUSTER-0205,1,0.0,0,0,none
ACCT-001090,CLUSTER-0206,1,0.0,0,0,none
ACCT-000479,CLUSTER-0207,1,0.0,0,0,none
ACCT-002780,CLUSTER-0208,1,0.0,0,0,none
ACCT-001674,CLUSTER-0209,1,0.0,0,0,none
ACCT-001988,CLUSTER-0210,1,0.0,0,0,none
ACCT-000171,CLUSTER-0211,1,0.0,0,0,none
ACCT-000010,CLUSTER-0212,1,0.0,0,0,none
ACCT-000243,CLUSTER-0213,1,0.0,0,0,none
ACCT-002178,CLUSTER-0214,1,0.0,0,0,none
ACCT-001016,CLUSTER-0215,1,0.0,0,0,none
ACCT-000357,CLUSTER-0216,1,0.0,0,0,none
ACCT-001497,CLUSTER-0217,1,0.0,0,0,none
ACCT-000920,CLUSTER-0218,1,0.0,0,0,none
ACCT-000696,CLUSTER-0219,1,0.0,0,0,none
ACCT-002638,CLUSTER-0220,1,0.0,0,0,none
ACCT-001860,CLUSTER-0221,1,0.0,0,0,none
ACCT-001612,CLUSTER-0222,1,0.0,0,0,none
ACCT-002380,CLUSTER-0223,1,0.0,0,0,none
ACCT-000547,CLUSTER-0224,1,0.0,0,0,none
ACCT-000798,CLUSTER-0225,1,0.0,0,0,none
ACCT-002258,CLUSTER-0226,1,0.0,0,0,none
ACCT-000379,CLUSTER-0227,1,0.0,0,0,none
ACCT-001625,CLUSTER-0228,1,0.0,0,0,none
ACCT-000654,CLUSTER-0229,1,0.0,0,0,none
ACCT-001806,CLUSTER-0230,1,0.0,0,0,none
ACCT-000875,CLUSTER-0231,1,0.0,0,0,none
ACCT-001920,CLUSTER-0232,1,0.0,0,0,none
ACCT-001534,CLUSTER-0233,1,0.0,0,0,none
ACCT-001911,CLUSTER-0234,1,0.0,0,0,none
ACCT-001772,CLUSTER-0235,1,0.0,0,0,none
ACCT-001799,CLUSTER-0236,1,0.0,0,0,none
ACCT-001828,CLUSTER-0237,1,0.0,0,0,none
ACCT-000007,CLUSTER-0238,1,0.0,0,0,none
ACCT-002669,CLUSTER-0239,1,0.0,0,0,none
ACCT-001476,CLUSTER-0240,1,0.0,0,0,none
ACCT-000080,CLUSTER-0241,1,0.0,0,0,none
ACCT-003121,CLUSTER-0242,4,0.09,0,0,legit_shared_device
ACCT-003122,CLUSTER-0242,4,0.09,0,0,legit_shared_device
ACCT-003123,CLUSTER-0242,4,0.09,0,0,legit_shared_device
ACCT-003124,CLUSTER-0242,4,0.09,0,0,legit_shared_device
ACCT-001900,CLUSTER-0243,1,0.0,0,0,none
ACCT-000296,CLUSTER-0244,1,0.0,0,0,none
ACCT-000339,CLUSTER-0245,1,0.0,0,0,none
ACCT-002730,CLUSTER-0246,1,0.0,0,0,none
ACCT-000427,CLUSTER-0247,1,0.0,0,0,none
ACCT-002879,CLUSTER-0248,1,0.0,0,0,none
ACCT-003095,CLUSTER-0249,2,0.3317,0,0,legit_shared_device
ACCT-003096,CLUSTER-0249,2,0.3317,0,0,legit_shared_device
ACCT-000087,CLUSTER-0250,1,0.0,0,0,none
ACCT-000433,CLUSTER-0251,1,0.0,0,0,none
ACCT-001091,CLUSTER-0252,1,0.0,0,0,none
ACCT-001436,CLUSTER-0253,1,0.0,0,0,none
ACCT-001535,CLUSTER-0254,1,0.0,0,0,none
ACCT-002346,CLUSTER-0255,1,0.0,0,0,none
ACCT-000948,CLUSTER-0256,1,0.0,0,0,none
ACCT-001394,CLUSTER-0257,1,0.0,0,0,none
ACCT-000166,CLUSTER-0258,1,0.0,0,0,none
ACCT-001334,CLUSTER-0259,1,0.0,0,0,none
ACCT-003085,CLUSTER-0260,4,0.09,0,0,legit_shared_device
ACCT-003086,CLUSTER-0260,4,0.09,0,0,legit_shared_device
ACCT-003087,CLUSTER-0260,4,0.09,0,0,legit_shared_device
ACCT-003088,CLUSTER-0260,4,0.09,0,0,legit_shared_device
ACCT-001158,CLUSTER-0261,1,0.0,0,0,none
ACCT-000984,CLUSTER-0262,1,0.0,0,0,none
ACCT-002319,CLUSTER-0263,1,0.0,0,0,none
ACCT-002196,CLUSTER-0264,1,0.0,0,0,none
ACCT-003030,CLUSTER-0265,4,0.09,0,0,legit_shared_device
ACCT-003031,CLUSTER-0265,4,0.09,0,0,legit_shared_device
ACCT-003032,CLUSTER-0265,4,0.09,0,0,legit_shared_device
ACCT-003033,CLUSTER-0265,4,0.09,0,0,legit_shared_device
ACCT-000691,CLUSTER-0266,1,0.0,0,0,none
ACCT-001600,CLUSTER-0267,1,0.0,0,0,none
ACCT-002367,CLUSTER-0268,1,0.0,0,0,none
ACCT-000413,CLUSTER-0269,1,0.0,0,0,none
ACCT-000820,CLUSTER-0270,1,0.0,0,0,none
ACCT-001731,CLUSTER-0271,1,0.0,0,0,none
ACCT-000518,CLUSTER-0272,1,0.0,0,0,none
ACCT-001423,CLUSTER-0273,1,0.0,0,0,none
ACCT-001714,CLUSTER-0274,1,0.0,0,0,none
ACCT-001849,CLUSTER-0275,1,0.0,0,0,none
ACCT-001819,CLUSTER-0276,1,0.0,0,0,none
ACCT-001097,CLUSTER-0277,1,0.0,0,0,none
ACCT-002408,CLUSTER-0278,1,0.0,0,0,none
ACCT-002611,CLUSTER-0279,1,0.0,0,0,none
ACCT-003108,CLUSTER-0280,3,0.0525,0,0,legit_shared_device
ACCT-003109,CLUSTER-0280,3,0.0525,0,0,legit_shared_device
ACCT-003110,CLUSTER-0280,3,0.0525,0,0,legit_shared_device
ACCT-000330,CLUSTER-0281,1,0.0,0,0,none
ACCT-001965,CLUSTER-0282,1,0.0,0,0,none
ACCT-002930,CLUSTER-0283,1,0.0,0,0,none
ACCT-000884,CLUSTER-0284,1,0.0,0,0,none
ACCT-000937,CLUSTER-0285,1,0.0,0,0,none
ACCT-000165,CLUSTER-0286,1,0.0,0,0,none
ACCT-002901,CLUSTER-0287,1,0.0,0,0,none
ACCT-002900,CLUSTER-0288,1,0.0,0,0,none
ACCT-002956,CLUSTER-0289,1,0.0,0,0,none
ACCT-002859,CLUSTER-0290,1,0.0,0,0,none
ACCT-001719,CLUSTER-0291,1,0.0,0,0,none
ACCT-001432,CLUSTER-0292,1,0.0,0,0,none
ACCT-001624,CLUSTER-0293,1,0.0,0,0,none
ACCT-001958,CLUSTER-0294,1,0.0,0,0,none
ACCT-000946,CLUSTER-0295,1,0.0,0,0,none
ACCT-001074,CLUSTER-0296,1,0.0,0,0,none
ACCT-002775,CLUSTER-0297,1,0.0,0,0,none
ACCT-001040,CLUSTER-0298,1,0.0,0,0,none
ACCT-000228,CLUSTER-0299,1,0.0,0,0,none
ACCT-002465,CLUSTER-0300,1,0.0,0,0,none
ACCT-002074,CLUSTER-0301,1,0.0,0,0,none
ACCT-001192,CLUSTER-0302,1,0.0,0,0,none
ACCT-000515,CLUSTER-0303,1,0.0,0,0,none
ACCT-001897,CLUSTER-0304,1,0.0,0,0,none
ACCT-002675,CLUSTER-0305,1,0.0,0,0,none
ACCT-002177,CLUSTER-0306,1,0.0,0,0,none
ACCT-000735,CLUSTER-0307,1,0.0,0,0,none
ACCT-000454,CLUSTER-0308,1,0.0,0,0,none
ACCT-000429,CLUSTER-0309,1,0.0,0,0,none
ACCT-000431,CLUSTER-0310,1,0.0,0,0,none
ACCT-001673,CLUSTER-0311,1,0.0,0,0,none
ACCT-001560,CLUSTER-0312,1,0.0,0,0,none
ACCT-003082,CLUSTER-0313,3,0.0525,0,0,legit_shared_device
ACCT-003083,CLUSTER-0313,3,0.0525,0,0,legit_shared_device
ACCT-003084,CLUSTER-0313,3,0.0525,0,0,legit_shared_device
ACCT-001368,CLUSTER-0314,1,0.0,0,0,none
ACCT-002032,CLUSTER-0315,1,0.0,0,0,none
ACCT-001733,CLUSTER-0316,1,0.0,0,0,none
ACCT-003135,CLUSTER-0317,4,0.09,0,0,legit_shared_device
ACCT-003136,CLUSTER-0317,4,0.09,0,0,legit_shared_device
ACCT-003137,CLUSTER-0317,4,0.09,0,0,legit_shared_device
ACCT-003138,CLUSTER-0317,4,0.09,0,0,legit_shared_device
ACCT-000222,CLUSTER-0318,1,0.0,0,0,none
ACCT-000614,CLUSTER-0319,1,0.0,0,0,none
ACCT-001272,CLUSTER-0320,1,0.0,0,0,none
ACCT-000959,CLUSTER-0321,1,0.0,0,0,none
ACCT-001913,CLUSTER-0322,1,0.0,0,0,none
ACCT-002102,CLUSTER-0323,1,0.0,0,0,none
ACCT-000954,CLUSTER-0324,1,0.0,0,0,none
ACCT-000647,CLUSTER-0325,1,0.0,0,0,none
ACCT-001442,CLUSTER-0326,1,0.0,0,0,none
ACCT-003008,CLUSTER-0327,4,0.3567,0,0,legit_shared_device
ACCT-003009,CLUSTER-0327,4,0.3567,0,0,legit_shared_device
ACCT-003010,CLUSTER-0327,4,0.3567,0,0,legit_shared_device
ACCT-003011,CLUSTER-0327,4,0.3567,0,0,legit_shared_device
ACCT-001485,CLUSTER-0328,1,0.0,0,0,none
ACCT-001754,CLUSTER-0329,1,0.0,0,0,none
ACCT-000797,CLUSTER-0330,1,0.0,0,0,none
ACCT-000841,CLUSTER-0331,1,0.0,0,0,none
ACCT-002057,CLUSTER-0332,1,0.0,0,0,none
ACCT-002368,CLUSTER-0333,1,0.0,0,0,none
ACCT-001404,CLUSTER-0334,1,0.0,0,0,none
ACCT-000098,CLUSTER-0335,1,0.0,0,0,none
ACCT-001810,CLUSTER-0336,1,0.0,0,0,none
ACCT-001658,CLUSTER-0337,1,0.0,0,0,none
ACCT-002240,CLUSTER-0338,1,0.0,0,0,none
ACCT-001712,CLUSTER-0339,1,0.0,0,0,none
ACCT-001343,CLUSTER-0340,1,0.0,0,0,none
ACCT-002671,CLUSTER-0341,1,0.0,0,0,none
ACCT-002401,CLUSTER-0342,1,0.0,0,0,none
ACCT-002833,CLUSTER-0343,1,0.0,0,0,none
ACCT-002166,CLUSTER-0344,1,0.0,0,0,none
ACCT-000179,CLUSTER-0345,1,0.0,0,0,none
ACCT-001952,CLUSTER-0346,1,0.0,0,0,none
ACCT-001639,CLUSTER-0347,1,0.0,0,0,none
ACCT-000116,CLUSTER-0348,1,0.0,0,0,none
ACCT-002248,CLUSTER-0349,1,0.0,0,0,none
ACCT-000590,CLUSTER-0350,1,0.0,0,0,none
ACCT-000652,CLUSTER-0351,1,0.0,0,0,none
ACCT-001221,CLUSTER-0352,1,0.0,0,0,none
ACCT-002386,CLUSTER-0353,1,0.0,0,0,none
ACCT-000782,CLUSTER-0354,1,0.0,0,0,none
ACCT-000287,CLUSTER-0355,1,0.0,0,0,none
ACCT-002566,CLUSTER-0356,1,0.0,0,0,none
ACCT-002829,CLUSTER-0357,1,0.0,0,0,none
ACCT-001157,CLUSTER-0358,1,0.0,0,0,none
ACCT-000112,CLUSTER-0359,1,0.0,0,0,none
ACCT-001429,CLUSTER-0360,2,0.015,0,0,none
ACCT-002760,CLUSTER-0360,2,0.015,0,0,none
ACCT-001971,CLUSTER-0361,1,0.0,0,0,none
ACCT-000367,CLUSTER-0362,1,0.0,0,0,none
ACCT-000121,CLUSTER-0363,1,0.0,0,0,none
ACCT-001998,CLUSTER-0364,1,0.0,0,0,none
ACCT-000069,CLUSTER-0365,1,0.0,0,0,none
ACCT-001966,CLUSTER-0366,1,0.0,0,0,none
ACCT-002498,CLUSTER-0367,1,0.0,0,0,none
ACCT-002260,CLUSTER-0368,1,0.0,0,0,none
ACCT-000281,CLUSTER-0369,1,0.0,0,0,none
ACCT-000983,CLUSTER-0370,1,0.0,0,0,none
ACCT-002359,CLUSTER-0371,1,0.0,0,0,none
ACCT-001317,CLUSTER-0372,1,0.0,0,0,none
ACCT-001470,CLUSTER-0373,1,0.0,0,0,none
ACCT-003265,CLUSTER-0374,7,0.2025,0,1,fraud_ring
ACCT-003266,CLUSTER-0374,7,0.2025,0,1,fraud_ring
ACCT-003267,CLUSTER-0374,7,0.2025,0,1,fraud_ring
ACCT-003269,CLUSTER-0374,7,0.2025,0,1,fraud_ring
ACCT-003270,CLUSTER-0374,7,0.2025,0,1,fraud_ring
ACCT-003271,CLUSTER-0374,7,0.2025,0,1,fraud_ring
ACCT-003272,CLUSTER-0374,7,0.2025,0,1,fraud_ring
ACCT-000976,CLUSTER-0375,1,0.0,0,0,none
ACCT-002472,CLUSTER-0376,1,0.0,0,0,none
ACCT-000473,CLUSTER-0377,1,0.0,0,0,none
ACCT-001294,CLUSTER-0378,1,0.0,0,0,none
ACCT-002431,CLUSTER-0379,1,0.0,0,0,none
ACCT-000074,CLUSTER-0380,1,0.0,0,0,none
ACCT-000318,CLUSTER-0381,1,0.0,0,0,none
ACCT-001557,CLUSTER-0382,1,0.0,0,0,none
ACCT-000386,CLUSTER-0383,1,0.0,0,0,none
ACCT-001181,CLUSTER-0384,1,0.0,0,0,none
ACCT-000864,CLUSTER-0385,1,0.0,0,0,none
ACCT-002952,CLUSTER-0386,1,0.0,0,0,none
ACCT-000377,CLUSTER-0387,1,0.0,0,0,none
ACCT-000704,CLUSTER-0388,1,0.0,0,0,none
ACCT-001518,CLUSTER-0389,1,0.0,0,0,none
ACCT-000993,CLUSTER-0390,1,0.0,0,0,none
ACCT-001523,CLUSTER-0391,1,0.0,0,0,none
ACCT-002680,CLUSTER-0392,1,0.0,0,0,none
ACCT-000904,CLUSTER-0393,1,0.0,0,0,none
ACCT-001171,CLUSTER-0394,1,0.0,0,0,none
ACCT-001743,CLUSTER-0395,1,0.0,0,0,none
ACCT-002170,CLUSTER-0396,1,0.0,0,0,none
ACCT-000150,CLUSTER-0397,1,0.0,0,0,none
ACCT-001736,CLUSTER-0398,1,0.0,0,0,none
ACCT-001725,CLUSTER-0399,1,0.0,0,0,none
ACCT-000444,CLUSTER-0400,1,0.0,0,0,none
ACCT-000603,CLUSTER-0401,1,0.0,0,0,none
ACCT-001611,CLUSTER-0402,1,0.0,0,0,none
ACCT-000030,CLUSTER-0403,1,0.0,0,0,none
ACCT-000013,CLUSTER-0404,1,0.0,0,0,none
ACCT-002602,CLUSTER-0405,1,0.0,0,0,none
ACCT-000187,CLUSTER-0406,1,0.0,0,0,none
ACCT-002549,CLUSTER-0407,1,0.0,0,0,none
ACCT-002434,CLUSTER-0408,1,0.0,0,0,none
ACCT-002061,CLUSTER-0409,1,0.0,0,0,none
ACCT-002951,CLUSTER-0410,1,0.0,0,0,none
ACCT-003191,CLUSTER-0411,4,0.3233,0,1,fraud_ring
ACCT-003192,CLUSTER-0411,4,0.3233,0,1,fraud_ring
ACCT-003193,CLUSTER-0411,4,0.3233,0,1,fraud_ring
ACCT-003194,CLUSTER-0411,4,0.3233,0,1,fraud_ring
ACCT-002230,CLUSTER-0412,1,0.0,0,0,none
ACCT-000160,CLUSTER-0413,1,0.0,0,0,none
ACCT-000172,CLUSTER-0414,1,0.0,0,0,none
ACCT-000496,CLUSTER-0415,1,0.0,0,0,none
ACCT-001734,CLUSTER-0416,1,0.0,0,0,none
ACCT-000195,CLUSTER-0417,1,0.0,0,0,none
ACCT-002567,CLUSTER-0418,1,0.0,0,0,none
ACCT-001174,CLUSTER-0419,1,0.0,0,0,none
ACCT-002757,CLUSTER-0420,1,0.0,0,0,none
ACCT-003036,CLUSTER-0421,2,0.015,0,0,legit_shared_device
ACCT-003037,CLUSTER-0421,2,0.015,0,0,legit_shared_device
ACCT-002495,CLUSTER-0422,1,0.0,0,0,none
ACCT-001879,CLUSTER-0423,1,0.0,0,0,none
ACCT-000315,CLUSTER-0424,1,0.0,0,0,none
ACCT-001108,CLUSTER-0425,1,0.0,0,0,none
ACCT-000151,CLUSTER-0426,1,0.0,0,0,none
ACCT-001930,CLUSTER-0427,1,0.0,0,0,none
ACCT-000467,CLUSTER-0428,1,0.0,0,0,none
ACCT-002261,CLUSTER-0429,1,0.0,0,0,none
ACCT-002084,CLUSTER-0430,1,0.0,0,0,none
ACCT-001902,CLUSTER-0431,1,0.0,0,0,none
ACCT-002120,CLUSTER-0432,1,0.0,0,0,none
ACCT-002788,CLUSTER-0433,1,0.0,0,0,none
ACCT-003047,CLUSTER-0434,2,0.015,0,0,legit_shared_device
ACCT-003048,CLUSTER-0434,2,0.015,0,0,legit_shared_device
ACCT-000134,CLUSTER-0435,1,0.0,0,0,none
ACCT-002737,CLUSTER-0436,1,0.0,0,0,none
ACCT-001546,CLUSTER-0437,1,0.0,0,0,none
ACCT-001898,CLUSTER-0438,1,0.0,0,0,none
ACCT-001438,CLUSTER-0439,1,0.0,0,0,none
ACCT-002591,CLUSTER-0440,1,0.0,0,0,none
ACCT-000464,CLUSTER-0441,1,0.0,0,0,none
ACCT-001082,CLUSTER-0442,1,0.0,0,0,none
ACCT-000468,CLUSTER-0443,1,0.0,0,0,none
ACCT-000759,CLUSTER-0444,1,0.0,0,0,none
ACCT-002857,CLUSTER-0445,1,0.0,0,0,none
ACCT-000354,CLUSTER-0446,1,0.0,0,0,none
ACCT-002651,CLUSTER-0447,1,0.0,0,0,none
ACCT-001539,CLUSTER-0448,1,0.0,0,0,none
ACCT-002670,CLUSTER-0449,1,0.0,0,0,none
ACCT-001276,CLUSTER-0450,1,0.0,0,0,none
ACCT-002913,CLUSTER-0451,1,0.0,0,0,none
ACCT-001607,CLUSTER-0452,1,0.0,0,0,none
ACCT-003016,CLUSTER-0453,4,0.09,0,0,legit_shared_device
ACCT-003017,CLUSTER-0453,4,0.09,0,0,legit_shared_device
ACCT-003018,CLUSTER-0453,4,0.09,0,0,legit_shared_device
ACCT-003019,CLUSTER-0453,4,0.09,0,0,legit_shared_device
ACCT-002349,CLUSTER-0454,1,0.0,0,0,none
ACCT-001763,CLUSTER-0455,1,0.0,0,0,none
ACCT-000560,CLUSTER-0456,1,0.0,0,0,none
ACCT-001486,CLUSTER-0457,1,0.0,0,0,none
ACCT-001251,CLUSTER-0458,1,0.0,0,0,none
ACCT-002650,CLUSTER-0459,1,0.0,0,0,none
ACCT-001791,CLUSTER-0460,1,0.0,0,0,none
ACCT-000622,CLUSTER-0461,1,0.0,0,0,none
ACCT-002809,CLUSTER-0462,1,0.0,0,0,none
ACCT-000770,CLUSTER-0463,1,0.0,0,0,none
ACCT-001745,CLUSTER-0464,1,0.0,0,0,none
ACCT-002941,CLUSTER-0465,1,0.0,0,0,none
ACCT-001084,CLUSTER-0466,1,0.0,0,0,none
ACCT-001330,CLUSTER-0467,1,0.0,0,0,none
ACCT-001905,CLUSTER-0468,1,0.0,0,0,none
ACCT-002980,CLUSTER-0469,1,0.0,0,0,none
ACCT-000522,CLUSTER-0470,1,0.0,0,0,none
ACCT-002971,CLUSTER-0471,1,0.0,0,0,none
ACCT-000895,CLUSTER-0472,1,0.0,0,0,none
ACCT-000300,CLUSTER-0473,1,0.0,0,0,none
ACCT-000096,CLUSTER-0474,1,0.0,0,0,none
ACCT-002643,CLUSTER-0475,1,0.0,0,0,none
ACCT-001824,CLUSTER-0476,1,0.0,0,0,none
ACCT-000192,CLUSTER-0477,1,0.0,0,0,none
ACCT-002912,CLUSTER-0478,1,0.0,0,0,none
ACCT-000627,CLUSTER-0479,1,0.0,0,0,none
ACCT-002525,CLUSTER-0480,1,0.0,0,0,none
ACCT-002396,CLUSTER-0481,1,0.0,0,0,none
ACCT-003106,CLUSTER-0482,2,0.015,0,0,legit_shared_device
ACCT-003107,CLUSTER-0482,2,0.015,0,0,legit_shared_device
ACCT-001318,CLUSTER-0483,1,0.0,0,0,none
ACCT-003174,CLUSTER-0484,2,0.2817,0,0,legit_shared_device
ACCT-003175,CLUSTER-0484,2,0.2817,0,0,legit_shared_device
ACCT-002501,CLUSTER-0485,1,0.0,0,0,none
ACCT-002477,CLUSTER-0486,1,0.0,0,0,none
ACCT-002577,CLUSTER-0487,1,0.0,0,0,none
ACCT-002739,CLUSTER-0488,1,0.0,0,0,none
ACCT-002667,CLUSTER-0489,1,0.0,0,0,none
ACCT-003044,CLUSTER-0490,3,0.4525,0,0,legit_shared_device
ACCT-003045,CLUSTER-0490,3,0.4525,0,0,legit_shared_device
ACCT-003046,CLUSTER-0490,3,0.4525,0,0,legit_shared_device
ACCT-000607,CLUSTER-0491,1,0.0,0,0,none
ACCT-000220,CLUSTER-0492,1,0.0,0,0,none
ACCT-001510,CLUSTER-0493,1,0.0,0,0,none
ACCT-002083,CLUSTER-0494,1,0.0,0,0,none
ACCT-001841,CLUSTER-0495,1,0.0,0,0,none
ACCT-001817,CLUSTER-0496,1,0.0,0,0,none
ACCT-002666,CLUSTER-0497,1,0.0,0,0,none
ACCT-002717,CLUSTER-0498,1,0.0,0,0,none
ACCT-002333,CLUSTER-0499,1,0.0,0,0,none
ACCT-001970,CLUSTER-0500,1,0.0,0,0,none
ACCT-000581,CLUSTER-0501,1,0.0,0,0,none
ACCT-003158,CLUSTER-0502,3,0.0525,0,0,legit_shared_device
ACCT-003159,CLUSTER-0502,3,0.0525,0,0,legit_shared_device
ACCT-003160,CLUSTER-0502,3,0.0525,0,0,legit_shared_device
ACCT-002893,CLUSTER-0503,1,0.0,0,0,none
ACCT-000262,CLUSTER-0504,1,0.0,0,0,none
ACCT-002107,CLUSTER-0505,1,0.0,0,0,none
ACCT-001388,CLUSTER-0506,1,0.0,0,0,none
ACCT-001778,CLUSTER-0507,1,0.0,0,0,none
ACCT-002481,CLUSTER-0508,1,0.0,0,0,none
ACCT-001953,CLUSTER-0509,1,0.0,0,0,none
ACCT-002855,CLUSTER-0510,1,0.0,0,0,none
ACCT-001379,CLUSTER-0511,1,0.0,0,0,none
ACCT-002371,CLUSTER-0512,1,0.0,0,0,none
ACCT-002007,CLUSTER-0513,1,0.0,0,0,none
ACCT-002211,CLUSTER-0514,1,0.0,0,0,none
ACCT-000956,CLUSTER-0515,1,0.0,0,0,none
ACCT-002729,CLUSTER-0516,1,0.0,0,0,none
ACCT-002188,CLUSTER-0517,1,0.0,0,0,none
ACCT-002279,CLUSTER-0518,1,0.0,0,0,none
ACCT-002541,CLUSTER-0519,1,0.0,0,0,none
ACCT-002090,CLUSTER-0520,1,0.0,0,0,none
ACCT-002475,CLUSTER-0521,1,0.0,0,0,none
ACCT-002155,CLUSTER-0522,1,0.0,0,0,none
ACCT-001316,CLUSTER-0523,1,0.0,0,0,none
ACCT-000945,CLUSTER-0524,1,0.0,0,0,none
ACCT-000174,CLUSTER-0525,1,0.0,0,0,none
ACCT-002707,CLUSTER-0526,1,0.0,0,0,none
ACCT-002813,CLUSTER-0527,1,0.0,0,0,none
ACCT-001838,CLUSTER-0528,1,0.0,0,0,none
ACCT-002099,CLUSTER-0529,1,0.0,0,0,none
ACCT-003204,CLUSTER-0530,6,0.315,0,1,fraud_ring
ACCT-003205,CLUSTER-0530,6,0.315,0,1,fraud_ring
ACCT-003206,CLUSTER-0530,6,0.315,0,1,fraud_ring
ACCT-003207,CLUSTER-0530,6,0.315,0,1,fraud_ring
ACCT-003208,CLUSTER-0530,6,0.315,0,1,fraud_ring
ACCT-003209,CLUSTER-0530,6,0.315,0,1,fraud_ring
ACCT-000604,CLUSTER-0531,1,0.0,0,0,none
ACCT-002724,CLUSTER-0532,1,0.0,0,0,none
ACCT-002488,CLUSTER-0533,1,0.0,0,0,none
ACCT-002063,CLUSTER-0534,1,0.0,0,0,none
ACCT-002877,CLUSTER-0535,1,0.0,0,0,none
ACCT-002423,CLUSTER-0536,1,0.0,0,0,none
ACCT-001000,CLUSTER-0537,1,0.0,0,0,none
ACCT-002157,CLUSTER-0538,1,0.0,0,0,none
ACCT-002518,CLUSTER-0539,1,0.0,0,0,none
ACCT-001492,CLUSTER-0540,1,0.0,0,0,none
ACCT-001576,CLUSTER-0541,1,0.0,0,0,none
ACCT-000977,CLUSTER-0542,1,0.0,0,0,none
ACCT-000688,CLUSTER-0543,1,0.0,0,0,none
ACCT-001403,CLUSTER-0544,1,0.0,0,0,none
ACCT-002364,CLUSTER-0545,1,0.0,0,0,none
ACCT-002758,CLUSTER-0546,1,0.0,0,0,none
ACCT-002960,CLUSTER-0547,1,0.0,0,0,none
ACCT-000418,CLUSTER-0548,1,0.0,0,0,none
ACCT-003071,CLUSTER-0549,4,0.09,0,0,legit_shared_device
ACCT-003072,CLUSTER-0549,4,0.09,0,0,legit_shared_device
ACCT-003073,CLUSTER-0549,4,0.09,0,0,legit_shared_device
ACCT-003074,CLUSTER-0549,4,0.09,0,0,legit_shared_device
ACCT-002816,CLUSTER-0550,1,0.0,0,0,none
ACCT-002136,CLUSTER-0551,1,0.0,0,0,none
ACCT-000638,CLUSTER-0552,1,0.0,0,0,none
ACCT-001322,CLUSTER-0553,1,0.0,0,0,none
ACCT-003230,CLUSTER-0554,9,0.5719,1,1,fraud_ring
ACCT-003231,CLUSTER-0554,9,0.5719,1,1,fraud_ring
ACCT-003232,CLUSTER-0554,9,0.5719,1,1,fraud_ring
ACCT-003233,CLUSTER-0554,9,0.5719,1,1,fraud_ring
ACCT-003234,CLUSTER-0554,9,0.5719,1,1,fraud_ring
ACCT-003235,CLUSTER-0554,9,0.5719,1,1,fraud_ring
ACCT-003236,CLUSTER-0554,9,0.5719,1,1,fraud_ring
ACCT-003237,CLUSTER-0554,9,0.5719,1,1,fraud_ring
ACCT-003238,CLUSTER-0554,9,0.5719,1,1,fraud_ring
ACCT-002606,CLUSTER-0555,1,0.0,0,0,none
ACCT-000005,CLUSTER-0556,1,0.0,0,0,none
ACCT-000600,CLUSTER-0557,1,0.0,0,0,none
ACCT-000756,CLUSTER-0558,1,0.0,0,0,none
ACCT-002693,CLUSTER-0559,1,0.0,0,0,none
ACCT-002963,CLUSTER-0560,1,0.0,0,0,none
ACCT-001131,CLUSTER-0561,1,0.0,0,0,none
ACCT-002103,CLUSTER-0562,1,0.0,0,0,none
ACCT-001253,CLUSTER-0563,1,0.0,0,0,none
ACCT-000584,CLUSTER-0564,1,0.0,0,0,none
ACCT-000730,CLUSTER-0565,1,0.0,0,0,none
ACCT-001297,CLUSTER-0566,1,0.0,0,0,none
ACCT-001816,CLUSTER-0567,1,0.0,0,0,none
ACCT-002993,CLUSTER-0568,1,0.0,0,0,none
ACCT-002238,CLUSTER-0569,1,0.0,0,0,none
ACCT-003310,CLUSTER-0570,6,0.165,0,1,fraud_ring
ACCT-003311,CLUSTER-0570,6,0.165,0,1,fraud_ring
ACCT-003312,CLUSTER-0570,6,0.165,0,1,fraud_ring
ACCT-003313,CLUSTER-0570,6,0.165,0,1,fraud_ring
ACCT-003314,CLUSTER-0570,6,0.165,0,1,fraud_ring
ACCT-003315,CLUSTER-0570,6,0.165,0,1,fraud_ring
ACCT-002493,CLUSTER-0571,1,0.0,0,0,none
ACCT-001106,CLUSTER-0572,1,0.0,0,0,none
ACCT-002318,CLUSTER-0573,1,0.0,0,0,none
ACCT-001342,CLUSTER-0574,1,0.0,0,0,none
ACCT-000414,CLUSTER-0575,1,0.0,0,0,none
ACCT-002277,CLUSTER-0576,1,0.0,0,0,none
ACCT-000332,CLUSTER-0577,1,0.0,0,0,none
ACCT-002836,CLUSTER-0578,1,0.0,0,0,none
ACCT-002296,CLUSTER-0579,1,0.0,0,0,none
ACCT-001166,CLUSTER-0580,1,0.0,0,0,none
ACCT-001779,CLUSTER-0581,1,0.0,0,0,none
ACCT-001344,CLUSTER-0582,1,0.0,0,0,none
ACCT-000282,CLUSTER-0583,1,0.0,0,0,none
ACCT-000669,CLUSTER-0584,1,0.0,0,0,none
ACCT-001635,CLUSTER-0585,1,0.0,0,0,none
ACCT-000425,CLUSTER-0586,1,0.0,0,0,none
ACCT-001581,CLUSTER-0587,1,0.0,0,0,none
ACCT-002881,CLUSTER-0588,1,0.0,0,0,none
ACCT-001945,CLUSTER-0589,1,0.0,0,0,none
ACCT-002715,CLUSTER-0590,1,0.0,0,0,none
ACCT-002610,CLUSTER-0591,1,0.0,0,0,none
ACCT-001762,CLUSTER-0592,1,0.0,0,0,none
ACCT-002732,CLUSTER-0593,1,0.0,0,0,none
ACCT-002524,CLUSTER-0594,1,0.0,0,0,none
ACCT-001934,CLUSTER-0595,1,0.0,0,0,none
ACCT-002197,CLUSTER-0596,1,0.0,0,0,none
ACCT-001549,CLUSTER-0597,1,0.0,0,0,none
ACCT-002989,CLUSTER-0598,1,0.0,0,0,none
ACCT-001150,CLUSTER-0599,1,0.0,0,0,none
ACCT-001057,CLUSTER-0600,1,0.0,0,0,none
ACCT-001151,CLUSTER-0601,1,0.0,0,0,none
ACCT-002544,CLUSTER-0602,1,0.0,0,0,none
ACCT-001434,CLUSTER-0603,1,0.0,0,0,none
ACCT-001519,CLUSTER-0604,1,0.0,0,0,none
ACCT-001060,CLUSTER-0605,1,0.0,0,0,none
ACCT-003176,CLUSTER-0606,2,0.015,0,0,legit_shared_device
ACCT-003177,CLUSTER-0606,2,0.015,0,0,legit_shared_device
ACCT-000817,CLUSTER-0607,1,0.0,0,0,none
ACCT-002620,CLUSTER-0608,1,0.0,0,0,none
ACCT-002569,CLUSTER-0609,1,0.0,0,0,none
ACCT-000034,CLUSTER-0610,1,0.0,0,0,none
ACCT-000846,CLUSTER-0611,1,0.0,0,0,none
ACCT-000521,CLUSTER-0612,1,0.0,0,0,none
ACCT-002928,CLUSTER-0613,1,0.0,0,0,none
ACCT-001936,CLUSTER-0614,1,0.0,0,0,none
ACCT-001543,CLUSTER-0615,1,0.0,0,0,none
ACCT-000990,CLUSTER-0616,1,0.0,0,0,none
ACCT-000027,CLUSTER-0617,1,0.0,0,0,none
ACCT-002713,CLUSTER-0618,1,0.0,0,0,none
ACCT-000224,CLUSTER-0619,1,0.0,0,0,none
ACCT-000267,CLUSTER-0620,1,0.0,0,0,none
ACCT-000016,CLUSTER-0621,1,0.0,0,0,none
ACCT-000705,CLUSTER-0622,1,0.0,0,0,none
ACCT-002965,CLUSTER-0623,1,0.0,0,0,none
ACCT-001037,CLUSTER-0624,1,0.0,0,0,none
ACCT-000052,CLUSTER-0625,1,0.0,0,0,none
ACCT-002832,CLUSTER-0626,1,0.0,0,0,none
ACCT-000815,CLUSTER-0627,1,0.0,0,0,none
ACCT-003038,CLUSTER-0628,2,0.015,0,0,legit_shared_device
ACCT-003039,CLUSTER-0628,2,0.015,0,0,legit_shared_device
ACCT-000183,CLUSTER-0629,1,0.0,0,0,none
ACCT-000053,CLUSTER-0630,1,0.0,0,0,none
ACCT-000076,CLUSTER-0631,1,0.0,0,0,none
ACCT-001077,CLUSTER-0632,1,0.0,0,0,none
ACCT-001835,CLUSTER-0633,1,0.0,0,0,none
ACCT-001529,CLUSTER-0634,1,0.0,0,0,none
ACCT-001964,CLUSTER-0635,1,0.0,0,0,none
ACCT-000055,CLUSTER-0636,1,0.0,0,0,none
ACCT-002271,CLUSTER-0637,1,0.0,0,0,none
ACCT-000774,CLUSTER-0638,1,0.0,0,0,none
ACCT-002957,CLUSTER-0639,1,0.0,0,0,none
ACCT-000891,CLUSTER-0640,1,0.0,0,0,none
ACCT-000867,CLUSTER-0641,1,0.0,0,0,none
ACCT-000438,CLUSTER-0642,1,0.0,0,0,none
ACCT-002800,CLUSTER-0643,1,0.0,0,0,none
ACCT-000520,CLUSTER-0644,1,0.0,0,0,none
ACCT-002242,CLUSTER-0645,1,0.0,0,0,none
ACCT-001831,CLUSTER-0646,1,0.0,0,0,none
ACCT-002736,CLUSTER-0647,1,0.0,0,0,none
ACCT-001111,CLUSTER-0648,1,0.0,0,0,none
ACCT-000346,CLUSTER-0649,1,0.0,0,0,none
ACCT-001865,CLUSTER-0650,1,0.0,0,0,none
ACCT-000178,CLUSTER-0651,1,0.0,0,0,none
ACCT-001107,CLUSTER-0652,1,0.0,0,0,none
ACCT-001153,CLUSTER-0653,1,0.0,0,0,none
ACCT-001542,CLUSTER-0654,1,0.0,0,0,none
ACCT-002968,CLUSTER-0655,1,0.0,0,0,none
ACCT-002539,CLUSTER-0656,1,0.0,0,0,none
ACCT-000879,CLUSTER-0657,1,0.0,0,0,none
ACCT-001746,CLUSTER-0658,1,0.0,0,0,none
ACCT-001826,CLUSTER-0659,1,0.0,0,0,none
ACCT-001592,CLUSTER-0660,1,0.0,0,0,none
ACCT-002823,CLUSTER-0661,1,0.0,0,0,none
ACCT-001615,CLUSTER-0662,1,0.0,0,0,none
ACCT-001339,CLUSTER-0663,1,0.0,0,0,none
ACCT-001524,CLUSTER-0664,1,0.0,0,0,none
ACCT-000574,CLUSTER-0665,1,0.0,0,0,none
ACCT-002946,CLUSTER-0666,1,0.0,0,0,none
ACCT-001435,CLUSTER-0667,1,0.0,0,0,none
ACCT-002309,CLUSTER-0668,1,0.0,0,0,none
ACCT-001329,CLUSTER-0669,1,0.0,0,0,none
ACCT-000478,CLUSTER-0670,1,0.0,0,0,none
ACCT-002674,CLUSTER-0671,1,0.0,0,0,none
ACCT-000203,CLUSTER-0672,1,0.0,0,0,none
ACCT-000033,CLUSTER-0673,1,0.0,0,0,none
ACCT-002505,CLUSTER-0674,1,0.0,0,0,none
ACCT-000588,CLUSTER-0675,1,0.0,0,0,none
ACCT-001843,CLUSTER-0676,1,0.0,0,0,none
ACCT-000488,CLUSTER-0677,1,0.0,0,0,none
ACCT-001401,CLUSTER-0678,1,0.0,0,0,none
ACCT-002056,CLUSTER-0679,1,0.0,0,0,none
ACCT-001500,CLUSTER-0680,1,0.0,0,0,none
ACCT-000109,CLUSTER-0681,1,0.0,0,0,none
ACCT-000294,CLUSTER-0682,1,0.0,0,0,none
ACCT-002769,CLUSTER-0683,1,0.0,0,0,none
ACCT-002216,CLUSTER-0684,1,0.0,0,0,none
ACCT-002966,CLUSTER-0685,1,0.0,0,0,none
ACCT-001994,CLUSTER-0686,1,0.0,0,0,none
ACCT-002336,CLUSTER-0687,1,0.0,0,0,none
ACCT-001341,CLUSTER-0688,1,0.0,0,0,none
ACCT-001796,CLUSTER-0689,1,0.0,0,0,none
ACCT-000497,CLUSTER-0690,1,0.0,0,0,none
ACCT-000870,CLUSTER-0691,1,0.0,0,0,none
ACCT-001584,CLUSTER-0692,1,0.0,0,0,none
ACCT-000343,CLUSTER-0693,1,0.0,0,0,none
ACCT-001258,CLUSTER-0694,1,0.0,0,0,none
ACCT-003111,CLUSTER-0695,2,0.415,0,0,legit_shared_device
ACCT-003112,CLUSTER-0695,2,0.415,0,0,legit_shared_device
ACCT-001660,CLUSTER-0696,1,0.0,0,0,none
ACCT-002842,CLUSTER-0697,1,0.0,0,0,none
ACCT-002558,CLUSTER-0698,1,0.0,0,0,none
ACCT-001511,CLUSTER-0699,1,0.0,0,0,none
ACCT-000663,CLUSTER-0700,1,0.0,0,0,none
ACCT-001065,CLUSTER-0701,1,0.0,0,0,none
ACCT-001792,CLUSTER-0702,1,0.0,0,0,none
ACCT-001602,CLUSTER-0703,1,0.0,0,0,none
ACCT-000453,CLUSTER-0704,1,0.0,0,0,none
ACCT-003145,CLUSTER-0705,4,0.09,0,0,legit_shared_device
ACCT-003146,CLUSTER-0705,4,0.09,0,0,legit_shared_device
ACCT-003147,CLUSTER-0705,4,0.09,0,0,legit_shared_device
ACCT-003148,CLUSTER-0705,4,0.09,0,0,legit_shared_device
ACCT-001653,CLUSTER-0706,1,0.0,0,0,none
ACCT-000247,CLUSTER-0707,1,0.0,0,0,none
ACCT-000040,CLUSTER-0708,1,0.0,0,0,none
ACCT-001270,CLUSTER-0709,1,0.0,0,0,none
ACCT-003040,CLUSTER-0710,4,0.3567,0,0,legit_shared_device
ACCT-003041,CLUSTER-0710,4,0.3567,0,0,legit_shared_device
ACCT-003042,CLUSTER-0710,4,0.3567,0,0,legit_shared_device
ACCT-003043,CLUSTER-0710,4,0.3567,0,0,legit_shared_device
ACCT-001009,CLUSTER-0711,1,0.0,0,0,none
ACCT-000449,CLUSTER-0712,1,0.0,0,0,none
ACCT-003049,CLUSTER-0713,4,0.2233,0,0,legit_shared_device
ACCT-003050,CLUSTER-0713,4,0.2233,0,0,legit_shared_device
ACCT-003051,CLUSTER-0713,4,0.2233,0,0,legit_shared_device
ACCT-003052,CLUSTER-0713,4,0.2233,0,0,legit_shared_device
ACCT-000897,CLUSTER-0714,1,0.0,0,0,none
ACCT-002455,CLUSTER-0715,1,0.0,0,0,none
ACCT-002474,CLUSTER-0716,1,0.0,0,0,none
ACCT-002419,CLUSTER-0717,1,0.0,0,0,none
ACCT-002507,CLUSTER-0718,1,0.0,0,0,none
ACCT-000502,CLUSTER-0719,1,0.0,0,0,none
ACCT-003116,CLUSTER-0720,2,0.015,0,0,legit_shared_device
ACCT-003117,CLUSTER-0720,2,0.015,0,0,legit_shared_device
ACCT-002686,CLUSTER-0721,1,0.0,0,0,none
ACCT-002847,CLUSTER-0722,1,0.0,0,0,none
ACCT-000188,CLUSTER-0723,1,0.0,0,0,none
ACCT-001908,CLUSTER-0724,1,0.0,0,0,none
ACCT-002910,CLUSTER-0725,1,0.0,0,0,none
ACCT-000939,CLUSTER-0726,1,0.0,0,0,none
ACCT-001439,CLUSTER-0727,1,0.0,0,0,none
ACCT-002974,CLUSTER-0728,1,0.0,0,0,none
ACCT-001618,CLUSTER-0729,1,0.0,0,0,none
ACCT-000587,CLUSTER-0730,1,0.0,0,0,none
ACCT-001880,CLUSTER-0731,1,0.0,0,0,none
ACCT-002815,CLUSTER-0732,1,0.0,0,0,none
ACCT-001226,CLUSTER-0733,1,0.0,0,0,none
ACCT-002574,CLUSTER-0734,1,0.0,0,0,none
ACCT-003113,CLUSTER-0735,3,0.0525,0,0,legit_shared_device
ACCT-003114,CLUSTER-0735,3,0.0525,0,0,legit_shared_device
ACCT-003115,CLUSTER-0735,3,0.0525,0,0,legit_shared_device
ACCT-002201,CLUSTER-0736,1,0.0,0,0,none
ACCT-002623,CLUSTER-0737,1,0.0,0,0,none
ACCT-001759,CLUSTER-0738,1,0.0,0,0,none
ACCT-000327,CLUSTER-0739,1,0.0,0,0,none
ACCT-001007,CLUSTER-0740,1,0.0,0,0,none
ACCT-000534,CLUSTER-0741,1,0.0,0,0,none
ACCT-000653,CLUSTER-0742,1,0.0,0,0,none
ACCT-000623,CLUSTER-0743,1,0.0,0,0,none
ACCT-001109,CLUSTER-0744,1,0.0,0,0,none
ACCT-000361,CLUSTER-0745,1,0.0,0,0,none
ACCT-002137,CLUSTER-0746,1,0.0,0,0,none
ACCT-000066,CLUSTER-0747,1,0.0,0,0,none
ACCT-000848,CLUSTER-0748,1,0.0,0,0,none
ACCT-002743,CLUSTER-0749,1,0.0,0,0,none
ACCT-002899,CLUSTER-0750,1,0.0,0,0,none
ACCT-002940,CLUSTER-0751,1,0.0,0,0,none
ACCT-001832,CLUSTER-0752,1,0.0,0,0,none
ACCT-001651,CLUSTER-0753,1,0.0,0,0,none
ACCT-002034,CLUSTER-0754,1,0.0,0,0,none
ACCT-002512,CLUSTER-0755,1,0.0,0,0,none
ACCT-001980,CLUSTER-0756,1,0.0,0,0,none
ACCT-002573,CLUSTER-0757,1,0.0,0,0,none
ACCT-001105,CLUSTER-0758,1,0.0,0,0,none
ACCT-000003,CLUSTER-0759,1,0.0,0,0,none
ACCT-001844,CLUSTER-0760,1,0.0,0,0,none
ACCT-001219,CLUSTER-0761,1,0.0,0,0,none
ACCT-001773,CLUSTER-0762,1,0.0,0,0,none
ACCT-001240,CLUSTER-0763,1,0.0,0,0,none
ACCT-001446,CLUSTER-0764,1,0.0,0,0,none
ACCT-002742,CLUSTER-0765,1,0.0,0,0,none
ACCT-002961,CLUSTER-0766,1,0.0,0,0,none
ACCT-001977,CLUSTER-0767,1,0.0,0,0,none
ACCT-001649,CLUSTER-0768,1,0.0,0,0,none
ACCT-001449,CLUSTER-0769,1,0.0,0,0,none
ACCT-002194,CLUSTER-0770,1,0.0,0,0,none
ACCT-000813,CLUSTER-0771,1,0.0,0,0,none
ACCT-002187,CLUSTER-0772,1,0.0,0,0,none
ACCT-001133,CLUSTER-0773,1,0.0,0,0,none
ACCT-002878,CLUSTER-0774,1,0.0,0,0,none
ACCT-002375,CLUSTER-0775,1,0.0,0,0,none
ACCT-001380,CLUSTER-0776,1,0.0,0,0,none
ACCT-001187,CLUSTER-0777,1,0.0,0,0,none
ACCT-000263,CLUSTER-0778,1,0.0,0,0,none
ACCT-001992,CLUSTER-0779,1,0.0,0,0,none
ACCT-001298,CLUSTER-0780,1,0.0,0,0,none
ACCT-001941,CLUSTER-0781,1,0.0,0,0,none
ACCT-001915,CLUSTER-0782,1,0.0,0,0,none
ACCT-003169,CLUSTER-0783,3,0.0525,0,0,legit_shared_device
ACCT-003170,CLUSTER-0783,3,0.0525,0,0,legit_shared_device
ACCT-003171,CLUSTER-0783,3,0.0525,0,0,legit_shared_device
ACCT-002252,CLUSTER-0784,1,0.0,0,0,none
ACCT-000666,CLUSTER-0785,1,0.0,0,0,none
ACCT-000389,CLUSTER-0786,1,0.0,0,0,none
ACCT-000685,CLUSTER-0787,1,0.0,0,0,none
ACCT-003185,CLUSTER-0788,5,0.5242,1,1,fraud_ring
ACCT-003186,CLUSTER-0788,5,0.5242,1,1,fraud_ring
ACCT-003187,CLUSTER-0788,5,0.5242,1,1,fraud_ring
ACCT-003189,CLUSTER-0788,5,0.5242,1,1,fraud_ring
ACCT-003190,CLUSTER-0788,5,0.5242,1,1,fraud_ring
ACCT-002269,CLUSTER-0789,1,0.0,0,0,none
ACCT-000227,CLUSTER-0790,1,0.0,0,0,none
ACCT-001466,CLUSTER-0791,1,0.0,0,0,none
ACCT-002923,CLUSTER-0792,1,0.0,0,0,none
ACCT-002679,CLUSTER-0793,1,0.0,0,0,none
ACCT-002728,CLUSTER-0794,1,0.0,0,0,none
ACCT-000601,CLUSTER-0795,1,0.0,0,0,none
ACCT-002582,CLUSTER-0796,1,0.0,0,0,none
ACCT-001882,CLUSTER-0797,1,0.0,0,0,none
ACCT-000442,CLUSTER-0798,1,0.0,0,0,none
ACCT-000565,CLUSTER-0799,1,0.0,0,0,none
ACCT-000293,CLUSTER-0800,1,0.0,0,0,none
ACCT-000469,CLUSTER-0801,1,0.0,0,0,none
ACCT-001846,CLUSTER-0802,1,0.0,0,0,none
ACCT-000612,CLUSTER-0803,1,0.0,0,0,none
ACCT-002863,CLUSTER-0804,1,0.0,0,0,none
ACCT-001687,CLUSTER-0805,1,0.0,0,0,none
ACCT-001452,CLUSTER-0806,1,0.0,0,0,none
ACCT-000270,CLUSTER-0807,1,0.0,0,0,none
ACCT-000980,CLUSTER-0808,1,0.0,0,0,none
ACCT-000777,CLUSTER-0809,1,0.0,0,0,none
ACCT-002922,CLUSTER-0810,1,0.0,0,0,none
ACCT-001704,CLUSTER-0811,1,0.0,0,0,none
ACCT-000487,CLUSTER-0812,1,0.0,0,0,none
ACCT-002274,CLUSTER-0813,1,0.0,0,0,none
ACCT-002595,CLUSTER-0814,1,0.0,0,0,none
ACCT-000102,CLUSTER-0815,1,0.0,0,0,none
ACCT-000602,CLUSTER-0816,1,0.0,0,0,none
ACCT-000474,CLUSTER-0817,1,0.0,0,0,none
ACCT-001774,CLUSTER-0818,1,0.0,0,0,none
ACCT-001117,CLUSTER-0819,1,0.0,0,0,none
ACCT-002354,CLUSTER-0820,1,0.0,0,0,none
ACCT-002661,CLUSTER-0821,1,0.0,0,0,none
ACCT-000445,CLUSTER-0822,1,0.0,0,0,none
ACCT-001389,CLUSTER-0823,1,0.0,0,0,none
ACCT-003001,CLUSTER-0824,4,0.09,0,0,legit_shared_device
ACCT-003002,CLUSTER-0824,4,0.09,0,0,legit_shared_device
ACCT-003003,CLUSTER-0824,4,0.09,0,0,legit_shared_device
ACCT-003004,CLUSTER-0824,4,0.09,0,0,legit_shared_device
ACCT-003129,CLUSTER-0825,4,0.3567,0,0,legit_shared_device
ACCT-003130,CLUSTER-0825,4,0.3567,0,0,legit_shared_device
ACCT-003131,CLUSTER-0825,4,0.3567,0,0,legit_shared_device
ACCT-003132,CLUSTER-0825,4,0.3567,0,0,legit_shared_device
ACCT-000412,CLUSTER-0826,1,0.0,0,0,none
ACCT-000507,CLUSTER-0827,1,0.0,0,0,none
ACCT-001935,CLUSTER-0828,1,0.0,0,0,none
ACCT-001853,CLUSTER-0829,1,0.0,0,0,none
ACCT-000070,CLUSTER-0830,1,0.0,0,0,none
ACCT-002345,CLUSTER-0831,1,0.0,0,0,none
ACCT-001876,CLUSTER-0832,1,0.0,0,0,none
ACCT-002385,CLUSTER-0833,1,0.0,0,0,none
ACCT-001694,CLUSTER-0834,1,0.0,0,0,none
ACCT-002668,CLUSTER-0835,1,0.0,0,0,none
ACCT-003020,CLUSTER-0836,4,0.09,0,0,legit_shared_device
ACCT-003021,CLUSTER-0836,4,0.09,0,0,legit_shared_device
ACCT-003022,CLUSTER-0836,4,0.09,0,0,legit_shared_device
ACCT-003023,CLUSTER-0836,4,0.09,0,0,legit_shared_device
ACCT-000608,CLUSTER-0837,1,0.0,0,0,none
ACCT-002029,CLUSTER-0838,1,0.0,0,0,none
ACCT-001626,CLUSTER-0839,1,0.0,0,0,none
ACCT-002304,CLUSTER-0840,1,0.0,0,0,none
ACCT-000249,CLUSTER-0841,1,0.0,0,0,none
ACCT-002683,CLUSTER-0842,1,0.0,0,0,none
ACCT-000396,CLUSTER-0843,1,0.0,0,0,none
ACCT-000829,CLUSTER-0844,1,0.0,0,0,none
ACCT-002171,CLUSTER-0845,1,0.0,0,0,none
ACCT-002124,CLUSTER-0846,1,0.0,0,0,none
ACCT-002629,CLUSTER-0847,1,0.0,0,0,none
ACCT-000844,CLUSTER-0848,1,0.0,0,0,none
ACCT-002421,CLUSTER-0849,1,0.0,0,0,none
ACCT-001058,CLUSTER-0850,1,0.0,0,0,none
ACCT-000485,CLUSTER-0851,1,0.0,0,0,none
ACCT-002245,CLUSTER-0852,1,0.0,0,0,none
ACCT-002888,CLUSTER-0853,1,0.0,0,0,none
ACCT-002660,CLUSTER-0854,1,0.0,0,0,none
ACCT-002988,CLUSTER-0855,1,0.0,0,0,none
ACCT-001656,CLUSTER-0856,1,0.0,0,0,none
ACCT-001237,CLUSTER-0857,1,0.0,0,0,none
ACCT-002402,CLUSTER-0858,1,0.0,0,0,none
ACCT-000698,CLUSTER-0859,1,0.0,0,0,none
ACCT-000839,CLUSTER-0860,1,0.0,0,0,none
ACCT-000550,CLUSTER-0861,1,0.0,0,0,none
ACCT-002290,CLUSTER-0862,1,0.0,0,0,none
ACCT-003165,CLUSTER-0863,4,0.09,0,0,legit_shared_device
ACCT-003166,CLUSTER-0863,4,0.09,0,0,legit_shared_device
ACCT-003167,CLUSTER-0863,4,0.09,0,0,legit_shared_device
ACCT-003168,CLUSTER-0863,4,0.09,0,0,legit_shared_device
ACCT-000579,CLUSTER-0864,1,0.0,0,0,none
ACCT-000177,CLUSTER-0865,1,0.0,0,0,none
ACCT-002324,CLUSTER-0866,1,0.0,0,0,none
ACCT-002590,CLUSTER-0867,1,0.0,0,0,none
ACCT-001648,CLUSTER-0868,1,0.0,0,0,none
ACCT-001384,CLUSTER-0869,1,0.0,0,0,none
ACCT-002152,CLUSTER-0870,1,0.0,0,0,none
ACCT-001406,CLUSTER-0871,1,0.0,0,0,none
ACCT-000484,CLUSTER-0872,1,0.0,0,0,none
ACCT-001619,CLUSTER-0873,1,0.0,0,0,none
ACCT-002335,CLUSTER-0874,1,0.0,0,0,none
ACCT-002147,CLUSTER-0875,1,0.0,0,0,none
ACCT-002840,CLUSTER-0876,1,0.0,0,0,none
ACCT-002822,CLUSTER-0877,1,0.0,0,0,none
ACCT-001287,CLUSTER-0878,1,0.0,0,0,none
ACCT-002617,CLUSTER-0879,1,0.0,0,0,none
ACCT-001477,CLUSTER-0880,1,0.0,0,0,none
ACCT-000443,CLUSTER-0881,1,0.0,0,0,none
ACCT-001729,CLUSTER-0882,1,0.0,0,0,none
ACCT-002298,CLUSTER-0883,1,0.0,0,0,none
ACCT-001878,CLUSTER-0884,1,0.0,0,0,none
ACCT-002575,CLUSTER-0885,1,0.0,0,0,none
ACCT-002767,CLUSTER-0886,1,0.0,0,0,none
ACCT-001277,CLUSTER-0887,1,0.0,0,0,none
ACCT-003065,CLUSTER-0888,4,0.49,0,0,legit_shared_device
ACCT-003066,CLUSTER-0888,4,0.49,0,0,legit_shared_device
ACCT-003067,CLUSTER-0888,4,0.49,0,0,legit_shared_device
ACCT-003068,CLUSTER-0888,4,0.49,0,0,legit_shared_device
ACCT-000276,CLUSTER-0889,1,0.0,0,0,none
ACCT-000118,CLUSTER-0890,1,0.0,0,0,none
ACCT-002292,CLUSTER-0891,1,0.0,0,0,none
ACCT-002305,CLUSTER-0892,1,0.0,0,0,none
ACCT-002645,CLUSTER-0893,1,0.0,0,0,none
ACCT-001683,CLUSTER-0894,1,0.0,0,0,none
ACCT-001923,CLUSTER-0895,1,0.0,0,0,none
ACCT-001289,CLUSTER-0896,1,0.0,0,0,none
ACCT-001128,CLUSTER-0897,1,0.0,0,0,none
ACCT-002870,CLUSTER-0898,1,0.0,0,0,none
ACCT-002898,CLUSTER-0899,1,0.0,0,0,none
ACCT-001433,CLUSTER-0900,1,0.0,0,0,none
ACCT-002281,CLUSTER-0901,1,0.0,0,0,none
ACCT-001721,CLUSTER-0902,1,0.0,0,0,none
ACCT-000280,CLUSTER-0903,1,0.0,0,0,none
ACCT-002119,CLUSTER-0904,1,0.0,0,0,none
ACCT-000857,CLUSTER-0905,1,0.0,0,0,none
ACCT-000783,CLUSTER-0906,1,0.0,0,0,none
ACCT-001793,CLUSTER-0907,1,0.0,0,0,none
ACCT-001156,CLUSTER-0908,1,0.0,0,0,none
ACCT-001412,CLUSTER-0909,1,0.0,0,0,none
ACCT-001066,CLUSTER-0910,1,0.0,0,0,none
ACCT-000909,CLUSTER-0911,1,0.0,0,0,none
ACCT-002911,CLUSTER-0912,1,0.0,0,0,none
ACCT-002777,CLUSTER-0913,1,0.0,0,0,none
ACCT-000411,CLUSTER-0914,1,0.0,0,0,none
ACCT-002440,CLUSTER-0915,1,0.0,0,0,none
ACCT-002284,CLUSTER-0916,1,0.0,0,0,none
ACCT-000028,CLUSTER-0917,1,0.0,0,0,none
ACCT-001749,CLUSTER-0918,1,0.0,0,0,none
ACCT-001589,CLUSTER-0919,1,0.0,0,0,none
ACCT-001179,CLUSTER-0920,1,0.0,0,0,none
ACCT-000807,CLUSTER-0921,1,0.0,0,0,none
ACCT-000127,CLUSTER-0922,1,0.0,0,0,none
ACCT-002915,CLUSTER-0923,1,0.0,0,0,none
ACCT-002041,CLUSTER-0924,1,0.0,0,0,none
ACCT-000544,CLUSTER-0925,1,0.0,0,0,none
ACCT-002803,CLUSTER-0926,1,0.0,0,0,none
ACCT-001176,CLUSTER-0927,1,0.0,0,0,none
ACCT-003077,CLUSTER-0928,3,0.3192,0,0,legit_shared_device
ACCT-003078,CLUSTER-0928,3,0.3192,0,0,legit_shared_device
ACCT-003079,CLUSTER-0928,3,0.3192,0,0,legit_shared_device
ACCT-000132,CLUSTER-0929,1,0.0,0,0,none
ACCT-000657,CLUSTER-0930,1,0.0,0,0,none
ACCT-001522,CLUSTER-0931,1,0.0,0,0,none
ACCT-002439,CLUSTER-0932,1,0.0,0,0,none
ACCT-002907,CLUSTER-0933,1,0.0,0,0,none
ACCT-001325,CLUSTER-0934,1,0.0,0,0,none
ACCT-000702,CLUSTER-0935,1,0.0,0,0,none
ACCT-000426,CLUSTER-0936,1,0.0,0,0,none
ACCT-001450,CLUSTER-0937,1,0.0,0,0,none
ACCT-000097,CLUSTER-0938,1,0.0,0,0,none
ACCT-002159,CLUSTER-0939,1,0.0,0,0,none
ACCT-002704,CLUSTER-0940,1,0.0,0,0,none
ACCT-000570,CLUSTER-0941,1,0.0,0,0,none
ACCT-000347,CLUSTER-0942,1,0.0,0,0,none
ACCT-000611,CLUSTER-0943,1,0.0,0,0,none
ACCT-001562,CLUSTER-0944,1,0.0,0,0,none
ACCT-002640,CLUSTER-0945,1,0.0,0,0,none
ACCT-000806,CLUSTER-0946,1,0.0,0,0,none
ACCT-000142,CLUSTER-0947,1,0.0,0,0,none
ACCT-001335,CLUSTER-0948,1,0.0,0,0,none
ACCT-002854,CLUSTER-0949,1,0.0,0,0,none
ACCT-001942,CLUSTER-0950,1,0.0,0,0,none
ACCT-000995,CLUSTER-0951,1,0.0,0,0,none
ACCT-000796,CLUSTER-0952,1,0.0,0,0,none
ACCT-000208,CLUSTER-0953,1,0.0,0,0,none
ACCT-002682,CLUSTER-0954,1,0.0,0,0,none
ACCT-001201,CLUSTER-0955,1,0.0,0,0,none
ACCT-002193,CLUSTER-0956,1,0.0,0,0,none
ACCT-002339,CLUSTER-0957,1,0.0,0,0,none
ACCT-000471,CLUSTER-0958,1,0.0,0,0,none
ACCT-000065,CLUSTER-0959,1,0.0,0,0,none
ACCT-000933,CLUSTER-0960,1,0.0,0,0,none
ACCT-002387,CLUSTER-0961,1,0.0,0,0,none
ACCT-002015,CLUSTER-0962,1,0.0,0,0,none
ACCT-000237,CLUSTER-0963,1,0.0,0,0,none
ACCT-000978,CLUSTER-0964,1,0.0,0,0,none
ACCT-002008,CLUSTER-0965,1,0.0,0,0,none
ACCT-001637,CLUSTER-0966,1,0.0,0,0,none
ACCT-001392,CLUSTER-0967,1,0.0,0,0,none
ACCT-001950,CLUSTER-0968,1,0.0,0,0,none
ACCT-001420,CLUSTER-0969,1,0.0,0,0,none
ACCT-000417,CLUSTER-0970,1,0.0,0,0,none
ACCT-001764,CLUSTER-0971,1,0.0,0,0,none
ACCT-001290,CLUSTER-0972,1,0.0,0,0,none
ACCT-000489,CLUSTER-0973,1,0.0,0,0,none
ACCT-003053,CLUSTER-0974,2,0.415,0,0,legit_shared_device
ACCT-003054,CLUSTER-0974,2,0.415,0,0,legit_shared_device
ACCT-002156,CLUSTER-0975,1,0.0,0,0,none
ACCT-001067,CLUSTER-0976,1,0.0,0,0,none
ACCT-000872,CLUSTER-0977,1,0.0,0,0,none
ACCT-002021,CLUSTER-0978,1,0.0,0,0,none
ACCT-000078,CLUSTER-0979,1,0.0,0,0,none
ACCT-001303,CLUSTER-0980,1,0.0,0,0,none
ACCT-001675,CLUSTER-0981,1,0.0,0,0,none
ACCT-002381,CLUSTER-0982,1,0.0,0,0,none
ACCT-000259,CLUSTER-0983,1,0.0,0,0,none
ACCT-000790,CLUSTER-0984,1,0.0,0,0,none
ACCT-001463,CLUSTER-0985,1,0.0,0,0,none
ACCT-001720,CLUSTER-0986,1,0.0,0,0,none
ACCT-001551,CLUSTER-0987,1,0.0,0,0,none
ACCT-000989,CLUSTER-0988,1,0.0,0,0,none
ACCT-001538,CLUSTER-0989,1,0.0,0,0,none
ACCT-000660,CLUSTER-0990,1,0.0,0,0,none
ACCT-002205,CLUSTER-0991,1,0.0,0,0,none
ACCT-000397,CLUSTER-0992,1,0.0,0,0,none
ACCT-003080,CLUSTER-0993,2,0.415,0,0,legit_shared_device
ACCT-003081,CLUSTER-0993,2,0.415,0,0,legit_shared_device
ACCT-001907,CLUSTER-0994,1,0.0,0,0,none
ACCT-002709,CLUSTER-0995,1,0.0,0,0,none
ACCT-001976,CLUSTER-0996,1,0.0,0,0,none
ACCT-000712,CLUSTER-0997,1,0.0,0,0,none
ACCT-000910,CLUSTER-0998,1,0.0,0,0,none
ACCT-001313,CLUSTER-0999,1,0.0,0,0,none
ACCT-002302,CLUSTER-1000,1,0.0,0,0,none
ACCT-000088,CLUSTER-1001,1,0.0,0,0,none
ACCT-001715,CLUSTER-1002,1,0.0,0,0,none
ACCT-002712,CLUSTER-1003,1,0.0,0,0,none
ACCT-001722,CLUSTER-1004,1,0.0,0,0,none
ACCT-000557,CLUSTER-1005,1,0.0,0,0,none
ACCT-001804,CLUSTER-1006,1,0.0,0,0,none
ACCT-000313,CLUSTER-1007,1,0.0,0,0,none
ACCT-001632,CLUSTER-1008,1,0.0,0,0,none
ACCT-000619,CLUSTER-1009,1,0.0,0,0,none
ACCT-001144,CLUSTER-1010,1,0.0,0,0,none
ACCT-000773,CLUSTER-1011,1,0.0,0,0,none
ACCT-000198,CLUSTER-1012,1,0.0,0,0,none
ACCT-000549,CLUSTER-1013,1,0.0,0,0,none
ACCT-000616,CLUSTER-1014,1,0.0,0,0,none
ACCT-002831,CLUSTER-1015,1,0.0,0,0,none
ACCT-002348,CLUSTER-1016,1,0.0,0,0,none
ACCT-000717,CLUSTER-1017,1,0.0,0,0,none
ACCT-000125,CLUSTER-1018,1,0.0,0,0,none
ACCT-001326,CLUSTER-1019,1,0.0,0,0,none
ACCT-000402,CLUSTER-1020,1,0.0,0,0,none
ACCT-002175,CLUSTER-1021,1,0.0,0,0,none
ACCT-000504,CLUSTER-1022,1,0.0,0,0,none
ACCT-001962,CLUSTER-1023,1,0.0,0,0,none
ACCT-000079,CLUSTER-1024,1,0.0,0,0,none
ACCT-000569,CLUSTER-1025,1,0.0,0,0,none
ACCT-000072,CLUSTER-1026,1,0.0,0,0,none
ACCT-002436,CLUSTER-1027,1,0.0,0,0,none
ACCT-001126,CLUSTER-1028,1,0.0,0,0,none
ACCT-000209,CLUSTER-1029,2,0.015,0,0,none
ACCT-002659,CLUSTER-1029,2,0.015,0,0,none
ACCT-002484,CLUSTER-1030,1,0.0,0,0,none
ACCT-000073,CLUSTER-1031,1,0.0,0,0,none
ACCT-002373,CLUSTER-1032,1,0.0,0,0,none
ACCT-001104,CLUSTER-1033,1,0.0,0,0,none
ACCT-002496,CLUSTER-1034,1,0.0,0,0,none
ACCT-002781,CLUSTER-1035,1,0.0,0,0,none
ACCT-002824,CLUSTER-1036,1,0.0,0,0,none
ACCT-000499,CLUSTER-1037,1,0.0,0,0,none
ACCT-001821,CLUSTER-1038,1,0.0,0,0,none
ACCT-001003,CLUSTER-1039,2,0.015,0,0,none
ACCT-001348,CLUSTER-1039,2,0.015,0,0,none
ACCT-001679,CLUSTER-1040,1,0.0,0,0,none
ACCT-000763,CLUSTER-1041,1,0.0,0,0,none
ACCT-002342,CLUSTER-1042,1,0.0,0,0,none
ACCT-002850,CLUSTER-1043,1,0.0,0,0,none
ACCT-000029,CLUSTER-1044,1,0.0,0,0,none
ACCT-002003,CLUSTER-1045,1,0.0,0,0,none
ACCT-000785,CLUSTER-1046,1,0.0,0,0,none
ACCT-001644,CLUSTER-1047,1,0.0,0,0,none
ACCT-001960,CLUSTER-1048,1,0.0,0,0,none
ACCT-002100,CLUSTER-1049,1,0.0,0,0,none
ACCT-003268,CLUSTER-1050,1,0.0,0,1,fraud_ring
ACCT-000136,CLUSTER-1051,1,0.0,0,0,none
ACCT-000235,CLUSTER-1052,1,0.0,0,0,none
ACCT-002677,CLUSTER-1053,1,0.0,0,0,none
ACCT-000393,CLUSTER-1054,1,0.0,0,0,none
ACCT-001959,CLUSTER-1055,1,0.0,0,0,none
ACCT-001839,CLUSTER-1056,1,0.0,0,0,none
ACCT-001696,CLUSTER-1057,1,0.0,0,0,none
ACCT-002229,CLUSTER-1058,1,0.0,0,0,none
ACCT-001457,CLUSTER-1059,1,0.0,0,0,none
ACCT-001829,CLUSTER-1060,1,0.0,0,0,none
ACCT-002710,CLUSTER-1061,1,0.0,0,0,none
ACCT-002414,CLUSTER-1062,1,0.0,0,0,none
ACCT-000694,CLUSTER-1063,1,0.0,0,0,none
ACCT-000140,CLUSTER-1064,1,0.0,0,0,none
ACCT-001135,CLUSTER-1065,1,0.0,0,0,none
ACCT-001440,CLUSTER-1066,1,0.0,0,0,none
ACCT-001489,CLUSTER-1067,1,0.0,0,0,none
ACCT-002991,CLUSTER-1068,1,0.0,0,0,none
ACCT-000400,CLUSTER-1069,1,0.0,0,0,none
ACCT-002435,CLUSTER-1070,1,0.0,0,0,none
ACCT-001750,CLUSTER-1071,1,0.0,0,0,none
ACCT-002106,CLUSTER-1072,1,0.0,0,0,none
ACCT-002198,CLUSTER-1073,1,0.0,0,0,none
ACCT-000825,CLUSTER-1074,1,0.0,0,0,none
ACCT-002337,CLUSTER-1075,1,0.0,0,0,none
ACCT-001421,CLUSTER-1076,1,0.0,0,0,none
ACCT-000157,CLUSTER-1077,1,0.0,0,0,none
ACCT-002586,CLUSTER-1078,1,0.0,0,0,none
ACCT-000138,CLUSTER-1079,1,0.0,0,0,none
ACCT-000878,CLUSTER-1080,1,0.0,0,0,none
ACCT-000974,CLUSTER-1081,1,0.0,0,0,none
ACCT-002285,CLUSTER-1082,1,0.0,0,0,none
ACCT-002129,CLUSTER-1083,1,0.0,0,0,none
ACCT-002482,CLUSTER-1084,1,0.0,0,0,none
ACCT-002883,CLUSTER-1085,1,0.0,0,0,none
ACCT-000650,CLUSTER-1086,1,0.0,0,0,none
ACCT-001185,CLUSTER-1087,1,0.0,0,0,none
ACCT-001006,CLUSTER-1088,1,0.0,0,0,none
ACCT-002392,CLUSTER-1089,1,0.0,0,0,none
ACCT-002308,CLUSTER-1090,1,0.0,0,0,none
ACCT-002665,CLUSTER-1091,1,0.0,0,0,none
ACCT-001475,CLUSTER-1092,1,0.0,0,0,none
ACCT-001921,CLUSTER-1093,1,0.0,0,0,none
ACCT-002410,CLUSTER-1094,1,0.0,0,0,none
ACCT-002748,CLUSTER-1095,1,0.0,0,0,none
ACCT-002473,CLUSTER-1096,1,0.0,0,0,none
ACCT-002471,CLUSTER-1097,1,0.0,0,0,none
ACCT-000011,CLUSTER-1098,1,0.0,0,0,none
ACCT-002998,CLUSTER-1099,1,0.0,0,0,none
ACCT-001633,CLUSTER-1100,1,0.0,0,0,none
ACCT-001024,CLUSTER-1101,1,0.0,0,0,none
ACCT-001162,CLUSTER-1102,1,0.0,0,0,none
ACCT-000664,CLUSTER-1103,1,0.0,0,0,none
ACCT-001280,CLUSTER-1104,1,0.0,0,0,none
ACCT-001991,CLUSTER-1105,1,0.0,0,0,none
ACCT-000670,CLUSTER-1106,1,0.0,0,0,none
ACCT-002417,CLUSTER-1107,1,0.0,0,0,none
ACCT-001547,CLUSTER-1108,1,0.0,0,0,none
ACCT-000510,CLUSTER-1109,1,0.0,0,0,none
ACCT-002705,CLUSTER-1110,1,0.0,0,0,none
ACCT-002868,CLUSTER-1111,1,0.0,0,0,none
ACCT-002019,CLUSTER-1112,1,0.0,0,0,none
ACCT-001825,CLUSTER-1113,1,0.0,0,0,none
ACCT-000812,CLUSTER-1114,1,0.0,0,0,none
ACCT-001215,CLUSTER-1115,1,0.0,0,0,none
ACCT-000918,CLUSTER-1116,1,0.0,0,0,none
ACCT-000371,CLUSTER-1117,1,0.0,0,0,none
ACCT-000585,CLUSTER-1118,1,0.0,0,0,none
ACCT-002173,CLUSTER-1119,1,0.0,0,0,none
ACCT-001822,CLUSTER-1120,1,0.0,0,0,none
ACCT-002235,CLUSTER-1121,1,0.0,0,0,none
ACCT-002352,CLUSTER-1122,1,0.0,0,0,none
ACCT-000903,CLUSTER-1123,1,0.0,0,0,none
ACCT-001353,CLUSTER-1124,1,0.0,0,0,none
ACCT-002268,CLUSTER-1125,1,0.0,0,0,none
ACCT-001271,CLUSTER-1126,1,0.0,0,0,none
ACCT-002526,CLUSTER-1127,1,0.0,0,0,none
ACCT-001047,CLUSTER-1128,1,0.0,0,0,none
ACCT-001938,CLUSTER-1129,1,0.0,0,0,none
ACCT-002550,CLUSTER-1130,1,0.0,0,0,none
ACCT-001887,CLUSTER-1131,1,0.0,0,0,none
ACCT-000218,CLUSTER-1132,1,0.0,0,0,none
ACCT-000349,CLUSTER-1133,1,0.0,0,0,none
ACCT-002365,CLUSTER-1134,1,0.0,0,0,none
ACCT-001443,CLUSTER-1135,1,0.0,0,0,none
ACCT-000992,CLUSTER-1136,1,0.0,0,0,none
ACCT-001119,CLUSTER-1137,1,0.0,0,0,none
ACCT-001857,CLUSTER-1138,1,0.0,0,0,none
ACCT-000493,CLUSTER-1139,1,0.0,0,0,none
ACCT-002225,CLUSTER-1140,1,0.0,0,0,none
ACCT-001563,CLUSTER-1141,1,0.0,0,0,none
ACCT-002413,CLUSTER-1142,1,0.0,0,0,none
ACCT-000035,CLUSTER-1143,1,0.0,0,0,none
ACCT-002644,CLUSTER-1144,1,0.0,0,0,none
ACCT-002722,CLUSTER-1145,1,0.0,0,0,none
ACCT-001139,CLUSTER-1146,1,0.0,0,0,none
ACCT-000159,CLUSTER-1147,1,0.0,0,0,none
ACCT-002895,CLUSTER-1148,1,0.0,0,0,none
ACCT-002690,CLUSTER-1149,1,0.0,0,0,none
ACCT-002151,CLUSTER-1150,1,0.0,0,0,none
ACCT-000887,CLUSTER-1151,1,0.0,0,0,none
ACCT-001142,CLUSTER-1152,1,0.0,0,0,none
ACCT-001189,CLUSTER-1153,1,0.0,0,0,none
ACCT-002282,CLUSTER-1154,1,0.0,0,0,none
ACCT-003182,CLUSTER-1155,3,0.0525,0,0,legit_shared_device
ACCT-003183,CLUSTER-1155,3,0.0525,0,0,legit_shared_device
ACCT-003184,CLUSTER-1155,3,0.0525,0,0,legit_shared_device
ACCT-000476,CLUSTER-1156,1,0.0,0,0,none
ACCT-001124,CLUSTER-1157,1,0.0,0,0,none
ACCT-002985,CLUSTER-1158,1,0.0,0,0,none
ACCT-000725,CLUSTER-1159,1,0.0,0,0,none
ACCT-000621,CLUSTER-1160,1,0.0,0,0,none
ACCT-001640,CLUSTER-1161,1,0.0,0,0,none
ACCT-002448,CLUSTER-1162,1,0.0,0,0,none
ACCT-000133,CLUSTER-1163,1,0.0,0,0,none
ACCT-001596,CLUSTER-1164,1,0.0,0,0,none
ACCT-000304,CLUSTER-1165,1,0.0,0,0,none
ACCT-002731,CLUSTER-1166,1,0.0,0,0,none
ACCT-000764,CLUSTER-1167,1,0.0,0,0,none
ACCT-002182,CLUSTER-1168,1,0.0,0,0,none
ACCT-000344,CLUSTER-1169,1,0.0,0,0,none
ACCT-000008,CLUSTER-1170,1,0.0,0,0,none
ACCT-000907,CLUSTER-1171,1,0.0,0,0,none
ACCT-000733,CLUSTER-1172,1,0.0,0,0,none
ACCT-001308,CLUSTER-1173,1,0.0,0,0,none
ACCT-001509,CLUSTER-1174,1,0.0,0,0,none
ACCT-000710,CLUSTER-1175,1,0.0,0,0,none
ACCT-000561,CLUSTER-1176,1,0.0,0,0,none
ACCT-002254,CLUSTER-1177,1,0.0,0,0,none
ACCT-002397,CLUSTER-1178,1,0.0,0,0,none
ACCT-002536,CLUSTER-1179,1,0.0,0,0,none
ACCT-000748,CLUSTER-1180,1,0.0,0,0,none
ACCT-000986,CLUSTER-1181,1,0.0,0,0,none
ACCT-001532,CLUSTER-1182,1,0.0,0,0,none
ACCT-000667,CLUSTER-1183,1,0.0,0,0,none
ACCT-002355,CLUSTER-1184,1,0.0,0,0,none
ACCT-000634,CLUSTER-1185,1,0.0,0,0,none
ACCT-001834,CLUSTER-1186,1,0.0,0,0,none
ACCT-001664,CLUSTER-1187,1,0.0,0,0,none
ACCT-002897,CLUSTER-1188,1,0.0,0,0,none
ACCT-000167,CLUSTER-1189,1,0.0,0,0,none
ACCT-002889,CLUSTER-1190,1,0.0,0,0,none
ACCT-002746,CLUSTER-1191,1,0.0,0,0,none
ACCT-002808,CLUSTER-1192,1,0.0,0,0,none
ACCT-001533,CLUSTER-1193,1,0.0,0,0,none
ACCT-003188,CLUSTER-1194,1,0.0,0,1,fraud_ring
ACCT-000434,CLUSTER-1195,1,0.0,0,0,none
ACCT-000826,CLUSTER-1196,1,0.0,0,0,none
ACCT-001268,CLUSTER-1197,1,0.0,0,0,none
ACCT-002655,CLUSTER-1198,1,0.0,0,0,none
ACCT-000071,CLUSTER-1199,1,0.0,0,0,none
ACCT-003125,CLUSTER-1200,4,0.09,0,0,legit_shared_device
ACCT-003126,CLUSTER-1200,4,0.09,0,0,legit_shared_device
ACCT-003127,CLUSTER-1200,4,0.09,0,0,legit_shared_device
ACCT-003128,CLUSTER-1200,4,0.09,0,0,legit_shared_device
ACCT-000122,CLUSTER-1201,1,0.0,0,0,none
ACCT-000781,CLUSTER-1202,1,0.0,0,0,none
ACCT-000732,CLUSTER-1203,1,0.0,0,0,none
ACCT-001395,CLUSTER-1204,1,0.0,0,0,none
ACCT-000512,CLUSTER-1205,1,0.0,0,0,none
ACCT-001866,CLUSTER-1206,1,0.0,0,0,none
ACCT-001701,CLUSTER-1207,1,0.0,0,0,none
ACCT-001299,CLUSTER-1208,1,0.0,0,0,none
ACCT-000335,CLUSTER-1209,1,0.0,0,0,none
ACCT-002571,CLUSTER-1210,1,0.0,0,0,none
ACCT-002247,CLUSTER-1211,1,0.0,0,0,none
ACCT-001886,CLUSTER-1212,1,0.0,0,0,none
ACCT-001805,CLUSTER-1213,1,0.0,0,0,none
ACCT-001115,CLUSTER-1214,1,0.0,0,0,none
ACCT-001765,CLUSTER-1215,1,0.0,0,0,none
ACCT-000154,CLUSTER-1216,1,0.0,0,0,none
ACCT-000824,CLUSTER-1217,1,0.0,0,0,none
ACCT-001321,CLUSTER-1218,1,0.0,0,0,none
ACCT-000750,CLUSTER-1219,1,0.0,0,0,none
ACCT-000441,CLUSTER-1220,1,0.0,0,0,none
ACCT-001050,CLUSTER-1221,1,0.0,0,0,none
ACCT-002997,CLUSTER-1222,1,0.0,0,0,none
ACCT-002701,CLUSTER-1223,1,0.0,0,0,none
ACCT-000036,CLUSTER-1224,1,0.0,0,0,none
ACCT-002906,CLUSTER-1225,1,0.0,0,0,none
ACCT-000533,CLUSTER-1226,1,0.0,0,0,none
ACCT-000173,CLUSTER-1227,1,0.0,0,0,none
ACCT-001371,CLUSTER-1228,1,0.0,0,0,none
ACCT-001926,CLUSTER-1229,1,0.0,0,0,none
ACCT-000838,CLUSTER-1230,1,0.0,0,0,none
ACCT-002799,CLUSTER-1231,1,0.0,0,0,none
ACCT-000301,CLUSTER-1232,1,0.0,0,0,none
ACCT-002184,CLUSTER-1233,1,0.0,0,0,none
ACCT-002181,CLUSTER-1234,1,0.0,0,0,none
ACCT-001247,CLUSTER-1235,1,0.0,0,0,none
ACCT-001088,CLUSTER-1236,1,0.0,0,0,none
ACCT-001369,CLUSTER-1237,1,0.0,0,0,none
ACCT-001797,CLUSTER-1238,1,0.0,0,0,none
ACCT-000248,CLUSTER-1239,1,0.0,0,0,none
ACCT-002580,CLUSTER-1240,1,0.0,0,0,none
ACCT-002553,CLUSTER-1241,1,0.0,0,0,none
ACCT-000754,CLUSTER-1242,1,0.0,0,0,none
ACCT-002527,CLUSTER-1243,1,0.0,0,0,none
ACCT-001445,CLUSTER-1244,1,0.0,0,0,none
ACCT-001995,CLUSTER-1245,1,0.0,0,0,none
ACCT-002372,CLUSTER-1246,1,0.0,0,0,none
ACCT-002924,CLUSTER-1247,1,0.0,0,0,none
ACCT-002040,CLUSTER-1248,1,0.0,0,0,none
ACCT-001689,CLUSTER-1249,1,0.0,0,0,none
ACCT-000620,CLUSTER-1250,1,0.0,0,0,none
ACCT-001004,CLUSTER-1251,1,0.0,0,0,none
ACCT-002398,CLUSTER-1252,1,0.0,0,0,none
ACCT-001213,CLUSTER-1253,1,0.0,0,0,none
ACCT-000200,CLUSTER-1254,1,0.0,0,0,none
ACCT-003178,CLUSTER-1255,4,0.09,0,0,legit_shared_device
ACCT-003179,CLUSTER-1255,4,0.09,0,0,legit_shared_device
ACCT-003180,CLUSTER-1255,4,0.09,0,0,legit_shared_device
ACCT-003181,CLUSTER-1255,4,0.09,0,0,legit_shared_device
ACCT-001690,CLUSTER-1256,1,0.0,0,0,none
ACCT-002825,CLUSTER-1257,1,0.0,0,0,none
ACCT-000089,CLUSTER-1258,1,0.0,0,0,none
ACCT-001238,CLUSTER-1259,1,0.0,0,0,none
ACCT-001710,CLUSTER-1260,1,0.0,0,0,none
ACCT-002970,CLUSTER-1261,1,0.0,0,0,none
ACCT-001464,CLUSTER-1262,1,0.0,0,0,none
ACCT-002053,CLUSTER-1263,1,0.0,0,0,none
ACCT-001034,CLUSTER-1264,1,0.0,0,0,none
ACCT-002487,CLUSTER-1265,1,0.0,0,0,none
ACCT-002322,CLUSTER-1266,1,0.0,0,0,none
ACCT-000286,CLUSTER-1267,1,0.0,0,0,none
ACCT-002094,CLUSTER-1268,1,0.0,0,0,none
ACCT-002132,CLUSTER-1269,1,0.0,0,0,none
ACCT-002787,CLUSTER-1270,1,0.0,0,0,none
ACCT-002959,CLUSTER-1271,1,0.0,0,0,none
ACCT-000250,CLUSTER-1272,1,0.0,0,0,none
ACCT-002604,CLUSTER-1273,1,0.0,0,0,none
ACCT-002283,CLUSTER-1274,1,0.0,0,0,none
ACCT-001469,CLUSTER-1275,1,0.0,0,0,none
ACCT-000963,CLUSTER-1276,1,0.0,0,0,none
ACCT-002535,CLUSTER-1277,1,0.0,0,0,none
ACCT-000101,CLUSTER-1278,1,0.0,0,0,none
ACCT-000391,CLUSTER-1279,1,0.0,0,0,none
ACCT-002519,CLUSTER-1280,1,0.0,0,0,none
ACCT-000540,CLUSTER-1281,1,0.0,0,0,none
ACCT-002773,CLUSTER-1282,1,0.0,0,0,none
ACCT-001205,CLUSTER-1283,1,0.0,0,0,none
ACCT-002663,CLUSTER-1284,1,0.0,0,0,none
ACCT-002642,CLUSTER-1285,1,0.0,0,0,none
ACCT-000202,CLUSTER-1286,1,0.0,0,0,none
ACCT-001311,CLUSTER-1287,1,0.0,0,0,none
ACCT-002741,CLUSTER-1288,1,0.0,0,0,none
ACCT-001488,CLUSTER-1289,1,0.0,0,0,none
ACCT-000044,CLUSTER-1290,1,0.0,0,0,none
ACCT-001070,CLUSTER-1291,1,0.0,0,0,none
ACCT-000852,CLUSTER-1292,1,0.0,0,0,none
ACCT-000002,CLUSTER-1293,1,0.0,0,0,none
ACCT-000858,CLUSTER-1294,1,0.0,0,0,none
ACCT-002999,CLUSTER-1295,1,0.0,0,0,none
ACCT-000420,CLUSTER-1296,1,0.0,0,0,none
ACCT-000859,CLUSTER-1297,1,0.0,0,0,none
ACCT-000679,CLUSTER-1298,1,0.0,0,0,none
ACCT-002221,CLUSTER-1299,1,0.0,0,0,none
ACCT-001642,CLUSTER-1300,1,0.0,0,0,none
ACCT-002190,CLUSTER-1301,1,0.0,0,0,none
ACCT-002902,CLUSTER-1302,1,0.0,0,0,none
ACCT-001098,CLUSTER-1303,1,0.0,0,0,none
ACCT-002404,CLUSTER-1304,1,0.0,0,0,none
ACCT-002934,CLUSTER-1305,1,0.0,0,0,none
ACCT-002234,CLUSTER-1306,1,0.0,0,0,none
ACCT-000998,CLUSTER-1307,1,0.0,0,0,none
ACCT-001110,CLUSTER-1308,1,0.0,0,0,none
ACCT-002733,CLUSTER-1309,1,0.0,0,0,none
ACCT-000822,CLUSTER-1310,1,0.0,0,0,none
ACCT-000432,CLUSTER-1311,1,0.0,0,0,none
ACCT-002009,CLUSTER-1312,1,0.0,0,0,none
ACCT-002880,CLUSTER-1313,1,0.0,0,0,none
ACCT-001657,CLUSTER-1314,1,0.0,0,0,none
ACCT-002164,CLUSTER-1315,1,0.0,0,0,none
ACCT-002449,CLUSTER-1316,1,0.0,0,0,none
ACCT-002578,CLUSTER-1317,1,0.0,0,0,none
ACCT-000364,CLUSTER-1318,1,0.0,0,0,none
ACCT-003142,CLUSTER-1319,3,0.0525,0,0,legit_shared_device
ACCT-003143,CLUSTER-1319,3,0.0525,0,0,legit_shared_device
ACCT-003144,CLUSTER-1319,3,0.0525,0,0,legit_shared_device
ACCT-001842,CLUSTER-1320,1,0.0,0,0,none
ACCT-002326,CLUSTER-1321,1,0.0,0,0,none
ACCT-001355,CLUSTER-1322,1,0.0,0,0,none
ACCT-000808,CLUSTER-1323,1,0.0,0,0,none
ACCT-002703,CLUSTER-1324,1,0.0,0,0,none
ACCT-000284,CLUSTER-1325,1,0.0,0,0,none
ACCT-000051,CLUSTER-1326,1,0.0,0,0,none
ACCT-000369,CLUSTER-1327,1,0.0,0,0,none
ACCT-001662,CLUSTER-1328,1,0.0,0,0,none
ACCT-000832,CLUSTER-1329,1,0.0,0,0,none
ACCT-000305,CLUSTER-1330,1,0.0,0,0,none
ACCT-001013,CLUSTER-1331,1,0.0,0,0,none
ACCT-002458,CLUSTER-1332,1,0.0,0,0,none
ACCT-001661,CLUSTER-1333,1,0.0,0,0,none
ACCT-001356,CLUSTER-1334,1,0.0,0,0,none
ACCT-000303,CLUSTER-1335,1,0.0,0,0,none
ACCT-001527,CLUSTER-1336,1,0.0,0,0,none
ACCT-002095,CLUSTER-1337,1,0.0,0,0,none
ACCT-002509,CLUSTER-1338,1,0.0,0,0,none
ACCT-001514,CLUSTER-1339,1,0.0,0,0,none
ACCT-000925,CLUSTER-1340,1,0.0,0,0,none
ACCT-001025,CLUSTER-1341,1,0.0,0,0,none
ACCT-000916,CLUSTER-1342,1,0.0,0,0,none
ACCT-000566,CLUSTER-1343,1,0.0,0,0,none
ACCT-001333,CLUSTER-1344,1,0.0,0,0,none
ACCT-002972,CLUSTER-1345,1,0.0,0,0,none
ACCT-000749,CLUSTER-1346,1,0.0,0,0,none
ACCT-001076,CLUSTER-1347,1,0.0,0,0,none
ACCT-002437,CLUSTER-1348,1,0.0,0,0,none
ACCT-001802,CLUSTER-1349,1,0.0,0,0,none
ACCT-000483,CLUSTER-1350,1,0.0,0,0,none
ACCT-001608,CLUSTER-1351,1,0.0,0,0,none
ACCT-001815,CLUSTER-1352,1,0.0,0,0,none
ACCT-002470,CLUSTER-1353,1,0.0,0,0,none
ACCT-000525,CLUSTER-1354,1,0.0,0,0,none
ACCT-002785,CLUSTER-1355,1,0.0,0,0,none
ACCT-002986,CLUSTER-1356,1,0.0,0,0,none
ACCT-001588,CLUSTER-1357,1,0.0,0,0,none
ACCT-000091,CLUSTER-1358,1,0.0,0,0,none
ACCT-002189,CLUSTER-1359,1,0.0,0,0,none
ACCT-002081,CLUSTER-1360,1,0.0,0,0,none
ACCT-000093,CLUSTER-1361,1,0.0,0,0,none
ACCT-002702,CLUSTER-1362,1,0.0,0,0,none
ACCT-000450,CLUSTER-1363,1,0.0,0,0,none
ACCT-002776,CLUSTER-1364,1,0.0,0,0,none
ACCT-000889,CLUSTER-1365,1,0.0,0,0,none
ACCT-000113,CLUSTER-1366,1,0.0,0,0,none
ACCT-001214,CLUSTER-1367,1,0.0,0,0,none
ACCT-000697,CLUSTER-1368,1,0.0,0,0,none
ACCT-002138,CLUSTER-1369,1,0.0,0,0,none
ACCT-001616,CLUSTER-1370,1,0.0,0,0,none
ACCT-002625,CLUSTER-1371,1,0.0,0,0,none
ACCT-001019,CLUSTER-1372,1,0.0,0,0,none
ACCT-002979,CLUSTER-1373,1,0.0,0,0,none
ACCT-000514,CLUSTER-1374,1,0.0,0,0,none
ACCT-000428,CLUSTER-1375,1,0.0,0,0,none
ACCT-002486,CLUSTER-1376,1,0.0,0,0,none
ACCT-001582,CLUSTER-1377,1,0.0,0,0,none
ACCT-002508,CLUSTER-1378,1,0.0,0,0,none
ACCT-001331,CLUSTER-1379,1,0.0,0,0,none
ACCT-001351,CLUSTER-1380,1,0.0,0,0,none
ACCT-000953,CLUSTER-1381,1,0.0,0,0,none
ACCT-001565,CLUSTER-1382,1,0.0,0,0,none
ACCT-002819,CLUSTER-1383,1,0.0,0,0,none
ACCT-000528,CLUSTER-1384,1,0.0,0,0,none
ACCT-002068,CLUSTER-1385,1,0.0,0,0,none
ACCT-000105,CLUSTER-1386,1,0.0,0,0,none
ACCT-000684,CLUSTER-1387,1,0.0,0,0,none
ACCT-002050,CLUSTER-1388,1,0.0,0,0,none
ACCT-000337,CLUSTER-1389,1,0.0,0,0,none
ACCT-000618,CLUSTER-1390,1,0.0,0,0,none
ACCT-003055,CLUSTER-1391,2,0.415,0,0,legit_shared_device
ACCT-003056,CLUSTER-1391,2,0.415,0,0,legit_shared_device
ACCT-000740,CLUSTER-1392,1,0.0,0,0,none
ACCT-001075,CLUSTER-1393,1,0.0,0,0,none
ACCT-000289,CLUSTER-1394,1,0.0,0,0,none
ACCT-000182,CLUSTER-1395,1,0.0,0,0,none
ACCT-001236,CLUSTER-1396,1,0.0,0,0,none
ACCT-001629,CLUSTER-1397,1,0.0,0,0,none
ACCT-001459,CLUSTER-1398,1,0.0,0,0,none
ACCT-001933,CLUSTER-1399,1,0.0,0,0,none
ACCT-002376,CLUSTER-1400,1,0.0,0,0,none
ACCT-002135,CLUSTER-1401,1,0.0,0,0,none
ACCT-000238,CLUSTER-1402,1,0.0,0,0,none
ACCT-001676,CLUSTER-1403,1,0.0,0,0,none
ACCT-000480,CLUSTER-1404,1,0.0,0,0,none
ACCT-000711,CLUSTER-1405,1,0.0,0,0,none
ACCT-001699,CLUSTER-1406,1,0.0,0,0,none
ACCT-001116,CLUSTER-1407,1,0.0,0,0,none
ACCT-002344,CLUSTER-1408,1,0.0,0,0,none
ACCT-000223,CLUSTER-1409,1,0.0,0,0,none
ACCT-003101,CLUSTER-1410,3,0.0525,0,0,legit_shared_device
ACCT-003102,CLUSTER-1410,3,0.0525,0,0,legit_shared_device
ACCT-003103,CLUSTER-1410,3,0.0525,0,0,legit_shared_device
ACCT-001627,CLUSTER-1411,1,0.0,0,0,none
ACCT-000329,CLUSTER-1412,1,0.0,0,0,none
ACCT-002903,CLUSTER-1413,1,0.0,0,0,none
ACCT-002052,CLUSTER-1414,1,0.0,0,0,none
ACCT-000661,CLUSTER-1415,1,0.0,0,0,none
ACCT-000470,CLUSTER-1416,1,0.0,0,0,none
ACCT-000784,CLUSTER-1417,1,0.0,0,0,none
ACCT-001830,CLUSTER-1418,1,0.0,0,0,none
ACCT-002017,CLUSTER-1419,1,0.0,0,0,none
ACCT-002204,CLUSTER-1420,1,0.0,0,0,none
ACCT-001473,CLUSTER-1421,1,0.0,0,0,none
ACCT-002121,CLUSTER-1422,1,0.0,0,0,none
ACCT-002637,CLUSTER-1423,1,0.0,0,0,none
ACCT-001996,CLUSTER-1424,1,0.0,0,0,none
ACCT-002031,CLUSTER-1425,1,0.0,0,0,none
ACCT-002756,CLUSTER-1426,1,0.0,0,0,none
ACCT-001182,CLUSTER-1427,1,0.0,0,0,none
ACCT-001949,CLUSTER-1428,1,0.0,0,0,none
ACCT-001456,CLUSTER-1429,1,0.0,0,0,none
ACCT-000251,CLUSTER-1430,1,0.0,0,0,none
ACCT-001604,CLUSTER-1431,1,0.0,0,0,none
ACCT-001071,CLUSTER-1432,1,0.0,0,0,none
ACCT-001216,CLUSTER-1433,1,0.0,0,0,none
ACCT-001398,CLUSTER-1434,1,0.0,0,0,none
ACCT-000260,CLUSTER-1435,1,0.0,0,0,none
ACCT-002585,CLUSTER-1436,1,0.0,0,0,none
ACCT-002584,CLUSTER-1437,1,0.0,0,0,none
ACCT-000709,CLUSTER-1438,1,0.0,0,0,none
ACCT-002792,CLUSTER-1439,1,0.0,0,0,none
ACCT-000662,CLUSTER-1440,1,0.0,0,0,none
ACCT-001848,CLUSTER-1441,1,0.0,0,0,none
ACCT-003005,CLUSTER-1442,3,0.0525,0,0,legit_shared_device
ACCT-003006,CLUSTER-1442,3,0.0525,0,0,legit_shared_device
ACCT-003007,CLUSTER-1442,3,0.0525,0,0,legit_shared_device
ACCT-000935,CLUSTER-1443,1,0.0,0,0,none
ACCT-002492,CLUSTER-1444,1,0.0,0,0,none
ACCT-002379,CLUSTER-1445,1,0.0,0,0,none
ACCT-002932,CLUSTER-1446,1,0.0,0,0,none
ACCT-000099,CLUSTER-1447,1,0.0,0,0,none
ACCT-000043,CLUSTER-1448,1,0.0,0,0,none
ACCT-001678,CLUSTER-1449,1,0.0,0,0,none
ACCT-001599,CLUSTER-1450,1,0.0,0,0,none
ACCT-001284,CLUSTER-1451,1,0.0,0,0,none
ACCT-001409,CLUSTER-1452,1,0.0,0,0,none
ACCT-000317,CLUSTER-1453,1,0.0,0,0,none
ACCT-002969,CLUSTER-1454,1,0.0,0,0,none
ACCT-001383,CLUSTER-1455,1,0.0,0,0,none
ACCT-001197,CLUSTER-1456,1,0.0,0,0,none
ACCT-001336,CLUSTER-1457,1,0.0,0,0,none
ACCT-000969,CLUSTER-1458,1,0.0,0,0,none
ACCT-000363,CLUSTER-1459,1,0.0,0,0,none
ACCT-001526,CLUSTER-1460,1,0.0,0,0,none
ACCT-002875,CLUSTER-1461,1,0.0,0,0,none
ACCT-001686,CLUSTER-1462,1,0.0,0,0,none
ACCT-002826,CLUSTER-1463,1,0.0,0,0,none
ACCT-002975,CLUSTER-1464,1,0.0,0,0,none
ACCT-002835,CLUSTER-1465,1,0.0,0,0,none
ACCT-002341,CLUSTER-1466,1,0.0,0,0,none
ACCT-001739,CLUSTER-1467,1,0.0,0,0,none
ACCT-002109,CLUSTER-1468,1,0.0,0,0,none
ACCT-000185,CLUSTER-1469,1,0.0,0,0,none
ACCT-001324,CLUSTER-1470,1,0.0,0,0,none
ACCT-001372,CLUSTER-1471,1,0.0,0,0,none
ACCT-002806,CLUSTER-1472,1,0.0,0,0,none
ACCT-002096,CLUSTER-1473,1,0.0,0,0,none
ACCT-001896,CLUSTER-1474,1,0.0,0,0,none
ACCT-001577,CLUSTER-1475,1,0.0,0,0,none
ACCT-000119,CLUSTER-1476,1,0.0,0,0,none
ACCT-001910,CLUSTER-1477,1,0.0,0,0,none
ACCT-000950,CLUSTER-1478,1,0.0,0,0,none
ACCT-000063,CLUSTER-1479,1,0.0,0,0,none
ACCT-002904,CLUSTER-1480,1,0.0,0,0,none
ACCT-001461,CLUSTER-1481,1,0.0,0,0,none
ACCT-000403,CLUSTER-1482,1,0.0,0,0,none
ACCT-002531,CLUSTER-1483,1,0.0,0,0,none
ACCT-000677,CLUSTER-1484,1,0.0,0,0,none
ACCT-001758,CLUSTER-1485,1,0.0,0,0,none
ACCT-000137,CLUSTER-1486,1,0.0,0,0,none
ACCT-001014,CLUSTER-1487,1,0.0,0,0,none
ACCT-000613,CLUSTER-1488,1,0.0,0,0,none
ACCT-002562,CLUSTER-1489,1,0.0,0,0,none
ACCT-003061,CLUSTER-1490,4,0.09,0,0,legit_shared_device
ACCT-003062,CLUSTER-1490,4,0.09,0,0,legit_shared_device
ACCT-003063,CLUSTER-1490,4,0.09,0,0,legit_shared_device
ACCT-003064,CLUSTER-1490,4,0.09,0,0,legit_shared_device
ACCT-000355,CLUSTER-1491,1,0.0,0,0,none
ACCT-002958,CLUSTER-1492,1,0.0,0,0,none
ACCT-002995,CLUSTER-1493,1,0.0,0,0,none
ACCT-000117,CLUSTER-1494,1,0.0,0,0,none
ACCT-001508,CLUSTER-1495,1,0.0,0,0,none
ACCT-000541,CLUSTER-1496,1,0.0,0,0,none
ACCT-000788,CLUSTER-1497,1,0.0,0,0,none
ACCT-002142,CLUSTER-1498,1,0.0,0,0,none
ACCT-000211,CLUSTER-1499,1,0.0,0,0,none
ACCT-002563,CLUSTER-1500,1,0.0,0,0,none
ACCT-000665,CLUSTER-1501,1,0.0,0,0,none
ACCT-000012,CLUSTER-1502,1,0.0,0,0,none
ACCT-000553,CLUSTER-1503,1,0.0,0,0,none
ACCT-002244,CLUSTER-1504,1,0.0,0,0,none
ACCT-002134,CLUSTER-1505,1,0.0,0,0,none
ACCT-002133,CLUSTER-1506,1,0.0,0,0,none
ACCT-000370,CLUSTER-1507,1,0.0,0,0,none
ACCT-001233,CLUSTER-1508,1,0.0,0,0,none
ACCT-002768,CLUSTER-1509,3,0.0525,0,0,none
ACCT-003133,CLUSTER-1509,3,0.0525,0,0,legit_shared_device
ACCT-003134,CLUSTER-1509,3,0.0525,0,0,legit_shared_device
ACCT-002504,CLUSTER-1510,1,0.0,0,0,none
ACCT-001291,CLUSTER-1511,1,0.0,0,0,none
ACCT-001893,CLUSTER-1512,1,0.0,0,0,none
ACCT-002055,CLUSTER-1513,1,0.0,0,0,none
ACCT-001703,CLUSTER-1514,1,0.0,0,0,none
ACCT-002266,CLUSTER-1515,1,0.0,0,0,none
ACCT-002695,CLUSTER-1516,1,0.0,0,0,none
ACCT-002538,CLUSTER-1517,1,0.0,0,0,none
ACCT-002256,CLUSTER-1518,1,0.0,0,0,none
ACCT-001347,CLUSTER-1519,1,0.0,0,0,none
ACCT-001782,CLUSTER-1520,1,0.0,0,0,none
ACCT-001598,CLUSTER-1521,1,0.0,0,0,none
ACCT-000316,CLUSTER-1522,1,0.0,0,0,none
ACCT-002678,CLUSTER-1523,1,0.0,0,0,none
ACCT-000966,CLUSTER-1524,1,0.0,0,0,none
ACCT-000577,CLUSTER-1525,1,0.0,0,0,none
ACCT-000840,CLUSTER-1526,1,0.0,0,0,none
ACCT-000283,CLUSTER-1527,1,0.0,0,0,none
ACCT-001569,CLUSTER-1528,1,0.0,0,0,none
ACCT-000970,CLUSTER-1529,1,0.0,0,0,none
ACCT-002236,CLUSTER-1530,1,0.0,0,0,none
ACCT-000352,CLUSTER-1531,1,0.0,0,0,none
ACCT-000831,CLUSTER-1532,1,0.0,0,0,none
ACCT-001275,CLUSTER-1533,1,0.0,0,0,none
ACCT-001255,CLUSTER-1534,1,0.0,0,0,none
ACCT-002814,CLUSTER-1535,1,0.0,0,0,none
ACCT-000046,CLUSTER-1536,1,0.0,0,0,none
ACCT-000278,CLUSTER-1537,1,0.0,0,0,none
ACCT-000708,CLUSTER-1538,1,0.0,0,0,none
ACCT-000955,CLUSTER-1539,1,0.0,0,0,none
ACCT-001874,CLUSTER-1540,1,0.0,0,0,none
ACCT-000996,CLUSTER-1541,1,0.0,0,0,none
ACCT-001278,CLUSTER-1542,1,0.0,0,0,none
ACCT-002624,CLUSTER-1543,1,0.0,0,0,none
ACCT-002599,CLUSTER-1544,1,0.0,0,0,none
ACCT-001273,CLUSTER-1545,1,0.0,0,0,none
ACCT-001903,CLUSTER-1546,1,0.0,0,0,none
ACCT-001146,CLUSTER-1547,1,0.0,0,0,none
ACCT-002446,CLUSTER-1548,1,0.0,0,0,none
ACCT-000894,CLUSTER-1549,1,0.0,0,0,none
ACCT-002943,CLUSTER-1550,1,0.0,0,0,none
ACCT-001894,CLUSTER-1551,1,0.0,0,0,none
ACCT-002313,CLUSTER-1552,1,0.0,0,0,none
ACCT-001978,CLUSTER-1553,1,0.0,0,0,none
ACCT-002494,CLUSTER-1554,1,0.0,0,0,none
ACCT-000535,CLUSTER-1555,1,0.0,0,0,none
ACCT-000758,CLUSTER-1556,1,0.0,0,0,none
ACCT-001912,CLUSTER-1557,1,0.0,0,0,none
ACCT-002676,CLUSTER-1558,1,0.0,0,0,none
ACCT-001190,CLUSTER-1559,1,0.0,0,0,none
ACCT-001114,CLUSTER-1560,1,0.0,0,0,none
ACCT-001261,CLUSTER-1561,1,0.0,0,0,none
ACCT-002072,CLUSTER-1562,1,0.0,0,0,none
ACCT-002425,CLUSTER-1563,1,0.0,0,0,none
ACCT-001424,CLUSTER-1564,1,0.0,0,0,none
ACCT-000505,CLUSTER-1565,1,0.0,0,0,none
ACCT-001155,CLUSTER-1566,1,0.0,0,0,none
ACCT-000821,CLUSTER-1567,1,0.0,0,0,none
ACCT-000823,CLUSTER-1568,1,0.0,0,0,none
ACCT-001737,CLUSTER-1569,1,0.0,0,0,none
ACCT-001932,CLUSTER-1570,1,0.0,0,0,none
ACCT-001032,CLUSTER-1571,1,0.0,0,0,none
ACCT-001495,CLUSTER-1572,1,0.0,0,0,none
ACCT-001143,CLUSTER-1573,1,0.0,0,0,none
ACCT-001567,CLUSTER-1574,1,0.0,0,0,none
ACCT-002797,CLUSTER-1575,1,0.0,0,0,none
ACCT-001512,CLUSTER-1576,1,0.0,0,0,none
ACCT-000729,CLUSTER-1577,1,0.0,0,0,none
ACCT-001017,CLUSTER-1578,1,0.0,0,0,none
ACCT-001766,CLUSTER-1579,1,0.0,0,0,none
ACCT-000747,CLUSTER-1580,1,0.0,0,0,none
ACCT-001984,CLUSTER-1581,1,0.0,0,0,none
ACCT-002321,CLUSTER-1582,1,0.0,0,0,none
ACCT-002514,CLUSTER-1583,1,0.0,0,0,none
ACCT-001513,CLUSTER-1584,1,0.0,0,0,none
ACCT-002064,CLUSTER-1585,1,0.0,0,0,none
ACCT-001550,CLUSTER-1586,1,0.0,0,0,none
ACCT-001241,CLUSTER-1587,1,0.0,0,0,none
ACCT-001742,CLUSTER-1588,1,0.0,0,0,none
ACCT-001706,CLUSTER-1589,1,0.0,0,0,none
ACCT-001062,CLUSTER-1590,1,0.0,0,0,none
ACCT-001655,CLUSTER-1591,1,0.0,0,0,none
ACCT-001431,CLUSTER-1592,1,0.0,0,0,none
ACCT-001178,CLUSTER-1593,1,0.0,0,0,none
ACCT-001175,CLUSTER-1594,1,0.0,0,0,none
ACCT-002628,CLUSTER-1595,1,0.0,0,0,none
ACCT-001061,CLUSTER-1596,1,0.0,0,0,none
ACCT-000120,CLUSTER-1597,1,0.0,0,0,none
ACCT-002174,CLUSTER-1598,1,0.0,0,0,none
ACCT-001963,CLUSTER-1599,1,0.0,0,0,none
ACCT-000437,CLUSTER-1600,1,0.0,0,0,none
ACCT-001448,CLUSTER-1601,1,0.0,0,0,none
ACCT-002264,CLUSTER-1602,1,0.0,0,0,none
ACCT-002295,CLUSTER-1603,1,0.0,0,0,none
ACCT-000459,CLUSTER-1604,1,0.0,0,0,none
ACCT-002844,CLUSTER-1605,1,0.0,0,0,none
ACCT-001888,CLUSTER-1606,1,0.0,0,0,none
ACCT-001218,CLUSTER-1607,1,0.0,0,0,none
ACCT-000047,CLUSTER-1608,1,0.0,0,0,none
ACCT-000254,CLUSTER-1609,1,0.0,0,0,none
ACCT-000255,CLUSTER-1610,1,0.0,0,0,none
ACCT-000719,CLUSTER-1611,1,0.0,0,0,none
ACCT-002022,CLUSTER-1612,1,0.0,0,0,none
ACCT-001357,CLUSTER-1613,1,0.0,0,0,none
ACCT-000213,CLUSTER-1614,1,0.0,0,0,none
ACCT-002060,CLUSTER-1615,1,0.0,0,0,none
ACCT-000236,CLUSTER-1616,1,0.0,0,0,none
ACCT-001969,CLUSTER-1617,1,0.0,0,0,none
ACCT-000786,CLUSTER-1618,1,0.0,0,0,none
ACCT-001606,CLUSTER-1619,1,0.0,0,0,none
ACCT-002593,CLUSTER-1620,1,0.0,0,0,none
ACCT-002395,CLUSTER-1621,1,0.0,0,0,none
ACCT-000964,CLUSTER-1622,1,0.0,0,0,none
ACCT-002548,CLUSTER-1623,1,0.0,0,0,none
ACCT-003091,CLUSTER-1624,4,0.09,0,0,legit_shared_device
ACCT-003092,CLUSTER-1624,4,0.09,0,0,legit_shared_device
ACCT-003093,CLUSTER-1624,4,0.09,0,0,legit_shared_device
ACCT-003094,CLUSTER-1624,4,0.09,0,0,legit_shared_device
ACCT-000146,CLUSTER-1625,1,0.0,0,0,none
ACCT-002920,CLUSTER-1626,1,0.0,0,0,none
ACCT-001366,CLUSTER-1627,1,0.0,0,0,none
ACCT-002696,CLUSTER-1628,1,0.0,0,0,none
ACCT-000516,CLUSTER-1629,1,0.0,0,0,none
ACCT-000462,CLUSTER-1630,1,0.0,0,0,none
ACCT-001028,CLUSTER-1631,1,0.0,0,0,none
ACCT-002579,CLUSTER-1632,1,0.0,0,0,none
ACCT-000210,CLUSTER-1633,1,0.0,0,0,none
ACCT-002500,CLUSTER-1634,1,0.0,0,0,none
ACCT-000532,CLUSTER-1635,1,0.0,0,0,none
ACCT-002114,CLUSTER-1636,1,0.0,0,0,none
ACCT-000994,CLUSTER-1637,1,0.0,0,0,none
ACCT-001228,CLUSTER-1638,1,0.0,0,0,none
ACCT-000350,CLUSTER-1639,1,0.0,0,0,none
ACCT-000405,CLUSTER-1640,1,0.0,0,0,none
ACCT-000932,CLUSTER-1641,1,0.0,0,0,none
ACCT-000863,CLUSTER-1642,1,0.0,0,0,none
ACCT-000793,CLUSTER-1643,1,0.0,0,0,none
ACCT-001939,CLUSTER-1644,1,0.0,0,0,none
ACCT-001493,CLUSTER-1645,1,0.0,0,0,none
ACCT-001973,CLUSTER-1646,1,0.0,0,0,none
ACCT-001078,CLUSTER-1647,1,0.0,0,0,none
ACCT-002391,CLUSTER-1648,1,0.0,0,0,none
ACCT-002981,CLUSTER-1649,1,0.0,0,0,none
ACCT-000629,CLUSTER-1650,1,0.0,0,0,none
ACCT-002384,CLUSTER-1651,1,0.0,0,0,none
ACCT-000776,CLUSTER-1652,1,0.0,0,0,none
ACCT-003069,CLUSTER-1653,2,0.415,0,0,legit_shared_device
ACCT-003070,CLUSTER-1653,2,0.415,0,0,legit_shared_device
ACCT-000625,CLUSTER-1654,1,0.0,0,0,none
ACCT-000439,CLUSTER-1655,1,0.0,0,0,none
ACCT-000014,CLUSTER-1656,1,0.0,0,0,none
ACCT-003075,CLUSTER-1657,2,0.415,0,0,legit_shared_device
ACCT-003076,CLUSTER-1657,2,0.415,0,0,legit_shared_device
ACCT-001447,CLUSTER-1658,1,0.0,0,0,none
ACCT-001023,CLUSTER-1659,1,0.0,0,0,none
ACCT-001490,CLUSTER-1660,1,0.0,0,0,none
ACCT-002885,CLUSTER-1661,1,0.0,0,0,none
ACCT-001647,CLUSTER-1662,1,0.0,0,0,none
ACCT-002035,CLUSTER-1663,1,0.0,0,0,none
ACCT-000266,CLUSTER-1664,1,0.0,0,0,none
ACCT-002503,CLUSTER-1665,1,0.0,0,0,none
ACCT-002357,CLUSTER-1666,1,0.0,0,0,none
ACCT-002887,CLUSTER-1667,1,0.0,0,0,none
ACCT-001364,CLUSTER-1668,1,0.0,0,0,none
ACCT-000162,CLUSTER-1669,1,0.0,0,0,none
ACCT-000837,CLUSTER-1670,1,0.0,0,0,none
ACCT-000827,CLUSTER-1671,1,0.0,0,0,none
ACCT-001892,CLUSTER-1672,1,0.0,0,0,none
ACCT-002422,CLUSTER-1673,1,0.0,0,0,none
ACCT-000592,CLUSTER-1674,1,0.0,0,0,none
ACCT-002288,CLUSTER-1675,1,0.0,0,0,none
ACCT-000530,CLUSTER-1676,1,0.0,0,0,none
ACCT-002227,CLUSTER-1677,1,0.0,0,0,none
ACCT-001681,CLUSTER-1678,1,0.0,0,0,none
ACCT-002846,CLUSTER-1679,1,0.0,0,0,none
ACCT-002576,CLUSTER-1680,1,0.0,0,0,none
ACCT-000979,CLUSTER-1681,1,0.0,0,0,none
ACCT-002765,CLUSTER-1682,1,0.0,0,0,none
ACCT-002811,CLUSTER-1683,1,0.0,0,0,none
ACCT-000152,CLUSTER-1684,1,0.0,0,0,none
ACCT-000949,CLUSTER-1685,1,0.0,0,0,none
ACCT-000816,CLUSTER-1686,1,0.0,0,0,none
ACCT-000850,CLUSTER-1687,1,0.0,0,0,none
ACCT-001891,CLUSTER-1688,1,0.0,0,0,none
ACCT-002841,CLUSTER-1689,1,0.0,0,0,none
ACCT-002861,CLUSTER-1690,1,0.0,0,0,none
ACCT-002609,CLUSTER-1691,1,0.0,0,0,none
ACCT-002740,CLUSTER-1692,1,0.0,0,0,none
ACCT-002075,CLUSTER-1693,1,0.0,0,0,none
ACCT-001015,CLUSTER-1694,1,0.0,0,0,none
ACCT-000214,CLUSTER-1695,1,0.0,0,0,none
ACCT-000458,CLUSTER-1696,1,0.0,0,0,none
ACCT-000746,CLUSTER-1697,1,0.0,0,0,none
ACCT-000724,CLUSTER-1698,1,0.0,0,0,none
ACCT-000833,CLUSTER-1699,1,0.0,0,0,none
ACCT-002867,CLUSTER-1700,1,0.0,0,0,none
ACCT-001617,CLUSTER-1701,1,0.0,0,0,none
ACCT-001769,CLUSTER-1702,1,0.0,0,0,none
ACCT-000077,CLUSTER-1703,1,0.0,0,0,none
ACCT-001030,CLUSTER-1704,1,0.0,0,0,none
ACCT-000323,CLUSTER-1705,1,0.0,0,0,none
ACCT-000960,CLUSTER-1706,1,0.0,0,0,none
ACCT-002795,CLUSTER-1707,1,0.0,0,0,none
ACCT-001795,CLUSTER-1708,1,0.0,0,0,none
ACCT-002454,CLUSTER-1709,1,0.0,0,0,none
ACCT-001622,CLUSTER-1710,1,0.0,0,0,none
ACCT-002411,CLUSTER-1711,1,0.0,0,0,none
ACCT-002086,CLUSTER-1712,1,0.0,0,0,none
ACCT-002568,CLUSTER-1713,1,0.0,0,0,none
ACCT-001868,CLUSTER-1714,1,0.0,0,0,none
ACCT-000568,CLUSTER-1715,1,0.0,0,0,none
ACCT-000239,CLUSTER-1716,1,0.0,0,0,none
ACCT-002463,CLUSTER-1717,1,0.0,0,0,none
ACCT-002110,CLUSTER-1718,1,0.0,0,0,none
ACCT-000124,CLUSTER-1719,1,0.0,0,0,none
ACCT-002762,CLUSTER-1720,1,0.0,0,0,none
ACCT-003034,CLUSTER-1721,2,0.015,0,0,legit_shared_device
ACCT-003035,CLUSTER-1721,2,0.015,0,0,legit_shared_device
ACCT-001659,CLUSTER-1722,1,0.0,0,0,none
ACCT-001613,CLUSTER-1723,1,0.0,0,0,none
ACCT-000789,CLUSTER-1724,1,0.0,0,0,none
ACCT-002250,CLUSTER-1725,1,0.0,0,0,none
ACCT-002066,CLUSTER-1726,1,0.0,0,0,none
ACCT-001053,CLUSTER-1727,1,0.0,0,0,none
ACCT-002192,CLUSTER-1728,1,0.0,0,0,none
ACCT-000336,CLUSTER-1729,1,0.0,0,0,none
ACCT-002605,CLUSTER-1730,1,0.0,0,0,none
ACCT-001717,CLUSTER-1731,1,0.0,0,0,none
ACCT-002343,CLUSTER-1732,1,0.0,0,0,none
ACCT-001428,CLUSTER-1733,1,0.0,0,0,none
ACCT-001418,CLUSTER-1734,1,0.0,0,0,none
ACCT-000828,CLUSTER-1735,1,0.0,0,0,none
ACCT-000636,CLUSTER-1736,1,0.0,0,0,none
ACCT-001702,CLUSTER-1737,1,0.0,0,0,none
ACCT-000703,CLUSTER-1738,1,0.0,0,0,none
ACCT-000180,CLUSTER-1739,1,0.0,0,0,none
ACCT-001382,CLUSTER-1740,1,0.0,0,0,none
ACCT-001748,CLUSTER-1741,1,0.0,0,0,none
ACCT-001823,CLUSTER-1742,1,0.0,0,0,none
ACCT-001947,CLUSTER-1743,1,0.0,0,0,none
ACCT-002520,CLUSTER-1744,1,0.0,0,0,none
ACCT-000794,CLUSTER-1745,1,0.0,0,0,none
ACCT-002169,CLUSTER-1746,1,0.0,0,0,none
ACCT-000108,CLUSTER-1747,1,0.0,0,0,none
ACCT-001755,CLUSTER-1748,1,0.0,0,0,none
ACCT-002597,CLUSTER-1749,1,0.0,0,0,none
ACCT-000940,CLUSTER-1750,1,0.0,0,0,none
ACCT-001103,CLUSTER-1751,1,0.0,0,0,none
ACCT-000700,CLUSTER-1752,1,0.0,0,0,none
ACCT-000100,CLUSTER-1753,1,0.0,0,0,none
ACCT-001232,CLUSTER-1754,1,0.0,0,0,none
ACCT-002082,CLUSTER-1755,1,0.0,0,0,none
ACCT-002079,CLUSTER-1756,1,0.0,0,0,none
ACCT-002262,CLUSTER-1757,1,0.0,0,0,none
ACCT-000455,CLUSTER-1758,1,0.0,0,0,none
ACCT-002403,CLUSTER-1759,1,0.0,0,0,none
ACCT-001643,CLUSTER-1760,1,0.0,0,0,none
ACCT-000190,CLUSTER-1761,1,0.0,0,0,none
ACCT-002613,CLUSTER-1762,1,0.0,0,0,none
ACCT-000575,CLUSTER-1763,1,0.0,0,0,none
ACCT-000302,CLUSTER-1764,1,0.0,0,0,none
ACCT-000385,CLUSTER-1765,1,0.0,0,0,none
ACCT-002383,CLUSTER-1766,1,0.0,0,0,none
ACCT-001867,CLUSTER-1767,1,0.0,0,0,none
ACCT-001012,CLUSTER-1768,1,0.0,0,0,none
ACCT-002636,CLUSTER-1769,1,0.0,0,0,none
ACCT-001405,CLUSTER-1770,1,0.0,0,0,none
ACCT-001359,CLUSTER-1771,1,0.0,0,0,none
ACCT-002664,CLUSTER-1772,1,0.0,0,0,none
ACCT-000637,CLUSTER-1773,1,0.0,0,0,none
ACCT-001264,CLUSTER-1774,1,0.0,0,0,none
ACCT-000656,CLUSTER-1775,1,0.0,0,0,none
ACCT-000811,CLUSTER-1776,1,0.0,0,0,none
ACCT-001193,CLUSTER-1777,1,0.0,0,0,none
ACCT-001609,CLUSTER-1778,1,0.0,0,0,none
ACCT-001692,CLUSTER-1779,1,0.0,0,0,none
ACCT-001209,CLUSTER-1780,1,0.0,0,0,none
ACCT-002331,CLUSTER-1781,1,0.0,0,0,none
ACCT-001520,CLUSTER-1782,1,0.0,0,0,none
ACCT-000778,CLUSTER-1783,1,0.0,0,0,none
ACCT-001083,CLUSTER-1784,1,0.0,0,0,none
ACCT-001751,CLUSTER-1785,1,0.0,0,0,none
ACCT-000617,CLUSTER-1786,1,0.0,0,0,none
ACCT-001503,CLUSTER-1787,1,0.0,0,0,none
ACCT-003149,CLUSTER-1788,2,0.015,0,0,legit_shared_device
ACCT-003150,CLUSTER-1788,2,0.015,0,0,legit_shared_device
ACCT-000736,CLUSTER-1789,1,0.0,0,0,none
ACCT-001292,CLUSTER-1790,1,0.0,0,0,none
ACCT-000738,CLUSTER-1791,1,0.0,0,0,none
ACCT-000401,CLUSTER-1792,1,0.0,0,0,none
ACCT-002747,CLUSTER-1793,1,0.0,0,0,none
ACCT-001173,CLUSTER-1794,1,0.0,0,0,none
ACCT-001413,CLUSTER-1795,1,0.0,0,0,none
ACCT-000643,CLUSTER-1796,1,0.0,0,0,none
ACCT-002812,CLUSTER-1797,1,0.0,0,0,none
ACCT-002570,CLUSTER-1798,1,0.0,0,0,none
ACCT-002233,CLUSTER-1799,1,0.0,0,0,none
ACCT-002515,CLUSTER-1800,1,0.0,0,0,none
ACCT-001021,CLUSTER-1801,1,0.0,0,0,none
ACCT-002982,CLUSTER-1802,1,0.0,0,0,none
ACCT-000380,CLUSTER-1803,1,0.0,0,0,none
ACCT-002098,CLUSTER-1804,1,0.0,0,0,none
ACCT-002791,CLUSTER-1805,1,0.0,0,0,none
ACCT-001709,CLUSTER-1806,1,0.0,0,0,none
ACCT-001122,CLUSTER-1807,1,0.0,0,0,none
ACCT-001260,CLUSTER-1808,1,0.0,0,0,none
ACCT-002393,CLUSTER-1809,1,0.0,0,0,none
ACCT-003247,CLUSTER-1810,1,0.0,0,1,fraud_ring
ACCT-002306,CLUSTER-1811,1,0.0,0,0,none
ACCT-002630,CLUSTER-1812,1,0.0,0,0,none
ACCT-000675,CLUSTER-1813,1,0.0,0,0,none
ACCT-000527,CLUSTER-1814,1,0.0,0,0,none
ACCT-002894,CLUSTER-1815,1,0.0,0,0,none
ACCT-000345,CLUSTER-1816,1,0.0,0,0,none
ACCT-001837,CLUSTER-1817,1,0.0,0,0,none
ACCT-000447,CLUSTER-1818,1,0.0,0,0,none
ACCT-002716,CLUSTER-1819,1,0.0,0,0,none
ACCT-001487,CLUSTER-1820,1,0.0,0,0,none
ACCT-002025,CLUSTER-1821,1,0.0,0,0,none
ACCT-001230,CLUSTER-1822,1,0.0,0,0,none
ACCT-002964,CLUSTER-1823,1,0.0,0,0,none
ACCT-002468,CLUSTER-1824,1,0.0,0,0,none
ACCT-000757,CLUSTER-1825,1,0.0,0,0,none
ACCT-001559,CLUSTER-1826,1,0.0,0,0,none
ACCT-002871,CLUSTER-1827,1,0.0,0,0,none
ACCT-002954,CLUSTER-1828,1,0.0,0,0,none
ACCT-002257,CLUSTER-1829,1,0.0,0,0,none
ACCT-000803,CLUSTER-1830,1,0.0,0,0,none
ACCT-001999,CLUSTER-1831,1,0.0,0,0,none
ACCT-000672,CLUSTER-1832,1,0.0,0,0,none
ACCT-002382,CLUSTER-1833,1,0.0,0,0,none
ACCT-002409,CLUSTER-1834,1,0.0,0,0,none
ACCT-002856,CLUSTER-1835,1,0.0,0,0,none
ACCT-000131,CLUSTER-1836,1,0.0,0,0,none
ACCT-002243,CLUSTER-1837,1,0.0,0,0,none
ACCT-001411,CLUSTER-1838,1,0.0,0,0,none
ACCT-001327,CLUSTER-1839,1,0.0,0,0,none
ACCT-000582,CLUSTER-1840,1,0.0,0,0,none
ACCT-001283,CLUSTER-1841,1,0.0,0,0,none
ACCT-001684,CLUSTER-1842,1,0.0,0,0,none
ACCT-001223,CLUSTER-1843,1,0.0,0,0,none
ACCT-001740,CLUSTER-1844,1,0.0,0,0,none
ACCT-000241,CLUSTER-1845,1,0.0,0,0,none
ACCT-000835,CLUSTER-1846,1,0.0,0,0,none
ACCT-000843,CLUSTER-1847,1,0.0,0,0,none
ACCT-000552,CLUSTER-1848,1,0.0,0,0,none
ACCT-000149,CLUSTER-1849,1,0.0,0,0,none
ACCT-002153,CLUSTER-1850,1,0.0,0,0,none
ACCT-002688,CLUSTER-1851,1,0.0,0,0,none
ACCT-001043,CLUSTER-1852,1,0.0,0,0,none
ACCT-002721,CLUSTER-1853,1,0.0,0,0,none
ACCT-002214,CLUSTER-1854,1,0.0,0,0,none
ACCT-002561,CLUSTER-1855,1,0.0,0,0,none
ACCT-000041,CLUSTER-1856,1,0.0,0,0,none
ACCT-000362,CLUSTER-1857,1,0.0,0,0,none
ACCT-002067,CLUSTER-1858,1,0.0,0,0,none
ACCT-001788,CLUSTER-1859,1,0.0,0,0,none
ACCT-002851,CLUSTER-1860,1,0.0,0,0,none
ACCT-000902,CLUSTER-1861,1,0.0,0,0,none
ACCT-002572,CLUSTER-1862,1,0.0,0,0,none
ACCT-000862,CLUSTER-1863,1,0.0,0,0,none
ACCT-002852,CLUSTER-1864,1,0.0,0,0,none
ACCT-000060,CLUSTER-1865,1,0.0,0,0,none
ACCT-002433,CLUSTER-1866,1,0.0,0,0,none
ACCT-002658,CLUSTER-1867,1,0.0,0,0,none
ACCT-000024,CLUSTER-1868,1,0.0,0,0,none
ACCT-002301,CLUSTER-1869,1,0.0,0,0,none
ACCT-002208,CLUSTER-1870,1,0.0,0,0,none
ACCT-002685,CLUSTER-1871,1,0.0,0,0,none
ACCT-002818,CLUSTER-1872,1,0.0,0,0,none
ACCT-001304,CLUSTER-1873,1,0.0,0,0,none
ACCT-000338,CLUSTER-1874,1,0.0,0,0,none
ACCT-000760,CLUSTER-1875,1,0.0,0,0,none
ACCT-000965,CLUSTER-1876,1,0.0,0,0,none
ACCT-001167,CLUSTER-1877,1,0.0,0,0,none
ACCT-001753,CLUSTER-1878,1,0.0,0,0,none
ACCT-001987,CLUSTER-1879,1,0.0,0,0,none
ACCT-001827,CLUSTER-1880,1,0.0,0,0,none
ACCT-001059,CLUSTER-1881,1,0.0,0,0,none
ACCT-001955,CLUSTER-1882,1,0.0,0,0,none
ACCT-002583,CLUSTER-1883,1,0.0,0,0,none
ACCT-000715,CLUSTER-1884,1,0.0,0,0,none
ACCT-000085,CLUSTER-1885,1,0.0,0,0,none
ACCT-002641,CLUSTER-1886,1,0.0,0,0,none
ACCT-002200,CLUSTER-1887,1,0.0,0,0,none
ACCT-001199,CLUSTER-1888,1,0.0,0,0,none
ACCT-002020,CLUSTER-1889,1,0.0,0,0,none
ACCT-000169,CLUSTER-1890,1,0.0,0,0,none
ACCT-000387,CLUSTER-1891,1,0.0,0,0,none
ACCT-002334,CLUSTER-1892,1,0.0,0,0,none
ACCT-001504,CLUSTER-1893,1,0.0,0,0,none
ACCT-001760,CLUSTER-1894,1,0.0,0,0,none
ACCT-000744,CLUSTER-1895,1,0.0,0,0,none
ACCT-000716,CLUSTER-1896,1,0.0,0,0,none
ACCT-000737,CLUSTER-1897,1,0.0,0,0,none
ACCT-002093,CLUSTER-1898,1,0.0,0,0,none
ACCT-001482,CLUSTER-1899,1,0.0,0,0,none
ACCT-001668,CLUSTER-1900,1,0.0,0,0,none
ACCT-001700,CLUSTER-1901,1,0.0,0,0,none
ACCT-001757,CLUSTER-1902,1,0.0,0,0,none
ACCT-001397,CLUSTER-1903,1,0.0,0,0,none
ACCT-002415,CLUSTER-1904,1,0.0,0,0,none
ACCT-001188,CLUSTER-1905,1,0.0,0,0,none
ACCT-000911,CLUSTER-1906,1,0.0,0,0,none
ACCT-001198,CLUSTER-1907,1,0.0,0,0,none
ACCT-000268,CLUSTER-1908,1,0.0,0,0,none
ACCT-000312,CLUSTER-1909,1,0.0,0,0,none
ACCT-002734,CLUSTER-1910,1,0.0,0,0,none
ACCT-000490,CLUSTER-1911,1,0.0,0,0,none
ACCT-001730,CLUSTER-1912,1,0.0,0,0,none
ACCT-002165,CLUSTER-1913,1,0.0,0,0,none
ACCT-001246,CLUSTER-1914,1,0.0,0,0,none
ACCT-002764,CLUSTER-1915,1,0.0,0,0,none
ACCT-001451,CLUSTER-1916,1,0.0,0,0,none
ACCT-001225,CLUSTER-1917,1,0.0,0,0,none
ACCT-000865,CLUSTER-1918,1,0.0,0,0,none
ACCT-001285,CLUSTER-1919,1,0.0,0,0,none
ACCT-001354,CLUSTER-1920,1,0.0,0,0,none
ACCT-000457,CLUSTER-1921,1,0.0,0,0,none
ACCT-000204,CLUSTER-1922,1,0.0,0,0,none
ACCT-002896,CLUSTER-1923,1,0.0,0,0,none
ACCT-001172,CLUSTER-1924,1,0.0,0,0,none
ACCT-000767,CLUSTER-1925,1,0.0,0,0,none
ACCT-002801,CLUSTER-1926,1,0.0,0,0,none
ACCT-002976,CLUSTER-1927,1,0.0,0,0,none
ACCT-001914,CLUSTER-1928,1,0.0,0,0,none
ACCT-001767,CLUSTER-1929,1,0.0,0,0,none
ACCT-000988,CLUSTER-1930,1,0.0,0,0,none
ACCT-001885,CLUSTER-1931,1,0.0,0,0,none
ACCT-003151,CLUSTER-1932,3,0.0525,0,0,legit_shared_device
ACCT-003152,CLUSTER-1932,3,0.0525,0,0,legit_shared_device
ACCT-003153,CLUSTER-1932,3,0.0525,0,0,legit_shared_device
ACCT-001707,CLUSTER-1933,1,0.0,0,0,none
ACCT-002316,CLUSTER-1934,1,0.0,0,0,none
ACCT-001224,CLUSTER-1935,1,0.0,0,0,none
ACCT-002457,CLUSTER-1936,1,0.0,0,0,none
ACCT-002278,CLUSTER-1937,1,0.0,0,0,none
ACCT-002616,CLUSTER-1938,1,0.0,0,0,none
ACCT-002185,CLUSTER-1939,1,0.0,0,0,none
ACCT-001836,CLUSTER-1940,1,0.0,0,0,none
ACCT-002490,CLUSTER-1941,1,0.0,0,0,none
ACCT-000366,CLUSTER-1942,1,0.0,0,0,none
ACCT-001052,CLUSTER-1943,1,0.0,0,0,none
ACCT-001337,CLUSTER-1944,1,0.0,0,0,none
ACCT-002621,CLUSTER-1945,1,0.0,0,0,none
ACCT-001997,CLUSTER-1946,1,0.0,0,0,none
ACCT-000924,CLUSTER-1947,1,0.0,0,0,none
ACCT-002010,CLUSTER-1948,1,0.0,0,0,none
ACCT-000678,CLUSTER-1949,1,0.0,0,0,none
ACCT-000128,CLUSTER-1950,1,0.0,0,0,none
ACCT-000328,CLUSTER-1951,1,0.0,0,0,none
ACCT-000780,CLUSTER-1952,1,0.0,0,0,none
ACCT-001614,CLUSTER-1953,1,0.0,0,0,none
ACCT-001544,CLUSTER-1954,1,0.0,0,0,none
ACCT-001018,CLUSTER-1955,1,0.0,0,0,none
ACCT-000038,CLUSTER-1956,1,0.0,0,0,none
ACCT-002405,CLUSTER-1957,1,0.0,0,0,none
ACCT-000799,CLUSTER-1958,1,0.0,0,0,none
ACCT-000944,CLUSTER-1959,1,0.0,0,0,none
ACCT-000562,CLUSTER-1960,1,0.0,0,0,none
ACCT-002935,CLUSTER-1961,1,0.0,0,0,none
ACCT-001132,CLUSTER-1962,1,0.0,0,0,none
ACCT-000632,CLUSTER-1963,1,0.0,0,0,none
ACCT-001833,CLUSTER-1964,1,0.0,0,0,none
ACCT-001728,CLUSTER-1965,1,0.0,0,0,none
ACCT-001718,CLUSTER-1966,1,0.0,0,0,none
ACCT-000671,CLUSTER-1967,1,0.0,0,0,none
ACCT-000958,CLUSTER-1968,1,0.0,0,0,none
ACCT-000022,CLUSTER-1969,1,0.0,0,0,none
ACCT-003012,CLUSTER-1970,4,0.09,0,0,legit_shared_device
ACCT-003013,CLUSTER-1970,4,0.09,0,0,legit_shared_device
ACCT-003014,CLUSTER-1970,4,0.09,0,0,legit_shared_device
ACCT-003015,CLUSTER-1970,4,0.09,0,0,legit_shared_device
ACCT-001484,CLUSTER-1971,1,0.0,0,0,none
ACCT-002532,CLUSTER-1972,1,0.0,0,0,none
ACCT-001453,CLUSTER-1973,1,0.0,0,0,none
ACCT-001125,CLUSTER-1974,1,0.0,0,0,none
ACCT-000139,CLUSTER-1975,1,0.0,0,0,none
ACCT-000062,CLUSTER-1976,1,0.0,0,0,none
ACCT-001877,CLUSTER-1977,1,0.0,0,0,none
ACCT-000009,CLUSTER-1978,1,0.0,0,0,none
ACCT-002926,CLUSTER-1979,1,0.0,0,0,none
ACCT-000372,CLUSTER-1980,1,0.0,0,0,none
ACCT-002432,CLUSTER-1981,1,0.0,0,0,none
ACCT-000693,CLUSTER-1982,1,0.0,0,0,none
ACCT-000199,CLUSTER-1983,1,0.0,0,0,none
ACCT-000082,CLUSTER-1984,1,0.0,0,0,none
ACCT-000399,CLUSTER-1985,1,0.0,0,0,none
ACCT-000818,CLUSTER-1986,1,0.0,0,0,none
ACCT-000404,CLUSTER-1987,1,0.0,0,0,none
ACCT-000892,CLUSTER-1988,1,0.0,0,0,none
ACCT-001399,CLUSTER-1989,1,0.0,0,0,none
ACCT-000004,CLUSTER-1990,1,0.0,0,0,none
ACCT-001031,CLUSTER-1991,1,0.0,0,0,none
ACCT-000384,CLUSTER-1992,1,0.0,0,0,none
ACCT-000309,CLUSTER-1993,1,0.0,0,0,none
ACCT-000655,CLUSTER-1994,1,0.0,0,0,none
ACCT-000061,CLUSTER-1995,1,0.0,0,0,none
ACCT-001437,CLUSTER-1996,1,0.0,0,0,none
ACCT-000649,CLUSTER-1997,1,0.0,0,0,none
ACCT-001621,CLUSTER-1998,1,0.0,0,0,none
ACCT-002786,CLUSTER-1999,1,0.0,0,0,none
ACCT-000551,CLUSTER-2000,1,0.0,0,0,none
ACCT-002783,CLUSTER-2001,1,0.0,0,0,none
ACCT-000578,CLUSTER-2002,1,0.0,0,0,none
ACCT-001252,CLUSTER-2003,1,0.0,0,0,none
ACCT-002303,CLUSTER-2004,1,0.0,0,0,none
ACCT-001391,CLUSTER-2005,1,0.0,0,0,none
ACCT-001159,CLUSTER-2006,1,0.0,0,0,none
ACCT-000324,CLUSTER-2007,1,0.0,0,0,none
ACCT-002601,CLUSTER-2008,1,0.0,0,0,none
ACCT-000919,CLUSTER-2009,1,0.0,0,0,none
ACCT-000997,CLUSTER-2010,1,0.0,0,0,none
ACCT-000905,CLUSTER-2011,1,0.0,0,0,none
ACCT-001677,CLUSTER-2012,1,0.0,0,0,none
ACCT-001858,CLUSTER-2013,1,0.0,0,0,none
ACCT-001295,CLUSTER-2014,1,0.0,0,0,none
ACCT-002804,CLUSTER-2015,1,0.0,0,0,none
ACCT-001724,CLUSTER-2016,1,0.0,0,0,none
ACCT-001540,CLUSTER-2017,1,0.0,0,0,none
ACCT-001859,CLUSTER-2018,1,0.0,0,0,none
ACCT-000927,CLUSTER-2019,1,0.0,0,0,none
ACCT-001345,CLUSTER-2020,1,0.0,0,0,none
ACCT-001638,CLUSTER-2021,1,0.0,0,0,none
ACCT-002024,CLUSTER-2022,1,0.0,0,0,none
ACCT-000791,CLUSTER-2023,1,0.0,0,0,none
ACCT-002843,CLUSTER-2024,1,0.0,0,0,none
ACCT-000058,CLUSTER-2025,1,0.0,0,0,none
ACCT-001585,CLUSTER-2026,1,0.0,0,0,none
ACCT-001800,CLUSTER-2027,1,0.0,0,0,none
ACCT-002763,CLUSTER-2028,1,0.0,0,0,none
ACCT-002461,CLUSTER-2029,1,0.0,0,0,none
ACCT-000342,CLUSTER-2030,1,0.0,0,0,none
ACCT-001586,CLUSTER-2031,1,0.0,0,0,none
ACCT-001820,CLUSTER-2032,1,0.0,0,0,none
ACCT-001580,CLUSTER-2033,1,0.0,0,0,none
ACCT-000546,CLUSTER-2034,1,0.0,0,0,none
ACCT-001708,CLUSTER-2035,1,0.0,0,0,none
ACCT-002838,CLUSTER-2036,1,0.0,0,0,none
ACCT-002037,CLUSTER-2037,1,0.0,0,0,none
ACCT-002918,CLUSTER-2038,1,0.0,0,0,none
ACCT-002925,CLUSTER-2039,1,0.0,0,0,none
ACCT-002144,CLUSTER-2040,1,0.0,0,0,none
ACCT-002293,CLUSTER-2041,1,0.0,0,0,none
ACCT-000971,CLUSTER-2042,1,0.0,0,0,none
ACCT-000314,CLUSTER-2043,1,0.0,0,0,none
ACCT-002821,CLUSTER-2044,1,0.0,0,0,none
ACCT-000340,CLUSTER-2045,1,0.0,0,0,none
ACCT-000219,CLUSTER-2046,1,0.0,0,0,none
ACCT-000196,CLUSTER-2047,1,0.0,0,0,none
ACCT-001813,CLUSTER-2048,1,0.0,0,0,none
ACCT-002547,CLUSTER-2049,1,0.0,0,0,none
ACCT-002018,CLUSTER-2050,1,0.0,0,0,none
ACCT-003026,CLUSTER-2051,4,0.49,0,0,legit_shared_device
ACCT-003027,CLUSTER-2051,4,0.49,0,0,legit_shared_device
ACCT-003028,CLUSTER-2051,4,0.49,0,0,legit_shared_device
ACCT-003029,CLUSTER-2051,4,0.49,0,0,legit_shared_device
ACCT-001937,CLUSTER-2052,1,0.0,0,0,none
ACCT-001472,CLUSTER-2053,1,0.0,0,0,none
ACCT-001906,CLUSTER-2054,1,0.0,0,0,none
ACCT-001993,CLUSTER-2055,1,0.0,0,0,none
ACCT-000197,CLUSTER-2056,1,0.0,0,0,none
ACCT-000463,CLUSTER-2057,1,0.0,0,0,none
ACCT-001306,CLUSTER-2058,1,0.0,0,0,none
ACCT-001008,CLUSTER-2059,1,0.0,0,0,none
ACCT-000107,CLUSTER-2060,1,0.0,0,0,none
ACCT-002011,CLUSTER-2061,1,0.0,0,0,none
ACCT-002784,CLUSTER-2062,1,0.0,0,0,none
ACCT-001036,CLUSTER-2063,1,0.0,0,0,none
ACCT-002267,CLUSTER-2064,1,0.0,0,0,none
ACCT-000871,CLUSTER-2065,1,0.0,0,0,none
ACCT-001385,CLUSTER-2066,1,0.0,0,0,none
ACCT-001972,CLUSTER-2067,1,0.0,0,0,none
ACCT-001208,CLUSTER-2068,1,0.0,0,0,none
ACCT-001975,CLUSTER-2069,1,0.0,0,0,none
ACCT-000059,CLUSTER-2070,1,0.0,0,0,none
ACCT-001092,CLUSTER-2071,1,0.0,0,0,none
ACCT-002150,CLUSTER-2072,1,0.0,0,0,none
ACCT-002987,CLUSTER-2073,1,0.0,0,0,none
ACCT-002202,CLUSTER-2074,1,0.0,0,0,none
ACCT-000359,CLUSTER-2075,1,0.0,0,0,none
ACCT-002453,CLUSTER-2076,1,0.0,0,0,none
ACCT-000563,CLUSTER-2077,1,0.0,0,0,none
ACCT-000801,CLUSTER-2078,1,0.0,0,0,none
ACCT-002805,CLUSTER-2079,1,0.0,0,0,none
ACCT-001916,CLUSTER-2080,1,0.0,0,0,none
ACCT-001269,CLUSTER-2081,1,0.0,0,0,none
ACCT-000868,CLUSTER-2082,1,0.0,0,0,none
ACCT-001265,CLUSTER-2083,1,0.0,0,0,none
ACCT-002873,CLUSTER-2084,1,0.0,0,0,none
ACCT-001245,CLUSTER-2085,1,0.0,0,0,none
ACCT-001396,CLUSTER-2086,1,0.0,0,0,none
ACCT-002927,CLUSTER-2087,1,0.0,0,0,none
ACCT-000086,CLUSTER-2088,1,0.0,0,0,none
ACCT-000593,CLUSTER-2089,1,0.0,0,0,none
ACCT-001346,CLUSTER-2090,1,0.0,0,0,none
ACCT-001862,CLUSTER-2091,1,0.0,0,0,none
ACCT-003139,CLUSTER-2092,3,0.0525,0,0,legit_shared_device
ACCT-003140,CLUSTER-2092,3,0.0525,0,0,legit_shared_device
ACCT-003141,CLUSTER-2092,3,0.0525,0,0,legit_shared_device
ACCT-000299,CLUSTER-2093,1,0.0,0,0,none
ACCT-001154,CLUSTER-2094,1,0.0,0,0,none
ACCT-001118,CLUSTER-2095,1,0.0,0,0,none
ACCT-000673,CLUSTER-2096,1,0.0,0,0,none
ACCT-000081,CLUSTER-2097,1,0.0,0,0,none
ACCT-001010,CLUSTER-2098,1,0.0,0,0,none
ACCT-000658,CLUSTER-2099,1,0.0,0,0,none
ACCT-001847,CLUSTER-2100,1,0.0,0,0,none
ACCT-002528,CLUSTER-2101,1,0.0,0,0,none
ACCT-000692,CLUSTER-2102,1,0.0,0,0,none
ACCT-001328,CLUSTER-2103,1,0.0,0,0,none
ACCT-002649,CLUSTER-2104,1,0.0,0,0,none
ACCT-000482,CLUSTER-2105,1,0.0,0,0,none
ACCT-001574,CLUSTER-2106,1,0.0,0,0,none
ACCT-001768,CLUSTER-2107,1,0.0,0,0,none
ACCT-002042,CLUSTER-2108,1,0.0,0,0,none
ACCT-001081,CLUSTER-2109,1,0.0,0,0,none
ACCT-001872,CLUSTER-2110,1,0.0,0,0,none
ACCT-002108,CLUSTER-2111,1,0.0,0,0,none
ACCT-001266,CLUSTER-2112,1,0.0,0,0,none
ACCT-000913,CLUSTER-2113,1,0.0,0,0,none
ACCT-001747,CLUSTER-2114,1,0.0,0,0,none
ACCT-002589,CLUSTER-2115,1,0.0,0,0,none
ACCT-002077,CLUSTER-2116,1,0.0,0,0,none
ACCT-000555,CLUSTER-2117,1,0.0,0,0,none
ACCT-000641,CLUSTER-2118,1,0.0,0,0,none
ACCT-000039,CLUSTER-2119,1,0.0,0,0,none
ACCT-002603,CLUSTER-2120,1,0.0,0,0,none
ACCT-000406,CLUSTER-2121,1,0.0,0,0,none
ACCT-001465,CLUSTER-2122,1,0.0,0,0,none
ACCT-000635,CLUSTER-2123,1,0.0,0,0,none
ACCT-002551,CLUSTER-2124,1,0.0,0,0,none
ACCT-001530,CLUSTER-2125,1,0.0,0,0,none
ACCT-000424,CLUSTER-2126,1,0.0,0,0,none
ACCT-000472,CLUSTER-2127,1,0.0,0,0,none
ACCT-002908,CLUSTER-2128,1,0.0,0,0,none
ACCT-002744,CLUSTER-2129,1,0.0,0,0,none
ACCT-001982,CLUSTER-2130,1,0.0,0,0,none
ACCT-001494,CLUSTER-2131,1,0.0,0,0,none
ACCT-002587,CLUSTER-2132,1,0.0,0,0,none
ACCT-001761,CLUSTER-2133,1,0.0,0,0,none
ACCT-002328,CLUSTER-2134,1,0.0,0,0,none
ACCT-000094,CLUSTER-2135,1,0.0,0,0,none
ACCT-003118,CLUSTER-2136,3,0.0525,0,0,legit_shared_device
ACCT-003119,CLUSTER-2136,3,0.0525,0,0,legit_shared_device
ACCT-003120,CLUSTER-2136,3,0.0525,0,0,legit_shared_device
ACCT-000495,CLUSTER-2137,1,0.0,0,0,none
ACCT-001545,CLUSTER-2138,1,0.0,0,0,none
ACCT-001787,CLUSTER-2139,1,0.0,0,0,none
ACCT-001572,CLUSTER-2140,1,0.0,0,0,none
ACCT-002529,CLUSTER-2141,1,0.0,0,0,none
ACCT-001079,CLUSTER-2142,1,0.0,0,0,none
ACCT-000023,CLUSTER-2143,1,0.0,0,0,none
ACCT-001597,CLUSTER-2144,1,0.0,0,0,none
ACCT-001852,CLUSTER-2145,1,0.0,0,0,none
ACCT-001593,CLUSTER-2146,1,0.0,0,0,none
ACCT-001363,CLUSTER-2147,1,0.0,0,0,none
ACCT-000842,CLUSTER-2148,1,0.0,0,0,none
ACCT-001358,CLUSTER-2149,1,0.0,0,0,none
ACCT-000245,CLUSTER-2150,1,0.0,0,0,none
ACCT-000025,CLUSTER-2151,1,0.0,0,0,none
ACCT-000800,CLUSTER-2152,1,0.0,0,0,none
ACCT-000720,CLUSTER-2153,1,0.0,0,0,none
ACCT-002407,CLUSTER-2154,1,0.0,0,0,none
ACCT-002430,CLUSTER-2155,1,0.0,0,0,none
ACCT-002559,CLUSTER-2156,1,0.0,0,0,none
ACCT-002914,CLUSTER-2157,1,0.0,0,0,none
ACCT-000451,CLUSTER-2158,1,0.0,0,0,none
ACCT-001320,CLUSTER-2159,1,0.0,0,0,none
ACCT-002062,CLUSTER-2160,1,0.0,0,0,none
ACCT-002361,CLUSTER-2161,1,0.0,0,0,none
ACCT-002672,CLUSTER-2162,1,0.0,0,0,none
ACCT-000491,CLUSTER-2163,1,0.0,0,0,none
ACCT-001909,CLUSTER-2164,1,0.0,0,0,none
ACCT-001770,CLUSTER-2165,1,0.0,0,0,none
ACCT-001688,CLUSTER-2166,1,0.0,0,0,none
ACCT-002356,CLUSTER-2167,1,0.0,0,0,none
ACCT-001924,CLUSTER-2168,1,0.0,0,0,none
ACCT-000591,CLUSTER-2169,1,0.0,0,0,none
ACCT-001474,CLUSTER-2170,1,0.0,0,0,none
ACCT-002180,CLUSTER-2171,1,0.0,0,0,none
ACCT-002656,CLUSTER-2172,1,0.0,0,0,none
ACCT-000689,CLUSTER-2173,1,0.0,0,0,none
ACCT-000626,CLUSTER-2174,1,0.0,0,0,none
ACCT-001536,CLUSTER-2175,1,0.0,0,0,none
ACCT-002937,CLUSTER-2176,1,0.0,0,0,none
ACCT-001956,CLUSTER-2177,1,0.0,0,0,none
ACCT-000645,CLUSTER-2178,1,0.0,0,0,none
ACCT-002790,CLUSTER-2179,1,0.0,0,0,none
ACCT-002176,CLUSTER-2180,1,0.0,0,0,none
ACCT-002299,CLUSTER-2181,1,0.0,0,0,none
ACCT-000596,CLUSTER-2182,1,0.0,0,0,none
ACCT-002038,CLUSTER-2183,1,0.0,0,0,none
ACCT-002026,CLUSTER-2184,1,0.0,0,0,none
ACCT-000288,CLUSTER-2185,1,0.0,0,0,none
ACCT-000163,CLUSTER-2186,1,0.0,0,0,none
ACCT-002647,CLUSTER-2187,1,0.0,0,0,none
ACCT-002944,CLUSTER-2188,1,0.0,0,0,none
ACCT-001468,CLUSTER-2189,1,0.0,0,0,none
ACCT-002146,CLUSTER-2190,1,0.0,0,0,none
ACCT-000353,CLUSTER-2191,1,0.0,0,0,none
ACCT-002639,CLUSTER-2192,1,0.0,0,0,none
ACCT-000674,CLUSTER-2193,1,0.0,0,0,none
ACCT-001531,CLUSTER-2194,1,0.0,0,0,none
ACCT-001961,CLUSTER-2195,1,0.0,0,0,none
ACCT-002479,CLUSTER-2196,1,0.0,0,0,none
ACCT-000331,CLUSTER-2197,1,0.0,0,0,none
ACCT-000881,CLUSTER-2198,1,0.0,0,0,none
ACCT-001361,CLUSTER-2199,1,0.0,0,0,none
ACCT-000225,CLUSTER-2200,1,0.0,0,0,none
ACCT-002045,CLUSTER-2201,1,0.0,0,0,none
ACCT-002738,CLUSTER-2202,1,0.0,0,0,none
ACCT-000706,CLUSTER-2203,1,0.0,0,0,none
ACCT-002160,CLUSTER-2204,1,0.0,0,0,none
ACCT-002939,CLUSTER-2205,1,0.0,0,0,none
ACCT-000306,CLUSTER-2206,1,0.0,0,0,none
ACCT-001925,CLUSTER-2207,1,0.0,0,0,none
ACCT-001045,CLUSTER-2208,1,0.0,0,0,none
ACCT-002118,CLUSTER-2209,1,0.0,0,0,none
ACCT-002992,CLUSTER-2210,1,0.0,0,0,none
ACCT-001785,CLUSTER-2211,1,0.0,0,0,none
ACCT-001085,CLUSTER-2212,1,0.0,0,0,none
ACCT-000290,CLUSTER-2213,1,0.0,0,0,none
ACCT-000114,CLUSTER-2214,1,0.0,0,0,none
ACCT-000917,CLUSTER-2215,1,0.0,0,0,none
ACCT-000526,CLUSTER-2216,1,0.0,0,0,none
ACCT-002480,CLUSTER-2217,1,0.0,0,0,none
ACCT-001259,CLUSTER-2218,1,0.0,0,0,none
ACCT-001496,CLUSTER-2219,1,0.0,0,0,none
ACCT-002362,CLUSTER-2220,1,0.0,0,0,none
ACCT-002749,CLUSTER-2221,1,0.0,0,0,none
ACCT-001352,CLUSTER-2222,1,0.0,0,0,none
ACCT-002635,CLUSTER-2223,1,0.0,0,0,none
ACCT-001402,CLUSTER-2224,1,0.0,0,0,none
ACCT-002028,CLUSTER-2225,1,0.0,0,0,none
ACCT-002347,CLUSTER-2226,1,0.0,0,0,none
ACCT-002140,CLUSTER-2227,1,0.0,0,0,none
ACCT-002510,CLUSTER-2228,1,0.0,0,0,none
ACCT-002614,CLUSTER-2229,1,0.0,0,0,none
ACCT-001943,CLUSTER-2230,1,0.0,0,0,none
ACCT-002853,CLUSTER-2231,1,0.0,0,0,none
ACCT-001332,CLUSTER-2232,1,0.0,0,0,none
ACCT-001080,CLUSTER-2233,1,0.0,0,0,none
ACCT-000687,CLUSTER-2234,1,0.0,0,0,none
ACCT-002779,CLUSTER-2235,1,0.0,0,0,none
ACCT-000644,CLUSTER-2236,1,0.0,0,0,none
ACCT-001623,CLUSTER-2237,1,0.0,0,0,none
ACCT-001776,CLUSTER-2238,1,0.0,0,0,none
ACCT-001881,CLUSTER-2239,1,0.0,0,0,none
ACCT-000556,CLUSTER-2240,1,0.0,0,0,none
ACCT-002627,CLUSTER-2241,1,0.0,0,0,none
ACCT-001427,CLUSTER-2242,1,0.0,0,0,none
ACCT-000517,CLUSTER-2243,1,0.0,0,0,none
ACCT-001257,CLUSTER-2244,1,0.0,0,0,none
ACCT-002865,CLUSTER-2245,1,0.0,0,0,none
ACCT-000501,CLUSTER-2246,1,0.0,0,0,none
ACCT-001042,CLUSTER-2247,1,0.0,0,0,none
ACCT-000743,CLUSTER-2248,1,0.0,0,0,none
ACCT-001305,CLUSTER-2249,1,0.0,0,0,none
ACCT-001386,CLUSTER-2250,1,0.0,0,0,none
ACCT-002735,CLUSTER-2251,1,0.0,0,0,none
ACCT-001467,CLUSTER-2252,1,0.0,0,0,none
ACCT-002400,CLUSTER-2253,1,0.0,0,0,none
ACCT-001370,CLUSTER-2254,1,0.0,0,0,none
ACCT-002112,CLUSTER-2255,1,0.0,0,0,none
ACCT-000731,CLUSTER-2256,1,0.0,0,0,none
ACCT-001789,CLUSTER-2257,1,0.0,0,0,none
ACCT-000869,CLUSTER-2258,1,0.0,0,0,none
ACCT-000543,CLUSTER-2259,1,0.0,0,0,none
ACCT-002694,CLUSTER-2260,1,0.0,0,0,none
ACCT-000207,CLUSTER-2261,1,0.0,0,0,none
ACCT-002845,CLUSTER-2262,1,0.0,0,0,none
ACCT-001483,CLUSTER-2263,1,0.0,0,0,none
ACCT-000341,CLUSTER-2264,1,0.0,0,0,none
ACCT-002594,CLUSTER-2265,1,0.0,0,0,none
ACCT-000962,CLUSTER-2266,1,0.0,0,0,none
ACCT-002687,CLUSTER-2267,1,0.0,0,0,none
ACCT-002390,CLUSTER-2268,1,0.0,0,0,none
ACCT-000707,CLUSTER-2269,1,0.0,0,0,none
ACCT-001685,CLUSTER-2270,1,0.0,0,0,none
ACCT-000430,CLUSTER-2271,1,0.0,0,0,none
ACCT-002366,CLUSTER-2272,1,0.0,0,0,none
ACCT-000368,CLUSTER-2273,1,0.0,0,0,none
ACCT-001293,CLUSTER-2274,1,0.0,0,0,none
ACCT-002217,CLUSTER-2275,1,0.0,0,0,none
ACCT-001506,CLUSTER-2276,1,0.0,0,0,none
ACCT-000506,CLUSTER-2277,1,0.0,0,0,none
ACCT-002027,CLUSTER-2278,1,0.0,0,0,none
ACCT-001537,CLUSTER-2279,1,0.0,0,0,none
ACCT-001203,CLUSTER-2280,1,0.0,0,0,none
ACCT-001390,CLUSTER-2281,1,0.0,0,0,none
ACCT-001147,CLUSTER-2282,1,0.0,0,0,none
ACCT-002476,CLUSTER-2283,1,0.0,0,0,none
ACCT-000320,CLUSTER-2284,1,0.0,0,0,none
ACCT-002358,CLUSTER-2285,1,0.0,0,0,none
ACCT-001365,CLUSTER-2286,1,0.0,0,0,none
ACCT-001419,CLUSTER-2287,1,0.0,0,0,none
ACCT-000356,CLUSTER-2288,1,0.0,0,0,none
ACCT-002555,CLUSTER-2289,1,0.0,0,0,none
ACCT-000680,CLUSTER-2290,1,0.0,0,0,none
ACCT-002036,CLUSTER-2291,1,0.0,0,0,none
ACCT-001417,CLUSTER-2292,1,0.0,0,0,none
ACCT-001807,CLUSTER-2293,1,0.0,0,0,none
ACCT-002948,CLUSTER-2294,1,0.0,0,0,none
ACCT-001165,CLUSTER-2295,1,0.0,0,0,none
ACCT-000755,CLUSTER-2296,1,0.0,0,0,none
ACCT-001682,CLUSTER-2297,1,0.0,0,0,none
ACCT-002622,CLUSTER-2298,1,0.0,0,0,none
ACCT-001056,CLUSTER-2299,1,0.0,0,0,none
ACCT-002692,CLUSTER-2300,1,0.0,0,0,none
ACCT-000194,CLUSTER-2301,1,0.0,0,0,none
ACCT-001441,CLUSTER-2302,1,0.0,0,0,none
ACCT-002632,CLUSTER-2303,1,0.0,0,0,none
ACCT-002223,CLUSTER-2304,1,0.0,0,0,none
ACCT-000358,CLUSTER-2305,1,0.0,0,0,none
ACCT-002530,CLUSTER-2306,1,0.0,0,0,none
ACCT-000542,CLUSTER-2307,1,0.0,0,0,none
ACCT-000538,CLUSTER-2308,1,0.0,0,0,none
ACCT-001781,CLUSTER-2309,1,0.0,0,0,none
ACCT-000019,CLUSTER-2310,1,0.0,0,0,none
ACCT-000646,CLUSTER-2311,1,0.0,0,0,none
ACCT-000435,CLUSTER-2312,1,0.0,0,0,none
ACCT-001986,CLUSTER-2313,1,0.0,0,0,none
ACCT-001663,CLUSTER-2314,1,0.0,0,0,none
ACCT-000446,CLUSTER-2315,1,0.0,0,0,none
ACCT-001254,CLUSTER-2316,1,0.0,0,0,none
ACCT-001784,CLUSTER-2317,1,0.0,0,0,none
ACCT-000049,CLUSTER-2318,1,0.0,0,0,none
ACCT-000440,CLUSTER-2319,1,0.0,0,0,none
ACCT-001049,CLUSTER-2320,1,0.0,0,0,none
ACCT-001869,CLUSTER-2321,1,0.0,0,0,none
ACCT-001029,CLUSTER-2322,1,0.0,0,0,none
ACCT-000787,CLUSTER-2323,1,0.0,0,0,none
ACCT-002203,CLUSTER-2324,1,0.0,0,0,none
ACCT-001883,CLUSTER-2325,1,0.0,0,0,none
ACCT-001895,CLUSTER-2326,1,0.0,0,0,none
ACCT-002653,CLUSTER-2327,1,0.0,0,0,none
ACCT-000310,CLUSTER-2328,1,0.0,0,0,none
ACCT-000810,CLUSTER-2329,1,0.0,0,0,none
ACCT-001378,CLUSTER-2330,1,0.0,0,0,none
ACCT-002962,CLUSTER-2331,1,0.0,0,0,none
ACCT-001951,CLUSTER-2332,1,0.0,0,0,none
ACCT-001244,CLUSTER-2333,1,0.0,0,0,none
ACCT-001561,CLUSTER-2334,1,0.0,0,0,none
ACCT-002770,CLUSTER-2335,1,0.0,0,0,none
ACCT-001756,CLUSTER-2336,1,0.0,0,0,none
ACCT-000559,CLUSTER-2337,1,0.0,0,0,none
ACCT-002097,CLUSTER-2338,1,0.0,0,0,none
ACCT-001641,CLUSTER-2339,1,0.0,0,0,none
ACCT-000408,CLUSTER-2340,1,0.0,0,0,none
ACCT-001645,CLUSTER-2341,1,0.0,0,0,none
ACCT-001286,CLUSTER-2342,1,0.0,0,0,none
ACCT-002554,CLUSTER-2343,1,0.0,0,0,none
ACCT-002023,CLUSTER-2344,1,0.0,0,0,none
ACCT-002984,CLUSTER-2345,1,0.0,0,0,none
ACCT-002294,CLUSTER-2346,1,0.0,0,0,none
ACCT-002013,CLUSTER-2347,1,0.0,0,0,none
ACCT-000873,CLUSTER-2348,1,0.0,0,0,none
ACCT-001723,CLUSTER-2349,1,0.0,0,0,none
ACCT-002828,CLUSTER-2350,1,0.0,0,0,none
ACCT-000031,CLUSTER-2351,1,0.0,0,0,none
ACCT-002085,CLUSTER-2352,1,0.0,0,0,none
ACCT-000486,CLUSTER-2353,1,0.0,0,0,none
ACCT-001840,CLUSTER-2354,1,0.0,0,0,none
ACCT-000554,CLUSTER-2355,1,0.0,0,0,none
ACCT-000874,CLUSTER-2356,1,0.0,0,0,none
ACCT-001064,CLUSTER-2357,1,0.0,0,0,none
ACCT-001041,CLUSTER-2358,1,0.0,0,0,none
ACCT-000775,CLUSTER-2359,1,0.0,0,0,none
ACCT-001507,CLUSTER-2360,1,0.0,0,0,none
ACCT-000130,CLUSTER-2361,1,0.0,0,0,none
ACCT-000849,CLUSTER-2362,1,0.0,0,0,none
ACCT-002608,CLUSTER-2363,1,0.0,0,0,none
ACCT-001163,CLUSTER-2364,1,0.0,0,0,none
ACCT-000456,CLUSTER-2365,1,0.0,0,0,none
ACCT-002212,CLUSTER-2366,1,0.0,0,0,none
ACCT-001525,CLUSTER-2367,1,0.0,0,0,none
ACCT-001590,CLUSTER-2368,1,0.0,0,0,none
ACCT-000032,CLUSTER-2369,1,0.0,0,0,none
ACCT-002882,CLUSTER-2370,1,0.0,0,0,none
ACCT-000494,CLUSTER-2371,1,0.0,0,0,none
ACCT-001818,CLUSTER-2372,1,0.0,0,0,none
ACCT-001281,CLUSTER-2373,1,0.0,0,0,none
ACCT-001381,CLUSTER-2374,1,0.0,0,0,none
ACCT-001310,CLUSTER-2375,1,0.0,0,0,none
ACCT-002091,CLUSTER-2376,1,0.0,0,0,none
ACCT-002424,CLUSTER-2377,1,0.0,0,0,none
ACCT-000886,CLUSTER-2378,1,0.0,0,0,none
ACCT-002039,CLUSTER-2379,1,0.0,0,0,none
ACCT-001300,CLUSTER-2380,1,0.0,0,0,none
ACCT-001630,CLUSTER-2381,1,0.0,0,0,none
ACCT-002330,CLUSTER-2382,1,0.0,0,0,none
ACCT-001194,CLUSTER-2383,1,0.0,0,0,none
ACCT-001940,CLUSTER-2384,1,0.0,0,0,none
ACCT-000934,CLUSTER-2385,1,0.0,0,0,none
ACCT-002860,CLUSTER-2386,1,0.0,0,0,none
ACCT-002607,CLUSTER-2387,1,0.0,0,0,none
ACCT-002219,CLUSTER-2388,1,0.0,0,0,none
ACCT-002626,CLUSTER-2389,1,0.0,0,0,none
ACCT-001481,CLUSTER-2390,1,0.0,0,0,none
ACCT-001864,CLUSTER-2391,1,0.0,0,0,none
ACCT-002467,CLUSTER-2392,1,0.0,0,0,none
ACCT-000057,CLUSTER-2393,1,0.0,0,0,none
ACCT-002287,CLUSTER-2394,1,0.0,0,0,none
ACCT-002450,CLUSTER-2395,1,0.0,0,0,none
ACCT-002006,CLUSTER-2396,1,0.0,0,0,none
ACCT-000597,CLUSTER-2397,1,0.0,0,0,none
ACCT-000513,CLUSTER-2398,1,0.0,0,0,none
ACCT-000135,CLUSTER-2399,1,0.0,0,0,none
ACCT-002428,CLUSTER-2400,1,0.0,0,0,none
ACCT-002891,CLUSTER-2401,1,0.0,0,0,none
ACCT-000156,CLUSTER-2402,1,0.0,0,0,none
ACCT-003225,CLUSTER-2403,1,0.0,0,1,fraud_ring
ACCT-001039,CLUSTER-2404,1,0.0,0,0,none
ACCT-000926,CLUSTER-2405,1,0.0,0,0,none
ACCT-002745,CLUSTER-2406,1,0.0,0,0,none
ACCT-002759,CLUSTER-2407,1,0.0,0,0,none
ACCT-001134,CLUSTER-2408,1,0.0,0,0,none
ACCT-002949,CLUSTER-2409,1,0.0,0,0,none
ACCT-000531,CLUSTER-2410,1,0.0,0,0,none
ACCT-000766,CLUSTER-2411,1,0.0,0,0,none
ACCT-000951,CLUSTER-2412,1,0.0,0,0,none
ACCT-002772,CLUSTER-2413,1,0.0,0,0,none
ACCT-002718,CLUSTER-2414,1,0.0,0,0,none
ACCT-000877,CLUSTER-2415,1,0.0,0,0,none
ACCT-000814,CLUSTER-2416,1,0.0,0,0,none
ACCT-002469,CLUSTER-2417,1,0.0,0,0,none
ACCT-000410,CLUSTER-2418,1,0.0,0,0,none
ACCT-002286,CLUSTER-2419,1,0.0,0,0,none
ACCT-001367,CLUSTER-2420,1,0.0,0,0,none
ACCT-000297,CLUSTER-2421,1,0.0,0,0,none
ACCT-000201,CLUSTER-2422,1,0.0,0,0,none
ACCT-000376,CLUSTER-2423,1,0.0,0,0,none
ACCT-000586,CLUSTER-2424,1,0.0,0,0,none
ACCT-002148,CLUSTER-2425,1,0.0,0,0,none
ACCT-001741,CLUSTER-2426,1,0.0,0,0,none
ACCT-000648,CLUSTER-2427,1,0.0,0,0,none
ACCT-000110,CLUSTER-2428,1,0.0,0,0,none
ACCT-002228,CLUSTER-2429,1,0.0,0,0,none
ACCT-001579,CLUSTER-2430,1,0.0,0,0,none
ACCT-000631,CLUSTER-2431,1,0.0,0,0,none
ACCT-000158,CLUSTER-2432,1,0.0,0,0,none
ACCT-002207,CLUSTER-2433,1,0.0,0,0,none
ACCT-002183,CLUSTER-2434,1,0.0,0,0,none
ACCT-002534,CLUSTER-2435,1,0.0,0,0,none
ACCT-002101,CLUSTER-2436,1,0.0,0,0,none
ACCT-002750,CLUSTER-2437,1,0.0,0,0,none
ACCT-002771,CLUSTER-2438,1,0.0,0,0,none
ACCT-002378,CLUSTER-2439,1,0.0,0,0,none
ACCT-001666,CLUSTER-2440,1,0.0,0,0,none
ACCT-002699,CLUSTER-2441,1,0.0,0,0,none
ACCT-001989,CLUSTER-2442,1,0.0,0,0,none
ACCT-002071,CLUSTER-2443,1,0.0,0,0,none
ACCT-001515,CLUSTER-2444,1,0.0,0,0,none
ACCT-002522,CLUSTER-2445,1,0.0,0,0,none
ACCT-001307,CLUSTER-2446,1,0.0,0,0,none
ACCT-000609,CLUSTER-2447,1,0.0,0,0,none
ACCT-001968,CLUSTER-2448,1,0.0,0,0,none
ACCT-000498,CLUSTER-2449,1,0.0,0,0,none
ACCT-002338,CLUSTER-2450,1,0.0,0,0,none
ACCT-001669,CLUSTER-2451,1,0.0,0,0,none
ACCT-002516,CLUSTER-2452,1,0.0,0,0,none
ACCT-000605,CLUSTER-2453,1,0.0,0,0,none
ACCT-000067,CLUSTER-2454,1,0.0,0,0,none
ACCT-000452,CLUSTER-2455,1,0.0,0,0,none
ACCT-002834,CLUSTER-2456,1,0.0,0,0,none
ACCT-000144,CLUSTER-2457,1,0.0,0,0,none
ACCT-001798,CLUSTER-2458,1,0.0,0,0,none
ACCT-002862,CLUSTER-2459,1,0.0,0,0,none
ACCT-002869,CLUSTER-2460,1,0.0,0,0,none
ACCT-002581,CLUSTER-2461,1,0.0,0,0,none
ACCT-001628,CLUSTER-2462,1,0.0,0,0,none
ACCT-001195,CLUSTER-2463,1,0.0,0,0,none
ACCT-001505,CLUSTER-2464,1,0.0,0,0,none
ACCT-001145,CLUSTER-2465,1,0.0,0,0,none
ACCT-000683,CLUSTER-2466,1,0.0,0,0,none
ACCT-000090,CLUSTER-2467,1,0.0,0,0,none
ACCT-002270,CLUSTER-2468,1,0.0,0,0,none
ACCT-000973,CLUSTER-2469,1,0.0,0,0,none
ACCT-001693,CLUSTER-2470,1,0.0,0,0,none
ACCT-002521,CLUSTER-2471,1,0.0,0,0,none
ACCT-001183,CLUSTER-2472,1,0.0,0,0,none
ACCT-000624,CLUSTER-2473,1,0.0,0,0,none
ACCT-002340,CLUSTER-2474,1,0.0,0,0,none
ACCT-001274,CLUSTER-2475,1,0.0,0,0,none
ACCT-001979,CLUSTER-2476,1,0.0,0,0,none
ACCT-002312,CLUSTER-2477,1,0.0,0,0,none
ACCT-000421,CLUSTER-2478,1,0.0,0,0,none
ACCT-000141,CLUSTER-2479,1,0.0,0,0,none
ACCT-001491,CLUSTER-2480,1,0.0,0,0,none
ACCT-002511,CLUSTER-2481,1,0.0,0,0,none
ACCT-001502,CLUSTER-2482,1,0.0,0,0,none
ACCT-000912,CLUSTER-2483,1,0.0,0,0,none
ACCT-000106,CLUSTER-2484,1,0.0,0,0,none
ACCT-002919,CLUSTER-2485,1,0.0,0,0,none
ACCT-000943,CLUSTER-2486,1,0.0,0,0,none
ACCT-001521,CLUSTER-2487,1,0.0,0,0,none
ACCT-002936,CLUSTER-2488,1,0.0,0,0,none
ACCT-001636,CLUSTER-2489,1,0.0,0,0,none
ACCT-002662,CLUSTER-2490,1,0.0,0,0,none
ACCT-002789,CLUSTER-2491,1,0.0,0,0,none
ACCT-001149,CLUSTER-2492,1,0.0,0,0,none
ACCT-002320,CLUSTER-2493,1,0.0,0,0,none
ACCT-001373,CLUSTER-2494,1,0.0,0,0,none
ACCT-001393,CLUSTER-2495,1,0.0,0,0,none
ACCT-000351,CLUSTER-2496,1,0.0,0,0,none
ACCT-001046,CLUSTER-2497,1,0.0,0,0,none
ACCT-000519,CLUSTER-2498,1,0.0,0,0,none
ACCT-002752,CLUSTER-2499,1,0.0,0,0,none
ACCT-002755,CLUSTER-2500,1,0.0,0,0,none
ACCT-000050,CLUSTER-2501,1,0.0,0,0,none
ACCT-001086,CLUSTER-2502,1,0.0,0,0,none
ACCT-000054,CLUSTER-2503,1,0.0,0,0,none
ACCT-001101,CLUSTER-2504,1,0.0,0,0,none
ACCT-001587,CLUSTER-2505,1,0.0,0,0,none
ACCT-002827,CLUSTER-2506,1,0.0,0,0,none
ACCT-001501,CLUSTER-2507,1,0.0,0,0,none
ACCT-000819,CLUSTER-2508,1,0.0,0,0,none
ACCT-001169,CLUSTER-2509,1,0.0,0,0,none
ACCT-001568,CLUSTER-2510,1,0.0,0,0,none
ACCT-000640,CLUSTER-2511,1,0.0,0,0,none
ACCT-001605,CLUSTER-2512,1,0.0,0,0,none
ACCT-001051,CLUSTER-2513,1,0.0,0,0,none
ACCT-000252,CLUSTER-2514,1,0.0,0,0,none
ACCT-001790,CLUSTER-2515,1,0.0,0,0,none
ACCT-000957,CLUSTER-2516,1,0.0,0,0,none
ACCT-000026,CLUSTER-2517,1,0.0,0,0,none
ACCT-001430,CLUSTER-2518,1,0.0,0,0,none
ACCT-002126,CLUSTER-2519,1,0.0,0,0,none
ACCT-002297,CLUSTER-2520,1,0.0,0,0,none
ACCT-001410,CLUSTER-2521,1,0.0,0,0,none
ACCT-002237,CLUSTER-2522,1,0.0,0,0,none
ACCT-002955,CLUSTER-2523,1,0.0,0,0,none
ACCT-000273,CLUSTER-2524,1,0.0,0,0,none
ACCT-002289,CLUSTER-2525,1,0.0,0,0,none
ACCT-000906,CLUSTER-2526,1,0.0,0,0,none
ACCT-000311,CLUSTER-2527,1,0.0,0,0,none
ACCT-000985,CLUSTER-2528,1,0.0,0,0,none
ACCT-000242,CLUSTER-2529,1,0.0,0,0,none
ACCT-002443,CLUSTER-2530,1,0.0,0,0,none
ACCT-000952,CLUSTER-2531,1,0.0,0,0,none
ACCT-000508,CLUSTER-2532,1,0.0,0,0,none
ACCT-001087,CLUSTER-2533,1,0.0,0,0,none
ACCT-000899,CLUSTER-2534,1,0.0,0,0,none
ACCT-001875,CLUSTER-2535,1,0.0,0,0,none
ACCT-000745,CLUSTER-2536,1,0.0,0,0,none
ACCT-001180,CLUSTER-2537,1,0.0,0,0,none
ACCT-002327,CLUSTER-2538,1,0.0,0,0,none
ACCT-002634,CLUSTER-2539,1,0.0,0,0,none
ACCT-000765,CLUSTER-2540,1,0.0,0,0,none
ACCT-001516,CLUSTER-2541,1,0.0,0,0,none
ACCT-000274,CLUSTER-2542,1,0.0,0,0,none
ACCT-002427,CLUSTER-2543,1,0.0,0,0,none
ACCT-000307,CLUSTER-2544,1,0.0,0,0,none
ACCT-002111,CLUSTER-2545,1,0.0,0,0,none
ACCT-000261,CLUSTER-2546,1,0.0,0,0,none
ACCT-001752,CLUSTER-2547,1,0.0,0,0,none
ACCT-002796,CLUSTER-2548,1,0.0,0,0,none
ACCT-000503,CLUSTER-2549,1,0.0,0,0,none
ACCT-001652,CLUSTER-2550,1,0.0,0,0,none
ACCT-002048,CLUSTER-2551,1,0.0,0,0,none
ACCT-001136,CLUSTER-2552,1,0.0,0,0,none
ACCT-002104,CLUSTER-2553,1,0.0,0,0,none
ACCT-000253,CLUSTER-2554,1,0.0,0,0,none
ACCT-000215,CLUSTER-2555,1,0.0,0,0,none
ACCT-000876,CLUSTER-2556,1,0.0,0,0,none
ACCT-002942,CLUSTER-2557,1,0.0,0,0,none
ACCT-002374,CLUSTER-2558,1,0.0,0,0,none
ACCT-001222,CLUSTER-2559,1,0.0,0,0,none
ACCT-002117,CLUSTER-2560,1,0.0,0,0,none
ACCT-001672,CLUSTER-2561,1,0.0,0,0,none
ACCT-000896,CLUSTER-2562,1,0.0,0,0,none
ACCT-002996,CLUSTER-2563,1,0.0,0,0,none
ACCT-001919,CLUSTER-2564,1,0.0,0,0,none
ACCT-001954,CLUSTER-2565,1,0.0,0,0,none
ACCT-001946,CLUSTER-2566,1,0.0,0,0,none
ACCT-001212,CLUSTER-2567,1,0.0,0,0,none
ACCT-002043,CLUSTER-2568,1,0.0,0,0,none
ACCT-002445,CLUSTER-2569,1,0.0,0,0,none
ACCT-002802,CLUSTER-2570,1,0.0,0,0,none
ACCT-002113,CLUSTER-2571,1,0.0,0,0,none
ACCT-000855,CLUSTER-2572,1,0.0,0,0,none
ACCT-001140,CLUSTER-2573,1,0.0,0,0,none
ACCT-002412,CLUSTER-2574,1,0.0,0,0,none
ACCT-001338,CLUSTER-2575,1,0.0,0,0,none
ACCT-000129,CLUSTER-2576,1,0.0,0,0,none
ACCT-000761,CLUSTER-2577,1,0.0,0,0,none
ACCT-002489,CLUSTER-2578,1,0.0,0,0,none
ACCT-001044,CLUSTER-2579,1,0.0,0,0,none
ACCT-001249,CLUSTER-2580,1,0.0,0,0,none
ACCT-002612,CLUSTER-2581,1,0.0,0,0,none
ACCT-002751,CLUSTER-2582,1,0.0,0,0,none
ACCT-002291,CLUSTER-2583,1,0.0,0,0,none
ACCT-001100,CLUSTER-2584,1,0.0,0,0,none
ACCT-000830,CLUSTER-2585,1,0.0,0,0,none
ACCT-002892,CLUSTER-2586,1,0.0,0,0,none
ACCT-000360,CLUSTER-2587,1,0.0,0,0,none
ACCT-001856,CLUSTER-2588,1,0.0,0,0,none
ACCT-001248,CLUSTER-2589,1,0.0,0,0,none
ACCT-002418,CLUSTER-2590,1,0.0,0,0,none
ACCT-000269,CLUSTER-2591,1,0.0,0,0,none
ACCT-001541,CLUSTER-2592,1,0.0,0,0,none
ACCT-000795,CLUSTER-2593,1,0.0,0,0,none
ACCT-001665,CLUSTER-2594,1,0.0,0,0,none
ACCT-001985,CLUSTER-2595,1,0.0,0,0,none
ACCT-001552,CLUSTER-2596,1,0.0,0,0,none
ACCT-002429,CLUSTER-2597,1,0.0,0,0,none
ACCT-002929,CLUSTER-2598,1,0.0,0,0,none
ACCT-000537,CLUSTER-2599,1,0.0,0,0,none
ACCT-000319,CLUSTER-2600,1,0.0,0,0,none
ACCT-001928,CLUSTER-2601,1,0.0,0,0,none
ACCT-002105,CLUSTER-2602,1,0.0,0,0,none
ACCT-001408,CLUSTER-2603,1,0.0,0,0,none
ACCT-002406,CLUSTER-2604,1,0.0,0,0,none
ACCT-001899,CLUSTER-2605,1,0.0,0,0,none
ACCT-000511,CLUSTER-2606,1,0.0,0,0,none
ACCT-001571,CLUSTER-2607,1,0.0,0,0,none
ACCT-002872,CLUSTER-2608,1,0.0,0,0,none
ACCT-001250,CLUSTER-2609,1,0.0,0,0,none
ACCT-001211,CLUSTER-2610,1,0.0,0,0,none
ACCT-002059,CLUSTER-2611,1,0.0,0,0,none
ACCT-002646,CLUSTER-2612,1,0.0,0,0,none
ACCT-001711,CLUSTER-2613,1,0.0,0,0,none
ACCT-002231,CLUSTER-2614,1,0.0,0,0,none
ACCT-000628,CLUSTER-2615,1,0.0,0,0,none
ACCT-001141,CLUSTER-2616,1,0.0,0,0,none
ACCT-000947,CLUSTER-2617,1,0.0,0,0,none
ACCT-002186,CLUSTER-2618,1,0.0,0,0,none
ACCT-001594,CLUSTER-2619,1,0.0,0,0,none
ACCT-000866,CLUSTER-2620,1,0.0,0,0,none
ACCT-001794,CLUSTER-2621,1,0.0,0,0,none
ACCT-002065,CLUSTER-2622,1,0.0,0,0,none
ACCT-002557,CLUSTER-2623,1,0.0,0,0,none
ACCT-000701,CLUSTER-2624,1,0.0,0,0,none
ACCT-000718,CLUSTER-2625,1,0.0,0,0,none
ACCT-002820,CLUSTER-2626,1,0.0,0,0,none
ACCT-001873,CLUSTER-2627,1,0.0,0,0,none
ACCT-000126,CLUSTER-2628,1,0.0,0,0,none
ACCT-000257,CLUSTER-2629,1,0.0,0,0,none
ACCT-001854,CLUSTER-2630,1,0.0,0,0,none
ACCT-001578,CLUSTER-2631,1,0.0,0,0,none
ACCT-000583,CLUSTER-2632,1,0.0,0,0,none
ACCT-000092,CLUSTER-2633,1,0.0,0,0,none
ACCT-001808,CLUSTER-2634,1,0.0,0,0,none
ACCT-000017,CLUSTER-2635,1,0.0,0,0,none
ACCT-002206,CLUSTER-2636,1,0.0,0,0,none
ACCT-001375,CLUSTER-2637,1,0.0,0,0,none
ACCT-001314,CLUSTER-2638,1,0.0,0,0,none
ACCT-001771,CLUSTER-2639,1,0.0,0,0,none
ACCT-001566,CLUSTER-2640,1,0.0,0,0,none
ACCT-000991,CLUSTER-2641,1,0.0,0,0,none
ACCT-000972,CLUSTER-2642,1,0.0,0,0,none
ACCT-000659,CLUSTER-2643,1,0.0,0,0,none
ACCT-000383,CLUSTER-2644,1,0.0,0,0,none
ACCT-001243,CLUSTER-2645,1,0.0,0,0,none
ACCT-001732,CLUSTER-2646,1,0.0,0,0,none
ACCT-002139,CLUSTER-2647,1,0.0,0,0,none
ACCT-002723,CLUSTER-2648,1,0.0,0,0,none
ACCT-002478,CLUSTER-2649,1,0.0,0,0,none
ACCT-000103,CLUSTER-2650,1,0.0,0,0,none
ACCT-002506,CLUSTER-2651,1,0.0,0,0,none
ACCT-000615,CLUSTER-2652,1,0.0,0,0,none
ACCT-001553,CLUSTER-2653,1,0.0,0,0,none
ACCT-000914,CLUSTER-2654,1,0.0,0,0,none
ACCT-001152,CLUSTER-2655,1,0.0,0,0,none
ACCT-002533,CLUSTER-2656,1,0.0,0,0,none
ACCT-002092,CLUSTER-2657,1,0.0,0,0,none
ACCT-000423,CLUSTER-2658,1,0.0,0,0,none
ACCT-000594,CLUSTER-2659,1,0.0,0,0,none
ACCT-002874,CLUSTER-2660,1,0.0,0,0,none
ACCT-002087,CLUSTER-2661,1,0.0,0,0,none
ACCT-001137,CLUSTER-2662,1,0.0,0,0,none
ACCT-002000,CLUSTER-2663,1,0.0,0,0,none
ACCT-000589,CLUSTER-2664,1,0.0,0,0,none
ACCT-002858,CLUSTER-2665,1,0.0,0,0,none
ACCT-000999,CLUSTER-2666,1,0.0,0,0,none
ACCT-002502,CLUSTER-2667,1,0.0,0,0,none
ACCT-002866,CLUSTER-2668,1,0.0,0,0,none
ACCT-002464,CLUSTER-2669,1,0.0,0,0,none
ACCT-000161,CLUSTER-2670,1,0.0,0,0,none
ACCT-001170,CLUSTER-2671,1,0.0,0,0,none
ACCT-000475,CLUSTER-2672,1,0.0,0,0,none
ACCT-001735,CLUSTER-2673,1,0.0,0,0,none
ACCT-001282,CLUSTER-2674,1,0.0,0,0,none
ACCT-002145,CLUSTER-2675,1,0.0,0,0,none
ACCT-001210,CLUSTER-2676,1,0.0,0,0,none
ACCT-001340,CLUSTER-2677,1,0.0,0,0,none
ACCT-002798,CLUSTER-2678,1,0.0,0,0,none
ACCT-002905,CLUSTER-2679,1,0.0,0,0,none
ACCT-002837,CLUSTER-2680,1,0.0,0,0,none
ACCT-001123,CLUSTER-2681,1,0.0,0,0,none
ACCT-002275,CLUSTER-2682,1,0.0,0,0,none
ACCT-002499,CLUSTER-2683,1,0.0,0,0,none
ACCT-000382,CLUSTER-2684,1,0.0,0,0,none
ACCT-002864,CLUSTER-2685,1,0.0,0,0,none
ACCT-000762,CLUSTER-2686,1,0.0,0,0,none
ACCT-002697,CLUSTER-2687,1,0.0,0,0,none
ACCT-001302,CLUSTER-2688,1,0.0,0,0,none
ACCT-001786,CLUSTER-2689,1,0.0,0,0,none
ACCT-002370,CLUSTER-2690,1,0.0,0,0,none
ACCT-002700,CLUSTER-2691,1,0.0,0,0,none
ACCT-002884,CLUSTER-2692,1,0.0,0,0,none
ACCT-002491,CLUSTER-2693,1,0.0,0,0,none
ACCT-001528,CLUSTER-2694,1,0.0,0,0,none
ACCT-002030,CLUSTER-2695,1,0.0,0,0,none
ACCT-002631,CLUSTER-2696,1,0.0,0,0,none
ACCT-000751,CLUSTER-2697,1,0.0,0,0,none
ACCT-002977,CLUSTER-2698,1,0.0,0,0,none
ACCT-001601,CLUSTER-2699,1,0.0,0,0,none
ACCT-001011,CLUSTER-2700,1,0.0,0,0,none
ACCT-001698,CLUSTER-2701,1,0.0,0,0,none
ACCT-001870,CLUSTER-2702,1,0.0,0,0,none
ACCT-001990,CLUSTER-2703,1,0.0,0,0,none
ACCT-000714,CLUSTER-2704,1,0.0,0,0,none
ACCT-002420,CLUSTER-2705,1,0.0,0,0,none
ACCT-000398,CLUSTER-2706,1,0.0,0,0,none
ACCT-000390,CLUSTER-2707,1,0.0,0,0,none
ACCT-000189,CLUSTER-2708,1,0.0,0,0,none
ACCT-000922,CLUSTER-2709,1,0.0,0,0,none
ACCT-000321,CLUSTER-2710,1,0.0,0,0,none
ACCT-002761,CLUSTER-2711,1,0.0,0,0,none
ACCT-001200,CLUSTER-2712,1,0.0,0,0,none
ACCT-000123,CLUSTER-2713,1,0.0,0,0,none
ACCT-002058,CLUSTER-2714,1,0.0,0,0,none
ACCT-000068,CLUSTER-2715,1,0.0,0,0,none
ACCT-002213,CLUSTER-2716,1,0.0,0,0,none
ACCT-000805,CLUSTER-2717,1,0.0,0,0,none
ACCT-001811,CLUSTER-2718,1,0.0,0,0,none
ACCT-001974,CLUSTER-2719,1,0.0,0,0,none
ACCT-002280,CLUSTER-2720,1,0.0,0,0,none
ACCT-001376,CLUSTER-2721,1,0.0,0,0,none
ACCT-000374,CLUSTER-2722,1,0.0,0,0,none
ACCT-000572,CLUSTER-2723,1,0.0,0,0,none
ACCT-000727,CLUSTER-2724,1,0.0,0,0,none
ACCT-000272,CLUSTER-2725,1,0.0,0,0,none
ACCT-001646,CLUSTER-2726,1,0.0,0,0,none
ACCT-001670,CLUSTER-2727,1,0.0,0,0,none
ACCT-000240,CLUSTER-2728,1,0.0,0,0,none
ACCT-002125,CLUSTER-2729,1,0.0,0,0,none
ACCT-002272,CLUSTER-2730,1,0.0,0,0,none
ACCT-001918,CLUSTER-2731,1,0.0,0,0,none
ACCT-002711,CLUSTER-2732,1,0.0,0,0,none
ACCT-002691,CLUSTER-2733,1,0.0,0,0,none
ACCT-001855,CLUSTER-2734,1,0.0,0,0,none
ACCT-001595,CLUSTER-2735,1,0.0,0,0,none
ACCT-001967,CLUSTER-2736,1,0.0,0,0,none
ACCT-000982,CLUSTER-2737,1,0.0,0,0,none
ACCT-002990,CLUSTER-2738,1,0.0,0,0,none
ACCT-000461,CLUSTER-2739,1,0.0,0,0,none
ACCT-002360,CLUSTER-2740,1,0.0,0,0,none
ACCT-002462,CLUSTER-2741,1,0.0,0,0,none
ACCT-002329,CLUSTER-2742,1,0.0,0,0,none
ACCT-000500,CLUSTER-2743,1,0.0,0,0,none
ACCT-002377,CLUSTER-2744,1,0.0,0,0,none
ACCT-002049,CLUSTER-2745,1,0.0,0,0,none
ACCT-000573,CLUSTER-2746,1,0.0,0,0,none
ACCT-001901,CLUSTER-2747,1,0.0,0,0,none
ACCT-001780,CLUSTER-2748,1,0.0,0,0,none
ACCT-000610,CLUSTER-2749,1,0.0,0,0,none
ACCT-000742,CLUSTER-2750,1,0.0,0,0,none
ACCT-001186,CLUSTER-2751,1,0.0,0,0,none
ACCT-001931,CLUSTER-2752,1,0.0,0,0,none
ACCT-002388,CLUSTER-2753,1,0.0,0,0,none
ACCT-001207,CLUSTER-2754,1,0.0,0,0,none
ACCT-002542,CLUSTER-2755,1,0.0,0,0,none
ACCT-002253,CLUSTER-2756,1,0.0,0,0,none
ACCT-002830,CLUSTER-2757,1,0.0,0,0,none
ACCT-001121,CLUSTER-2758,1,0.0,0,0,none
ACCT-002046,CLUSTER-2759,1,0.0,0,0,none
ACCT-001691,CLUSTER-2760,1,0.0,0,0,none
ACCT-000928,CLUSTER-2761,1,0.0,0,0,none
ACCT-000056,CLUSTER-2762,1,0.0,0,0,none
ACCT-002399,CLUSTER-2763,1,0.0,0,0,none
ACCT-000941,CLUSTER-2764,1,0.0,0,0,none
ACCT-000772,CLUSTER-2765,1,0.0,0,0,none
ACCT-002088,CLUSTER-2766,1,0.0,0,0,none
ACCT-000523,CLUSTER-2767,1,0.0,0,0,none
ACCT-000492,CLUSTER-2768,1,0.0,0,0,none
ACCT-002353,CLUSTER-2769,1,0.0,0,0,none
ACCT-000216,CLUSTER-2770,1,0.0,0,0,none
ACCT-001850,CLUSTER-2771,1,0.0,0,0,none
ACCT-001323,CLUSTER-2772,1,0.0,0,0,none
ACCT-000539,CLUSTER-2773,1,0.0,0,0,none
ACCT-001262,CLUSTER-2774,1,0.0,0,0,none
ACCT-001113,CLUSTER-2775,1,0.0,0,0,none
ACCT-001554,CLUSTER-2776,1,0.0,0,0,none
ACCT-000006,CLUSTER-2777,1,0.0,0,0,none
ACCT-002317,CLUSTER-2778,1,0.0,0,0,none
ACCT-000153,CLUSTER-2779,1,0.0,0,0,none
ACCT-002128,CLUSTER-2780,1,0.0,0,0,none
ACCT-001454,CLUSTER-2781,1,0.0,0,0,none
ACCT-000845,CLUSTER-2782,1,0.0,0,0,none
ACCT-002438,CLUSTER-2783,1,0.0,0,0,none
ACCT-002394,CLUSTER-2784,1,0.0,0,0,none
ACCT-001917,CLUSTER-2785,1,0.0,0,0,none
ACCT-000175,CLUSTER-2786,1,0.0,0,0,none
ACCT-000277,CLUSTER-2787,1,0.0,0,0,none
ACCT-002073,CLUSTER-2788,1,0.0,0,0,none
ACCT-002210,CLUSTER-2789,1,0.0,0,0,none
ACCT-000606,CLUSTER-2790,1,0.0,0,0,none
ACCT-000695,CLUSTER-2791,1,0.0,0,0,none
ACCT-002168,CLUSTER-2792,1,0.0,0,0,none
ACCT-002311,CLUSTER-2793,1,0.0,0,0,none
ACCT-001803,CLUSTER-2794,1,0.0,0,0,none
ACCT-002619,CLUSTER-2795,1,0.0,0,0,none
ACCT-002130,CLUSTER-2796,1,0.0,0,0,none
ACCT-001801,CLUSTER-2797,1,0.0,0,0,none
ACCT-000739,CLUSTER-2798,1,0.0,0,0,none
ACCT-001871,CLUSTER-2799,1,0.0,0,0,none
ACCT-002163,CLUSTER-2800,1,0.0,0,0,none
ACCT-002459,CLUSTER-2801,1,0.0,0,0,none
ACCT-001809,CLUSTER-2802,1,0.0,0,0,none
ACCT-002162,CLUSTER-2803,1,0.0,0,0,none
ACCT-000726,CLUSTER-2804,1,0.0,0,0,none
ACCT-000436,CLUSTER-2805,1,0.0,0,0,none
ACCT-000084,CLUSTER-2806,1,0.0,0,0,none
ACCT-002141,CLUSTER-2807,1,0.0,0,0,none
ACCT-002350,CLUSTER-2808,1,0.0,0,0,none
ACCT-000020,CLUSTER-2809,1,0.0,0,0,none
ACCT-001583,CLUSTER-2810,1,0.0,0,0,none
ACCT-000186,CLUSTER-2811,1,0.0,0,0,none
ACCT-002276,CLUSTER-2812,1,0.0,0,0,none
ACCT-001234,CLUSTER-2813,1,0.0,0,0,none
ACCT-000334,CLUSTER-2814,1,0.0,0,0,none
ACCT-001256,CLUSTER-2815,1,0.0,0,0,none
ACCT-000509,CLUSTER-2816,1,0.0,0,0,none
ACCT-002363,CLUSTER-2817,1,0.0,0,0,none
ACCT-002839,CLUSTER-2818,1,0.0,0,0,none
ACCT-002600,CLUSTER-2819,1,0.0,0,0,none
ACCT-002720,CLUSTER-2820,1,0.0,0,0,none
ACCT-001783,CLUSTER-2821,1,0.0,0,0,none
ACCT-002047,CLUSTER-2822,1,0.0,0,0,none
ACCT-002123,CLUSTER-2823,1,0.0,0,0,none
ACCT-002389,CLUSTER-2824,1,0.0,0,0,none
ACCT-000308,CLUSTER-2825,1,0.0,0,0,none
ACCT-003104,CLUSTER-2826,2,0.415,0,0,legit_shared_device
ACCT-003105,CLUSTER-2826,2,0.415,0,0,legit_shared_device
ACCT-000923,CLUSTER-2827,1,0.0,0,0,none
ACCT-001548,CLUSTER-2828,1,0.0,0,0,none
ACCT-001777,CLUSTER-2829,1,0.0,0,0,none
ACCT-000018,CLUSTER-2830,1,0.0,0,0,none
ACCT-001744,CLUSTER-2831,1,0.0,0,0,none
ACCT-002116,CLUSTER-2832,1,0.0,0,0,none
ACCT-000722,CLUSTER-2833,1,0.0,0,0,none
ACCT-002161,CLUSTER-2834,1,0.0,0,0,none
ACCT-001889,CLUSTER-2835,1,0.0,0,0,none
ACCT-001861,CLUSTER-2836,1,0.0,0,0,none
ACCT-002774,CLUSTER-2837,1,0.0,0,0,none
ACCT-002565,CLUSTER-2838,1,0.0,0,0,none
ACCT-001127,CLUSTER-2839,1,0.0,0,0,none
ACCT-000416,CLUSTER-2840,1,0.0,0,0,none
ACCT-001591,CLUSTER-2841,1,0.0,0,0,none
ACCT-001498,CLUSTER-2842,1,0.0,0,0,none
ACCT-000264,CLUSTER-2843,1,0.0,0,0,none
ACCT-000394,CLUSTER-2844,1,0.0,0,0,none
ACCT-000847,CLUSTER-2845,1,0.0,0,0,none
ACCT-000292,CLUSTER-2846,1,0.0,0,0,none
ACCT-001288,CLUSTER-2847,1,0.0,0,0,none
ACCT-002300,CLUSTER-2848,1,0.0,0,0,none
ACCT-001927,CLUSTER-2849,1,0.0,0,0,none
ACCT-002654,CLUSTER-2850,1,0.0,0,0,none
ACCT-001026,CLUSTER-2851,1,0.0,0,0,none
ACCT-001400,CLUSTER-2852,1,0.0,0,0,none
ACCT-000381,CLUSTER-2853,1,0.0,0,0,none
ACCT-002241,CLUSTER-2854,1,0.0,0,0,none
ACCT-000968,CLUSTER-2855,1,0.0,0,0,none
ACCT-002416,CLUSTER-2856,1,0.0,0,0,none
ACCT-002451,CLUSTER-2857,1,0.0,0,0,none
ACCT-002727,CLUSTER-2858,1,0.0,0,0,none
ACCT-002014,CLUSTER-2859,1,0.0,0,0,none
ACCT-000567,CLUSTER-2860,1,0.0,0,0,none
ACCT-001027,CLUSTER-2861,1,0.0,0,0,none
ACCT-001120,CLUSTER-2862,1,0.0,0,0,none
ACCT-000900,CLUSTER-2863,1,0.0,0,0,none
ACCT-000536,CLUSTER-2864,1,0.0,0,0,none
ACCT-003000,CLUSTER-2865,1,0.0,0,0,none
ACCT-002545,CLUSTER-2866,1,0.0,0,0,none
ACCT-000548,CLUSTER-2867,1,0.0,0,0,none
ACCT-000460,CLUSTER-2868,1,0.0,0,0,none
ACCT-001309,CLUSTER-2869,1,0.0,0,0,none
ACCT-000212,CLUSTER-2870,1,0.0,0,0,none
ACCT-000938,CLUSTER-2871,1,0.0,0,0,none
ACCT-002222,CLUSTER-2872,1,0.0,0,0,none
ACCT-001312,CLUSTER-2873,1,0.0,0,0,none
ACCT-000193,CLUSTER-2874,1,0.0,0,0,none
ACCT-002191,CLUSTER-2875,1,0.0,0,0,none
ACCT-001929,CLUSTER-2876,1,0.0,0,0,none
ACCT-001217,CLUSTER-2877,1,0.0,0,0,none
ACCT-001138,CLUSTER-2878,1,0.0,0,0,none
ACCT-001426,CLUSTER-2879,1,0.0,0,0,none
ACCT-000230,CLUSTER-2880,1,0.0,0,0,none
ACCT-002618,CLUSTER-2881,1,0.0,0,0,none
ACCT-002807,CLUSTER-2882,1,0.0,0,0,none
ACCT-001242,CLUSTER-2883,1,0.0,0,0,none
ACCT-000598,CLUSTER-2884,1,0.0,0,0,none
ACCT-002810,CLUSTER-2885,1,0.0,0,0,none
ACCT-000155,CLUSTER-2886,1,0.0,0,0,none
ACCT-001455,CLUSTER-2887,1,0.0,0,0,none
ACCT-000885,CLUSTER-2888,1,0.0,0,0,none
ACCT-001206,CLUSTER-2889,1,0.0,0,0,none
ACCT-001360,CLUSTER-2890,1,0.0,0,0,none
ACCT-000075,CLUSTER-2891,1,0.0,0,0,none
ACCT-000809,CLUSTER-2892,1,0.0,0,0,none
ACCT-000415,CLUSTER-2893,1,0.0,0,0,none
ACCT-001460,CLUSTER-2894,1,0.0,0,0,none
ACCT-001231,CLUSTER-2895,1,0.0,0,0,none
ACCT-000931,CLUSTER-2896,1,0.0,0,0,none
ACCT-001650,CLUSTER-2897,1,0.0,0,0,none
ACCT-002689,CLUSTER-2898,1,0.0,0,0,none
ACCT-000234,CLUSTER-2899,1,0.0,0,0,none
ACCT-002069,CLUSTER-2900,1,0.0,0,0,none
ACCT-002078,CLUSTER-2901,1,0.0,0,0,none
ACCT-000804,CLUSTER-2902,1,0.0,0,0,none
ACCT-000883,CLUSTER-2903,1,0.0,0,0,none
ACCT-001634,CLUSTER-2904,1,0.0,0,0,none
ACCT-001055,CLUSTER-2905,1,0.0,0,0,none
ACCT-000291,CLUSTER-2906,1,0.0,0,0,none
ACCT-000915,CLUSTER-2907,1,0.0,0,0,none
ACCT-001957,CLUSTER-2908,1,0.0,0,0,none
ACCT-001094,CLUSTER-2909,1,0.0,0,0,none
ACCT-001112,CLUSTER-2910,1,0.0,0,0,none
ACCT-001890,CLUSTER-2911,1,0.0,0,0,none
ACCT-000115,CLUSTER-2912,1,0.0,0,0,none
ACCT-001573,CLUSTER-2913,1,0.0,0,0,none
ACCT-000466,CLUSTER-2914,1,0.0,0,0,none
ACCT-002938,CLUSTER-2915,1,0.0,0,0,none
ACCT-000168,CLUSTER-2916,1,0.0,0,0,none
ACCT-002456,CLUSTER-2917,1,0.0,0,0,none
ACCT-002369,CLUSTER-2918,1,0.0,0,0,none
ACCT-000898,CLUSTER-2919,1,0.0,0,0,none
ACCT-001610,CLUSTER-2920,1,0.0,0,0,none
ACCT-001102,CLUSTER-2921,1,0.0,0,0,none
ACCT-002753,CLUSTER-2922,1,0.0,0,0,none
ACCT-000921,CLUSTER-2923,1,0.0,0,0,none
ACCT-002615,CLUSTER-2924,1,0.0,0,0,none
ACCT-001556,CLUSTER-2925,1,0.0,0,0,none
ACCT-000599,CLUSTER-2926,1,0.0,0,0,none
ACCT-001944,CLUSTER-2927,1,0.0,0,0,none
ACCT-000258,CLUSTER-2928,1,0.0,0,0,none
ACCT-000256,CLUSTER-2929,1,0.0,0,0,none
ACCT-000728,CLUSTER-2930,1,0.0,0,0,none
ACCT-002754,CLUSTER-2931,1,0.0,0,0,none
ACCT-002546,CLUSTER-2932,1,0.0,0,0,none
ACCT-002947,CLUSTER-2933,1,0.0,0,0,none
ACCT-000769,CLUSTER-2934,1,0.0,0,0,none
ACCT-002149,CLUSTER-2935,1,0.0,0,0,none
ACCT-002220,CLUSTER-2936,1,0.0,0,0,none
ACCT-002540,CLUSTER-2937,1,0.0,0,0,none
ACCT-001727,CLUSTER-2938,1,0.0,0,0,none
ACCT-001478,CLUSTER-2939,1,0.0,0,0,none
ACCT-000111,CLUSTER-2940,1,0.0,0,0,none
ACCT-001680,CLUSTER-2941,1,0.0,0,0,none
ACCT-001697,CLUSTER-2942,1,0.0,0,0,none
ACCT-001227,CLUSTER-2943,1,0.0,0,0,none
ACCT-000713,CLUSTER-2944,1,0.0,0,0,none
ACCT-002876,CLUSTER-2945,1,0.0,0,0,none
ACCT-001480,CLUSTER-2946,1,0.0,0,0,none
ACCT-001020,CLUSTER-2947,1,0.0,0,0,none
ACCT-001161,CLUSTER-2948,1,0.0,0,0,none
ACCT-000961,CLUSTER-2949,1,0.0,0,0,none
ACCT-002708,CLUSTER-2950,1,0.0,0,0,none
ACCT-000271,CLUSTER-2951,1,0.0,0,0,none
ACCT-000064,CLUSTER-2952,1,0.0,0,0,none
ACCT-002442,CLUSTER-2953,1,0.0,0,0,none
ACCT-001095,CLUSTER-2954,1,0.0,0,0,none
ACCT-000893,CLUSTER-2955,1,0.0,0,0,none
ACCT-001296,CLUSTER-2956,1,0.0,0,0,none
ACCT-002592,CLUSTER-2957,1,0.0,0,0,none
ACCT-000779,CLUSTER-2958,1,0.0,0,0,none
ACCT-002218,CLUSTER-2959,1,0.0,0,0,none
ACCT-000037,CLUSTER-2960,1,0.0,0,0,none
ACCT-000244,CLUSTER-2961,1,0.0,0,0,none
ACCT-000083,CLUSTER-2962,1,0.0,0,0,none
ACCT-002994,CLUSTER-2963,1,0.0,0,0,none
ACCT-000861,CLUSTER-2964,1,0.0,0,0,none
ACCT-000373,CLUSTER-2965,1,0.0,0,0,none
ACCT-002004,CLUSTER-2966,1,0.0,0,0,none
ACCT-001851,CLUSTER-2967,1,0.0,0,0,none
ACCT-001362,CLUSTER-2968,1,0.0,0,0,none
ACCT-000752,CLUSTER-2969,1,0.0,0,0,none
ACCT-002556,CLUSTER-2970,1,0.0,0,0,none
ACCT-001038,CLUSTER-2971,1,0.0,0,0,none
ACCT-001235,CLUSTER-2972,1,0.0,0,0,none
ACCT-002633,CLUSTER-2973,1,0.0,0,0,none
ACCT-002560,CLUSTER-2974,1,0.0,0,0,none
ACCT-002226,CLUSTER-2975,1,0.0,0,0,none
ACCT-002325,CLUSTER-2976,1,0.0,0,0,none
ACCT-000880,CLUSTER-2977,1,0.0,0,0,none
ACCT-002596,CLUSTER-2978,1,0.0,0,0,none
ACCT-001863,CLUSTER-2979,1,0.0,0,0,none
ACCT-000477,CLUSTER-2980,1,0.0,0,0,none
ACCT-000226,CLUSTER-2981,1,0.0,0,0,none
ACCT-000633,CLUSTER-2982,1,0.0,0,0,none
ACCT-000217,CLUSTER-2983,1,0.0,0,0,none
ACCT-001054,CLUSTER-2984,1,0.0,0,0,none
ACCT-001884,CLUSTER-2985,1,0.0,0,0,none
ACCT-002886,CLUSTER-2986,1,0.0,0,0,none
ACCT-000181,CLUSTER-2987,1,0.0,0,0,none
ACCT-002967,CLUSTER-2988,1,0.0,0,0,none
ACCT-002794,CLUSTER-2989,1,0.0,0,0,none
ACCT-002950,CLUSTER-2990,1,0.0,0,0,none
ACCT-002143,CLUSTER-2991,1,0.0,0,0,none
ACCT-002726,CLUSTER-2992,1,0.0,0,0,none
ACCT-000639,CLUSTER-2993,1,0.0,0,0,none
ACCT-000045,CLUSTER-2994,1,0.0,0,0,none
ACCT-001499,CLUSTER-2995,1,0.0,0,0,none
ACCT-000265,CLUSTER-2996,1,0.0,0,0,none
ACCT-001089,CLUSTER-2997,1,0.0,0,0,none
ACCT-001239,CLUSTER-2998,1,0.0,0,0,none
ACCT-002945,CLUSTER-2999,1,0.0,0,0,none
ACCT-000851,CLUSTER-3000,1,0.0,0,0,none
ACCT-000095,CLUSTER-3001,1,0.0,0,0,none
ACCT-002224,CLUSTER-3002,1,0.0,0,0,none
ACCT-002447,CLUSTER-3003,1,0.0,0,0,none
ACCT-000333,CLUSTER-3004,1,0.0,0,0,none
ACCT-002080,CLUSTER-3005,1,0.0,0,0,none
ACCT-002793,CLUSTER-3006,1,0.0,0,0,none
ACCT-000375,CLUSTER-3007,1,0.0,0,0,none
ACCT-001422,CLUSTER-3008,1,0.0,0,0,none
ACCT-000409,CLUSTER-3009,1,0.0,0,0,none
ACCT-000686,CLUSTER-3010,1,0.0,0,0,none
ACCT-000419,CLUSTER-3011,1,0.0,0,0,none
ACCT-001414,CLUSTER-3012,1,0.0,0,0,none
ACCT-000145,CLUSTER-3013,1,0.0,0,0,none
ACCT-001575,CLUSTER-3014,1,0.0,0,0,none
ACCT-002314,CLUSTER-3015,1,0.0,0,0,none
ACCT-000987,CLUSTER-3016,1,0.0,0,0,none
ACCT-000015,CLUSTER-3017,1,0.0,0,0,none
ACCT-000529,CLUSTER-3018,1,0.0,0,0,none
ACCT-000392,CLUSTER-3019,1,0.0,0,0,none
ACCT-000854,CLUSTER-3020,1,0.0,0,0,none
ACCT-002778,CLUSTER-3021,1,0.0,0,0,none
ACCT-000802,CLUSTER-3022,1,0.0,0,0,none
ACCT-001948,CLUSTER-3023,1,0.0,0,0,none
ACCT-002127,CLUSTER-3024,1,0.0,0,0,none
ACCT-002652,CLUSTER-3025,1,0.0,0,0,none
ACCT-000388,CLUSTER-3026,1,0.0,0,0,none
ACCT-002232,CLUSTER-3027,1,0.0,0,0,none
ACCT-000836,CLUSTER-3028,1,0.0,0,0,none
ACCT-000191,CLUSTER-3029,1,0.0,0,0,none
ACCT-001695,CLUSTER-3030,1,0.0,0,0,none
ACCT-000365,CLUSTER-3031,1,0.0,0,0,none
ACCT-002917,CLUSTER-3032,1,0.0,0,0,none
ACCT-001160,CLUSTER-3033,1,0.0,0,0,none
ACCT-000246,CLUSTER-3034,1,0.0,0,0,none
ACCT-000882,CLUSTER-3035,1,0.0,0,0,none
ACCT-000275,CLUSTER-3036,1,0.0,0,0,none
ACCT-000148,CLUSTER-3037,1,0.0,0,0,none
ACCT-001130,CLUSTER-3038,1,0.0,0,0,none
ACCT-000295,CLUSTER-3039,1,0.0,0,0,none
ACCT-000325,CLUSTER-3040,1,0.0,0,0,none
ACCT-000771,CLUSTER-3041,1,0.0,0,0,none
ACCT-002848,CLUSTER-3042,1,0.0,0,0,none
ACCT-002588,CLUSTER-3043,1,0.0,0,0,none
ACCT-001716,CLUSTER-3044,1,0.0,0,0,none
ACCT-002725,CLUSTER-3045,1,0.0,0,0,none
ACCT-000901,CLUSTER-3046,1,0.0,0,0,none
ACCT-002001,CLUSTER-3047,1,0.0,0,0,none
ACCT-002817,CLUSTER-3048,1,0.0,0,0,none
ACCT-002054,CLUSTER-3049,1,0.0,0,0,none
ACCT-000975,CLUSTER-3050,1,0.0,0,0,none
ACCT-000104,CLUSTER-3051,1,0.0,0,0,none
ACCT-002259,CLUSTER-3052,1,0.0,0,0,none
ACCT-001922,CLUSTER-3053,1,0.0,0,0,none
ACCT-001471,CLUSTER-3054,1,0.0,0,0,none
ACCT-000042,CLUSTER-3055,1,0.0,0,0,none
ACCT-001387,CLUSTER-3056,1,0.0,0,0,none
ACCT-000378,CLUSTER-3057,1,0.0,0,0,none
ACCT-001279,CLUSTER-3058,1,0.0,0,0,none
ACCT-002195,CLUSTER-3059,1,0.0,0,0,none
ACCT-002005,CLUSTER-3060,1,0.0,0,0,none
ACCT-000206,CLUSTER-3061,1,0.0,0,0,none
ACCT-001069,CLUSTER-3062,1,0.0,0,0,none
ACCT-002076,CLUSTER-3063,1,0.0,0,0,none
ACCT-001462,CLUSTER-3064,1,0.0,0,0,none
ACCT-000205,CLUSTER-3065,1,0.0,0,0,none
ACCT-002719,CLUSTER-3066,1,0.0,0,0,none
ACCT-002673,CLUSTER-3067,1,0.0,0,0,none
ACCT-002460,CLUSTER-3068,1,0.0,0,0,none
ACCT-001983,CLUSTER-3069,1,0.0,0,0,none
ACCT-000741,CLUSTER-3070,1,0.0,0,0,none
ACCT-001033,CLUSTER-3071,1,0.0,0,0,none
ACCT-002122,CLUSTER-3072,1,0.0,0,0,none
ACCT-001425,CLUSTER-3073,1,0.0,0,0,none
ACCT-001726,CLUSTER-3074,1,0.0,0,0,none
ACCT-002255,CLUSTER-3075,1,0.0,0,0,none
ACCT-002916,CLUSTER-3076,1,0.0,0,0,none
