graph_cluster_id,size,suspicion_score,recommended_action,reasons,signup_spread_days,avg_txn_velocity_7d
CLUSTER-0000,1,0.0,accept,['Single account — no shared-infrastructure cluster'],,
CLUSTER-0001,1,0.0,accept,['Single account — no shared-infrastructure cluster'],,
CLUSTER-0002,2,0.415,accept,['All accounts opened within 0 day(s) of each other — signup burst'],0.0,2.5
CLUSTER-0003,1,0.0,accept,['Single account — no shared-infrastructure cluster'],,
CLUSTER-0004,1,0.0,accept,['Single account — no shared-infrastructure cluster'],,
CLUSTER-0005,1,0.0,accept,['Single account — no shared-infrastructure cluster'],,
CLUSTER-0006,1,0.0,accept,['Single account — no shared-infrastructure cluster'],,
CLUSTER-0007,1,0.0,accept,['Single account — no shared-infrastructure cluster'],,
CLUSTER-0008,1,0.0,accept,['Single account — no shared-infrastructure cluster'],,
CLUSTER-0009,1,0.0,accept,['Single account — no shared-infrastructure cluster'],,
CLUSTER-0010,1,0.0,accept,['Single account — no shared-infrastructure cluster'],,
CLUSTER-0011,1,0.0,accept,['Single account — no shared-infrastructure cluster'],,
CLUSTER-0012,1,0.0,accept,['Single account — no shared-infrastructure cluster'],,
CLUSTER-0013,1,0.0,accept,['Single account — no shared-infrastructure cluster'],,
CLUSTER-0014,9,0.6108,manual_review,"['9 accounts share infrastructure — larger than a typical shared-device household', 'All accounts opened within 2 day(s) of each other — signup burst', 'Average 10.0 transactions in first 7 days — elevated cash-out velocity']",2.0,10.0
CLUSTER-0015,1,0.0,accept,['Single account — no shared-infrastructure cluster'],,
CLUSTER-0016,1,0.0,accept,['Single account — no shared-infrastructure cluster'],,
CLUSTER-0017,1,0.0,accept,['Single account — no shared-infrastructure cluster'],,
CLUSTER-0018,1,0.0,accept,['Single account — no shared-infrastructure cluster'],,
CLUSTER-0019,1,0.0,accept,['Single account — no shared-infrastructure cluster'],,
CLUSTER-0020,1,0.0,accept,['Single account — no shared-infrastructure cluster'],,
CLUSTER-0021,1,0.0,accept,['Single account — no shared-infrastructure cluster'],,
CLUSTER-0022,1,0.0,accept,['Single account — no shared-infrastructure cluster'],,
CLUSTER-0023,1,0.0,accept,['Single account — no shared-infrastructure cluster'],,
CLUSTER-0024,12,0.575,manual_review,"['12 accounts share infrastructure — larger than a typical shared-device household', 'All accounts opened within 2 day(s) of each other — signup burst', 'Average 8.8 transactions in first 7 days — elevated cash-out velocity']",2.0,8.833333333333334
CLUSTER-0025,1,0.0,accept,['Single account — no shared-infrastructure cluster'],,
CLUSTER-0026,1,0.0,accept,['Single account — no shared-infrastructure cluster'],,
CLUSTER-0027,1,0.0,accept,['Single account — no shared-infrastructure cluster'],,
CLUSTER-0028,1,0.0,accept,['Single account — no shared-infrastructure cluster'],,
CLUSTER-0029,1,0.0,accept,['Single account — no shared-infrastructure cluster'],,
CLUSTER-0030,1,0.0,accept,['Single account — no shared-infrastructure cluster'],,
CLUSTER-0031,1,0.0,accept,['Single account — no shared-infrastructure cluster'],,
CLUSTER-0032,1,0.0,accept,['Single account — no shared-infrastructure cluster'],,
CLUSTER-0033,1,0.0,accept,['Single account — no shared-infrastructure cluster'],,
CLUSTER-0034,1,0.0,accept,['Single account — no shared-infrastructure cluster'],,
CLUSTER-0035,1,0.0,accept,['Single account — no shared-infrastructure cluster'],,
CLUSTER-0036,1,0.0,accept,['Single account — no shared-infrastructure cluster'],,
CLUSTER-0037,1,0.0,accept,['Single account — no shared-infrastructure cluster'],,
CLUSTER-0038,1,0.0,accept,['Single account — no shared-infrastructure cluster'],,
CLUSTER-0039,1,0.0,accept,['Single account — no shared-infrastructure cluster'],,
CLUSTER-0040,1,0.0,accept,['Single account — no shared-infrastructure cluster'],,
CLUSTER-0041,1,0.0,accept,['Single account — no shared-infrastructure cluster'],,
CLUSTER-0042,1,0.0,accept,['Single account — no shared-infrastructure cluster'],,
CLUSTER-0043,1,0.0,accept,['Single account — no shared-infrastructure cluster'],,
CLUSTER-0044,1,0.0,accept,['Single account — no shared-infrastructure cluster'],,
CLUSTER-0045,1,0.0,accept,['Single account — no shared-infrastructure cluster'],,
CLUSTER-0046,1,0.0,accept,['Single account — no shared-infrastructure cluster'],,
CLUSTER-0047,1,0.0,accept,['Single account — no shared-infrastructure cluster'],,
CLUSTER-0048,1,0.0,accept,['Single account — no shared-infrastructure cluster'],,
CLUSTER-0049,1,0.0,accept,['Single account — no shared-infrastructure cluster'],,
CLUSTER-0050,1,0.0,accept,['Single account — no shared-infrastructure cluster'],,
CLUSTER-0051,1,0.0,accept,['Single account — no shared-infrastructure cluster'],,
CLUSTER-0052,1,0.0,accept,['Single account — no shared-infrastructure cluster'],,
CLUSTER-0053,1,0.0,accept,['Single account — no shared-infrastructure cluster'],,
CLUSTER-0054,1,0.0,accept,['Single account — no shared-infrastructure cluster'],,
CLUSTER-0055,1,0.0,accept,['Single account — no shared-infrastructure cluster'],,
CLUSTER-0056,1,0.0,accept,['Single account — no shared-infrastructure cluster'],,
CLUSTER-0057,1,0.0,accept,['Single account — no shared-infrastructure cluster'],,
CLUSTER-0058,1,0.0,accept,['Single account — no shared-infrastructure cluster'],,
CLUSTER-0059,1,0.0,accept,['Single account — no shared-infrastructure cluster'],,
CLUSTER-0060,1,0.0,accept,['Single account — no shared-infrastructure cluster'],,
CLUSTER-0061,1,0.0,accept,['Single account — no shared-infrastructure cluster'],,
CLUSTER-0062,8,0.24,accept,['8 accounts share infrastructure — larger than a typical shared-device household'],5.0,4.0
CLUSTER-0063,1,0.0,accept,['Single account — no shared-infrastructure cluster'],,
CLUSTER-0064,1,0.0,accept,['Single account — no shared-infrastructure cluster'],,
CLUSTER-0065,1,0.0,accept,['Single account — no shared-infrastructure cluster'],,
CLUSTER-0066,1,0.0,accept,['Single account — no shared-infrastructure cluster'],,
CLUSTER-0067,1,0.0,accept,['Single account — no shared-infrastructure cluster'],,
CLUSTER-0068,1,0.0,accept,['Single account — no shared-infrastructure cluster'],,
CLUSTER-0069,1,0.0,accept,['Single account — no shared-infrastructure cluster'],,
CLUSTER-0070,1,0.0,accept,['Single account — no shared-infrastructure cluster'],,
CLUSTER-0071,1,0.0,accept,['Single account — no shared-infrastructure cluster'],,
CLUSTER-0072,1,0.0,accept,['Single account — no shared-infrastructure cluster'],,
CLUSTER-0073,1,0.0,accept,['Single account — no shared-infrastructure cluster'],,
CLUSTER-0074,1,0.0,accept,['Single account — no shared-infrastructure cluster'],,
CLUSTER-0075,1,0.0,accept,['Single account — no shared-infrastructure cluster'],,
CLUSTER-0076,1,0.0,accept,['Single account — no shared-infrastructure cluster'],,
CLUSTER-0077,1,0.0,accept,['Single account — no shared-infrastructure cluster'],,
CLUSTER-0078,1,0.0,accept,['Single account — no shared-infrastructure cluster'],,
CLUSTER-0079,1,0.0,accept,['Single account — no shared-infrastructure cluster'],,
CLUSTER-0080,11,0.5379,manual_review,"['11 accounts share infrastructure — larger than a typical shared-device household', 'All accounts opened within 2 day(s) of each other — signup burst', 'Average 8.1 transactions in first 7 days — elevated cash-out velocity']",2.0,8.090909090909092
CLUSTER-0081,1,0.0,accept,['Single account — no shared-infrastructure cluster'],,
CLUSTER-0082,1,0.0,accept,['Single account — no shared-infrastructure cluster'],,
CLUSTER-0083,1,0.0,accept,['Single account — no shared-infrastructure cluster'],,
CLUSTER-0084,1,0.0,accept,['Single account — no shared-infrastructure cluster'],,
CLUSTER-0085,1,0.0,accept,['Single account — no shared-infrastructure cluster'],,
CLUSTER-0086,1,0.0,accept,['Single account — no shared-infrastructure cluster'],,
CLUSTER-0087,1,0.0,accept,['Single account — no shared-infrastructure cluster'],,
CLUSTER-0088,12,0.5042,manual_review,"['12 accounts share infrastructure — larger than a typical shared-device household', 'All accounts opened within 2 day(s) of each other — signup burst']",2.0,7.416666666666667
CLUSTER-0089,1,0.0,accept,['Single account — no shared-infrastructure cluster'],,
CLUSTER-0090,1,0.0,accept,['Single account — no shared-infrastructure cluster'],,
CLUSTER-0091,2,0.2817,accept,['All accounts opened within 1 day(s) of each other — signup burst'],1.0,1.5
CLUSTER-0092,1,0.0,accept,['Single account — no shared-infrastructure cluster'],,
CLUSTER-0093,1,0.0,accept,['Single account — no shared-infrastructure cluster'],,
CLUSTER-0094,1,0.0,accept,['Single account — no shared-infrastructure cluster'],,
CLUSTER-0095,1,0.0,accept,['Single account — no shared-infrastructure cluster'],,
CLUSTER-0096,5,0.3808,accept,"['5 accounts share infrastructure — larger than a typical shared-device household', 'All accounts opened within 2 day(s) of each other — signup burst', 'Average 8.4 transactions in first 7 days — elevated cash-out velocity']",2.0,8.4
CLUSTER-0097,1,0.0,accept,['Single account — no shared-infrastructure cluster'],,
CLUSTER-0098,1,0.0,accept,['Single account — no shared-infrastructure cluster'],,
CLUSTER-0099,1,0.0,accept,['Single account — no shared-infrastructure cluster'],,
CLUSTER-0100,1,0.0,accept,['Single account — no shared-infrastructure cluster'],,
CLUSTER-0101,1,0.0,accept,['Single account — no shared-infrastructure cluster'],,
CLUSTER-0102,1,0.0,accept,['Single account — no shared-infrastructure cluster'],,
CLUSTER-0103,1,0.0,accept,['Single account — no shared-infrastructure cluster'],,
CLUSTER-0104,1,0.0,accept,['Single account — no shared-infrastructure cluster'],,
CLUSTER-0105,1,0.0,accept,['Single account — no shared-infrastructure cluster'],,
CLUSTER-0106,1,0.0,accept,['Single account — no shared-infrastructure cluster'],,
CLUSTER-0107,1,0.0,accept,['Single account — no shared-infrastructure cluster'],,
CLUSTER-0108,1,0.0,accept,['Single account — no shared-infrastructure cluster'],,
CLUSTER-0109,1,0.0,accept,['Single account — no shared-infrastructure cluster'],,
CLUSTER-0110,1,0.0,accept,['Single account — no shared-infrastructure cluster'],,
CLUSTER-0111,1,0.0,accept,['Single account — no shared-infrastructure cluster'],,
CLUSTER-0112,1,0.0,accept,['Single account — no shared-infrastructure cluster'],,
CLUSTER-0113,2,0.015,accept,"['Shared infrastructure detected but consistent with ordinary household/shop sharing, not a coordinated ring']",6.0,1.5
CLUSTER-0114,8,0.4546,accept,"['8 accounts share infrastructure — larger than a typical shared-device household', 'All accounts opened within 2 day(s) of each other — signup burst']",2.0,7.625
CLUSTER-0115,1,0.0,accept,['Single account — no shared-infrastructure cluster'],,
CLUSTER-0116,1,0.0,accept,['Single account — no shared-infrastructure cluster'],,
CLUSTER-0117,1,0.0,accept,['Single account — no shared-infrastructure cluster'],,
CLUSTER-0118,1,0.0,accept,['Single account — no shared-infrastructure cluster'],,
CLUSTER-0119,1,0.0,accept,['Single account — no shared-infrastructure cluster'],,
CLUSTER-0120,1,0.0,accept,['Single account — no shared-infrastructure cluster'],,
CLUSTER-0121,1,0.0,accept,['Single account — no shared-infrastructure cluster'],,
CLUSTER-0122,1,0.0,accept,['Single account — no shared-infrastructure cluster'],,
CLUSTER-0123,1,0.0,accept,['Single account — no shared-infrastructure cluster'],,
CLUSTER-0124,4,0.09,accept,"['Shared infrastructure detected but consistent with ordinary household/shop sharing, not a coordinated ring']",6.0,1.75
CLUSTER-0125,1,0.0,accept,['Single account — no shared-infrastructure cluster'],,
CLUSTER-0126,12,0.3,accept,['12 accounts share infrastructure — larger than a typical shared-device household'],6.0,2.9166666666666665
CLUSTER-0127,1,0.0,accept,['Single account — no shared-infrastructure cluster'],,
CLUSTER-0128,1,0.0,accept,['Single account — no shared-infrastructure cluster'],,
CLUSTER-0129,1,0.0,accept,['Single account — no shared-infrastructure cluster'],,
CLUSTER-0130,1,0.0,accept,['Single account — no shared-infrastructure cluster'],,
CLUSTER-0131,1,0.0,accept,['Single account — no shared-infrastructure cluster'],,
CLUSTER-0132,1,0.0,accept,['Single account — no shared-infrastructure cluster'],,
CLUSTER-0133,4,0.49,accept,['All accounts opened within 0 day(s) of each other — signup burst'],0.0,5.0
CLUSTER-0134,1,0.0,accept,['Single account — no shared-infrastructure cluster'],,
CLUSTER-0135,1,0.0,accept,['Single account — no shared-infrastructure cluster'],,
CLUSTER-0136,1,0.0,accept,['Single account — no shared-infrastructure cluster'],,
CLUSTER-0137,1,0.0,accept,['Single account — no shared-infrastructure cluster'],,
CLUSTER-0138,1,0.0,accept,['Single account — no shared-infrastructure cluster'],,
CLUSTER-0139,1,0.0,accept,['Single account — no shared-infrastructure cluster'],,
CLUSTER-0140,1,0.0,accept,['Single account — no shared-infrastructure cluster'],,
CLUSTER-0141,1,0.0,accept,['Single account — no shared-infrastructure cluster'],,
CLUSTER-0142,1,0.0,accept,['Single account — no shared-infrastructure cluster'],,
CLUSTER-0143,1,0.0,accept,['Single account — no shared-infrastructure cluster'],,
CLUSTER-0144,1,0.0,accept,['Single account — no shared-infrastructure cluster'],,
CLUSTER-0145,1,0.0,accept,['Single account — no shared-infrastructure cluster'],,
CLUSTER-0146,1,0.0,accept,['Single account — no shared-infrastructure cluster'],,
CLUSTER-0147,1,0.0,accept,['Single account — no shared-infrastructure cluster'],,
CLUSTER-0148,1,0.0,accept,['Single account — no shared-infrastructure cluster'],,
CLUSTER-0149,1,0.0,accept,['Single account — no shared-infrastructure cluster'],,
CLUSTER-0150,1,0.0,accept,['Single account — no shared-infrastructure cluster'],,
CLUSTER-0151,1,0.0,accept,['Single account — no shared-infrastructure cluster'],,
CLUSTER-0152,1,0.0,accept,['Single account — no shared-infrastructure cluster'],,
CLUSTER-0153,1,0.0,accept,['Single account — no shared-infrastructure cluster'],,
CLUSTER-0154,1,0.0,accept,['Single account — no shared-infrastructure cluster'],,
CLUSTER-0155,1,0.0,accept,['Single account — no shared-infrastructure cluster'],,
CLUSTER-0156,5,0.4208,accept,"['5 accounts share infrastructure — larger than a typical shared-device household', 'All accounts opened within 2 day(s) of each other — signup burst', 'Average 9.2 transactions in first 7 days — elevated cash-out velocity']",2.0,9.2
CLUSTER-0157,1,0.0,accept,['Single account — no shared-infrastructure cluster'],,
CLUSTER-0158,4,0.09,accept,"['Shared infrastructure detected but consistent with ordinary household/shop sharing, not a coordinated ring']",18.0,1.0
CLUSTER-0159,1,0.0,accept,['Single account — no shared-infrastructure cluster'],,
CLUSTER-0160,1,0.0,accept,['Single account — no shared-infrastructure cluster'],,
CLUSTER-0161,1,0.0,accept,['Single account — no shared-infrastructure cluster'],,
CLUSTER-0162,1,0.0,accept,['Single account — no shared-infrastructure cluster'],,
CLUSTER-0163,4,0.3692,accept,['All accounts opened within 1 day(s) of each other — signup burst'],1.0,6.25
CLUSTER-0164,1,0.0,accept,['Single account — no shared-infrastructure cluster'],,
CLUSTER-0165,1,0.0,accept,['Single account — no shared-infrastructure cluster'],,
CLUSTER-0166,1,0.0,accept,['Single account — no shared-infrastructure cluster'],,
CLUSTER-0167,1,0.0,accept,['Single account — no shared-infrastructure cluster'],,
CLUSTER-0168,1,0.0,accept,['Single account — no shared-infrastructure cluster'],,
CLUSTER-0169,1,0.0,accept,['Single account — no shared-infrastructure cluster'],,
CLUSTER-0170,1,0.0,accept,['Single account — no shared-infrastructure cluster'],,
CLUSTER-0171,1,0.0,accept,['Single account — no shared-infrastructure cluster'],,
CLUSTER-0172,1,0.0,accept,['Single account — no shared-infrastructure cluster'],,
CLUSTER-0173,1,0.0,accept,['Single account — no shared-infrastructure cluster'],,
CLUSTER-0174,1,0.0,accept,['Single account — no shared-infrastructure cluster'],,
CLUSTER-0175,1,0.0,accept,['Single account — no shared-infrastructure cluster'],,
CLUSTER-0176,1,0.0,accept,['Single account — no shared-infrastructure cluster'],,
CLUSTER-0177,2,0.015,accept,"['Shared infrastructure detected but consistent with ordinary household/shop sharing, not a coordinated ring']",179.0,1.5
CLUSTER-0178,1,0.0,accept,['Single account — no shared-infrastructure cluster'],,
CLUSTER-0179,6,0.44,accept,"['6 accounts share infrastructure — larger than a typical shared-device household', 'All accounts opened within 2 day(s) of each other — signup burst', 'Average 8.8 transactions in first 7 days — elevated cash-out velocity']",2.0,8.833333333333334
CLUSTER-0180,1,0.0,accept,['Single account — no shared-infrastructure cluster'],,
CLUSTER-0181,1,0.0,accept,['Single account — no shared-infrastructure cluster'],,
CLUSTER-0182,1,0.0,accept,['Single account — no shared-infrastructure cluster'],,
CLUSTER-0183,1,0.0,accept,['Single account — no shared-infrastructure cluster'],,
CLUSTER-0184,1,0.0,accept,['Single account — no shared-infrastructure cluster'],,
CLUSTER-0185,1,0.0,accept,['Single account — no shared-infrastructure cluster'],,
CLUSTER-0186,1,0.0,accept,['Single account — no shared-infrastructure cluster'],,
CLUSTER-0187,1,0.0,accept,['Single account — no shared-infrastructure cluster'],,
CLUSTER-0188,1,0.0,accept,['Single account — no shared-infrastructure cluster'],,
CLUSTER-0189,1,0.0,accept,['Single account — no shared-infrastructure cluster'],,
CLUSTER-0190,1,0.0,accept,['Single account — no shared-infrastructure cluster'],,
CLUSTER-0191,8,0.24,accept,['8 accounts share infrastructure — larger than a typical shared-device household'],11.0,5.25
CLUSTER-0192,1,0.0,accept,['Single account — no shared-infrastructure cluster'],,
CLUSTER-0193,1,0.0,accept,['Single account — no shared-infrastructure cluster'],,
CLUSTER-0194,1,0.0,accept,['Single account — no shared-infrastructure cluster'],,
CLUSTER-0195,1,0.0,accept,['Single account — no shared-infrastructure cluster'],,
CLUSTER-0196,1,0.0,accept,['Single account — no shared-infrastructure cluster'],,
CLUSTER-0197,1,0.0,accept,['Single account — no shared-infrastructure cluster'],,
CLUSTER-0198,1,0.0,accept,['Single account — no shared-infrastructure cluster'],,
CLUSTER-0199,1,0.0,accept,['Single account — no shared-infrastructure cluster'],,
CLUSTER-0200,1,0.0,accept,['Single account — no shared-infrastructure cluster'],,
CLUSTER-0201,1,0.0,accept,['Single account — no shared-infrastructure cluster'],,
CLUSTER-0202,1,0.0,accept,['Single account — no shared-infrastructure cluster'],,
CLUSTER-0203,1,0.0,accept,['Single account — no shared-infrastructure cluster'],,
CLUSTER-0204,6,0.165,accept,['6 accounts share infrastructure — larger than a typical shared-device household'],6.0,4.5
CLUSTER-0205,1,0.0,accept,['Single account — no shared-infrastructure cluster'],,
CLUSTER-0206,1,0.0,accept,['Single account — no shared-infrastructure cluster'],,
CLUSTER-0207,1,0.0,accept,['Single account — no shared-infrastructure cluster'],,
CLUSTER-0208,1,0.0,accept,['Single account — no shared-infrastructure cluster'],,
CLUSTER-0209,1,0.0,accept,['Single account — no shared-infrastructure cluster'],,
CLUSTER-0210,1,0.0,accept,['Single account — no shared-infrastructure cluster'],,
CLUSTER-0211,1,0.0,accept,['Single account — no shared-infrastructure cluster'],,
CLUSTER-0212,1,0.0,accept,['Single account — no shared-infrastructure cluster'],,
CLUSTER-0213,1,0.0,accept,['Single account — no shared-infrastructure cluster'],,
CLUSTER-0214,1,0.0,accept,['Single account — no shared-infrastructure cluster'],,
CLUSTER-0215,1,0.0,accept,['Single account — no shared-infrastructure cluster'],,
CLUSTER-0216,1,0.0,accept,['Single account — no shared-infrastructure cluster'],,
CLUSTER-0217,1,0.0,accept,['Single account — no shared-infrastructure cluster'],,
CLUSTER-0218,1,0.0,accept,['Single account — no shared-infrastructure cluster'],,
CLUSTER-0219,1,0.0,accept,['Single account — no shared-infrastructure cluster'],,
CLUSTER-0220,1,0.0,accept,['Single account — no shared-infrastructure cluster'],,
CLUSTER-0221,1,0.0,accept,['Single account — no shared-infrastructure cluster'],,
CLUSTER-0222,1,0.0,accept,['Single account — no shared-infrastructure cluster'],,
CLUSTER-0223,1,0.0,accept,['Single account — no shared-infrastructure cluster'],,
CLUSTER-0224,1,0.0,accept,['Single account — no shared-infrastructure cluster'],,
CLUSTER-0225,1,0.0,accept,['Single account — no shared-infrastructure cluster'],,
CLUSTER-0226,1,0.0,accept,['Single account — no shared-infrastructure cluster'],,
CLUSTER-0227,1,0.0,accept,['Single account — no shared-infrastructure cluster'],,
CLUSTER-0228,1,0.0,accept,['Single account — no shared-infrastructure cluster'],,
CLUSTER-0229,1,0.0,accept,['Single account — no shared-infrastructure cluster'],,
CLUSTER-0230,1,0.0,accept,['Single account — no shared-infrastructure cluster'],,
CLUSTER-0231,1,0.0,accept,['Single account — no shared-infrastructure cluster'],,
CLUSTER-0232,1,0.0,accept,['Single account — no shared-infrastructure cluster'],,
CLUSTER-0233,1,0.0,accept,['Single account — no shared-infrastructure cluster'],,
CLUSTER-0234,1,0.0,accept,['Single account — no shared-infrastructure cluster'],,
CLUSTER-0235,1,0.0,accept,['Single account — no shared-infrastructure cluster'],,
CLUSTER-0236,1,0.0,accept,['Single account — no shared-infrastructure cluster'],,
CLUSTER-0237,1,0.0,accept,['Single account — no shared-infrastructure cluster'],,
CLUSTER-0238,1,0.0,accept,['Single account — no shared-infrastructure cluster'],,
CLUSTER-0239,1,0.0,accept,['Single account — no shared-infrastructure cluster'],,
CLUSTER-0240,1,0.0,accept,['Single account — no shared-infrastructure cluster'],,
CLUSTER-0241,1,0.0,accept,['Single account — no shared-infrastructure cluster'],,
CLUSTER-0242,4,0.09,accept,"['Shared infrastructure detected but consistent with ordinary household/shop sharing, not a coordinated ring']",19.0,2.25
CLUSTER-0243,1,0.0,accept,['Single account — no shared-infrastructure cluster'],,
CLUSTER-0244,1,0.0,accept,['Single account — no shared-infrastructure cluster'],,
CLUSTER-0245,1,0.0,accept,['Single account — no shared-infrastructure cluster'],,
CLUSTER-0246,1,0.0,accept,['Single account — no shared-infrastructure cluster'],,
CLUSTER-0247,1,0.0,accept,['Single account — no shared-infrastructure cluster'],,
CLUSTER-0248,1,0.0,accept,['Single account — no shared-infrastructure cluster'],,
CLUSTER-0249,2,0.3317,accept,['All accounts opened within 1 day(s) of each other — signup burst'],1.0,7.0
CLUSTER-0250,1,0.0,accept,['Single account — no shared-infrastructure cluster'],,
CLUSTER-0251,1,0.0,accept,['Single account — no shared-infrastructure cluster'],,
CLUSTER-0252,1,0.0,accept,['Single account — no shared-infrastructure cluster'],,
CLUSTER-0253,1,0.0,accept,['Single account — no shared-infrastructure cluster'],,
CLUSTER-0254,1,0.0,accept,['Single account — no shared-infrastructure cluster'],,
CLUSTER-0255,1,0.0,accept,['Single account — no shared-infrastructure cluster'],,
CLUSTER-0256,1,0.0,accept,['Single account — no shared-infrastructure cluster'],,
CLUSTER-0257,1,0.0,accept,['Single account — no shared-infrastructure cluster'],,
CLUSTER-0258,1,0.0,accept,['Single account — no shared-infrastructure cluster'],,
CLUSTER-0259,1,0.0,accept,['Single account — no shared-infrastructure cluster'],,
CLUSTER-0260,4,0.09,accept,"['Shared infrastructure detected but consistent with ordinary household/shop sharing, not a coordinated ring']",13.0,2.0
CLUSTER-0261,1,0.0,accept,['Single account — no shared-infrastructure cluster'],,
CLUSTER-0262,1,0.0,accept,['Single account — no shared-infrastructure cluster'],,
CLUSTER-0263,1,0.0,accept,['Single account — no shared-infrastructure cluster'],,
CLUSTER-0264,1,0.0,accept,['Single account — no shared-infrastructure cluster'],,
CLUSTER-0265,4,0.09,accept,"['Shared infrastructure detected but consistent with ordinary household/shop sharing, not a coordinated ring']",19.0,1.75
CLUSTER-0266,1,0.0,accept,['Single account — no shared-infrastructure cluster'],,
CLUSTER-0267,1,0.0,accept,['Single account — no shared-infrastructure cluster'],,
CLUSTER-0268,1,0.0,accept,['Single account — no shared-infrastructure cluster'],,
CLUSTER-0269,1,0.0,accept,['Single account — no shared-infrastructure cluster'],,
CLUSTER-0270,1,0.0,accept,['Single account — no shared-infrastructure cluster'],,
CLUSTER-0271,1,0.0,accept,['Single account — no shared-infrastructure cluster'],,
CLUSTER-0272,1,0.0,accept,['Single account — no shared-infrastructure cluster'],,
CLUSTER-0273,1,0.0,accept,['Single account — no shared-infrastructure cluster'],,
CLUSTER-0274,1,0.0,accept,['Single account — no shared-infrastructure cluster'],,
CLUSTER-0275,1,0.0,accept,['Single account — no shared-infrastructure cluster'],,
CLUSTER-0276,1,0.0,accept,['Single account — no shared-infrastructure cluster'],,
CLUSTER-0277,1,0.0,accept,['Single account — no shared-infrastructure cluster'],,
CLUSTER-0278,1,0.0,accept,['Single account — no shared-infrastructure cluster'],,
CLUSTER-0279,1,0.0,accept,['Single account — no shared-infrastructure cluster'],,
CLUSTER-0280,3,0.0525,accept,"['Shared infrastructure detected but consistent with ordinary household/shop sharing, not a coordinated ring']",6.0,3.6666666666666665
CLUSTER-0281,1,0.0,accept,['Single account — no shared-infrastructure cluster'],,
CLUSTER-0282,1,0.0,accept,['Single account — no shared-infrastructure cluster'],,
CLUSTER-0283,1,0.0,accept,['Single account — no shared-infrastructure cluster'],,
CLUSTER-0284,1,0.0,accept,['Single account — no shared-infrastructure cluster'],,
CLUSTER-0285,1,0.0,accept,['Single account — no shared-infrastructure cluster'],,
CLUSTER-0286,1,0.0,accept,['Single account — no shared-infrastructure cluster'],,
CLUSTER-0287,1,0.0,accept,['Single account — no shared-infrastructure cluster'],,
CLUSTER-0288,1,0.0,accept,['Single account — no shared-infrastructure cluster'],,
CLUSTER-0289,1,0.0,accept,['Single account — no shared-infrastructure cluster'],,
CLUSTER-0290,1,0.0,accept,['Single account — no shared-infrastructure cluster'],,
CLUSTER-0291,1,0.0,accept,['Single account — no shared-infrastructure cluster'],,
CLUSTER-0292,1,0.0,accept,['Single account — no shared-infrastructure cluster'],,
CLUSTER-0293,1,0.0,accept,['Single account — no shared-infrastructure cluster'],,
CLUSTER-0294,1,0.0,accept,['Single account — no shared-infrastructure cluster'],,
CLUSTER-0295,1,0.0,accept,['Single account — no shared-infrastructure cluster'],,
CLUSTER-0296,1,0.0,accept,['Single account — no shared-infrastructure cluster'],,
CLUSTER-0297,1,0.0,accept,['Single account — no shared-infrastructure cluster'],,
CLUSTER-0298,1,0.0,accept,['Single account — no shared-infrastructure cluster'],,
CLUSTER-0299,1,0.0,accept,['Single account — no shared-infrastructure cluster'],,
CLUSTER-0300,1,0.0,accept,['Single account — no shared-infrastructure cluster'],,
CLUSTER-0301,1,0.0,accept,['Single account — no shared-infrastructure cluster'],,
CLUSTER-0302,1,0.0,accept,['Single account — no shared-infrastructure cluster'],,
CLUSTER-0303,1,0.0,accept,['Single account — no shared-infrastructure cluster'],,
CLUSTER-0304,1,0.0,accept,['Single account — no shared-infrastructure cluster'],,
CLUSTER-0305,1,0.0,accept,['Single account — no shared-infrastructure cluster'],,
CLUSTER-0306,1,0.0,accept,['Single account — no shared-infrastructure cluster'],,
CLUSTER-0307,1,0.0,accept,['Single account — no shared-infrastructure cluster'],,
CLUSTER-0308,1,0.0,accept,['Single account — no shared-infrastructure cluster'],,
CLUSTER-0309,1,0.0,accept,['Single account — no shared-infrastructure cluster'],,
CLUSTER-0310,1,0.0,accept,['Single account — no shared-infrastructure cluster'],,
CLUSTER-0311,1,0.0,accept,['Single account — no shared-infrastructure cluster'],,
CLUSTER-0312,1,0.0,accept,['Single account — no shared-infrastructure cluster'],,
CLUSTER-0313,3,0.0525,accept,"['Shared infrastructure detected but consistent with ordinary household/shop sharing, not a coordinated ring']",4.0,5.0
CLUSTER-0314,1,0.0,accept,['Single account — no shared-infrastructure cluster'],,
CLUSTER-0315,1,0.0,accept,['Single account — no shared-infrastructure cluster'],,
CLUSTER-0316,1,0.0,accept,['Single account — no shared-infrastructure cluster'],,
CLUSTER-0317,4,0.09,accept,"['Shared infrastructure detected but consistent with ordinary household/shop sharing, not a coordinated ring']",18.0,2.75
CLUSTER-0318,1,0.0,accept,['Single account — no shared-infrastructure cluster'],,
CLUSTER-0319,1,0.0,accept,['Single account — no shared-infrastructure cluster'],,
CLUSTER-0320,1,0.0,accept,['Single account — no shared-infrastructure cluster'],,
CLUSTER-0321,1,0.0,accept,['Single account — no shared-infrastructure cluster'],,
CLUSTER-0322,1,0.0,accept,['Single account — no shared-infrastructure cluster'],,
CLUSTER-0323,1,0.0,accept,['Single account — no shared-infrastructure cluster'],,
CLUSTER-0324,1,0.0,accept,['Single account — no shared-infrastructure cluster'],,
CLUSTER-0325,1,0.0,accept,['Single account — no shared-infrastructure cluster'],,
CLUSTER-0326,1,0.0,accept,['Single account — no shared-infrastructure cluster'],,
CLUSTER-0327,4,0.3567,accept,['All accounts opened within 1 day(s) of each other — signup burst'],1.0,3.25
CLUSTER-0328,1,0.0,accept,['Single account — no shared-infrastructure cluster'],,
CLUSTER-0329,1,0.0,accept,['Single account — no shared-infrastructure cluster'],,
CLUSTER-0330,1,0.0,accept,['Single account — no shared-infrastructure cluster'],,
CLUSTER-0331,1,0.0,accept,['Single account — no shared-infrastructure cluster'],,
CLUSTER-0332,1,0.0,accept,['Single account — no shared-infrastructure cluster'],,
CLUSTER-0333,1,0.0,accept,['Single account — no shared-infrastructure cluster'],,
CLUSTER-0334,1,0.0,accept,['Single account — no shared-infrastructure cluster'],,
CLUSTER-0335,1,0.0,accept,['Single account — no shared-infrastructure cluster'],,
CLUSTER-0336,1,0.0,accept,['Single account — no shared-infrastructure cluster'],,
CLUSTER-0337,1,0.0,accept,['Single account — no shared-infrastructure cluster'],,
CLUSTER-0338,1,0.0,accept,['Single account — no shared-infrastructure cluster'],,
CLUSTER-0339,1,0.0,accept,['Single account — no shared-infrastructure cluster'],,
CLUSTER-0340,1,0.0,accept,['Single account — no shared-infrastructure cluster'],,
CLUSTER-0341,1,0.0,accept,['Single account — no shared-infrastructure cluster'],,
CLUSTER-0342,1,0.0,accept,['Single account — no shared-infrastructure cluster'],,
CLUSTER-0343,1,0.0,accept,['Single account — no shared-infrastructure cluster'],,
CLUSTER-0344,1,0.0,accept,['Single account — no shared-infrastructure cluster'],,
CLUSTER-0345,1,0.0,accept,['Single account — no shared-infrastructure cluster'],,
CLUSTER-0346,1,0.0,accept,['Single account — no shared-infrastructure cluster'],,
CLUSTER-0347,1,0.0,accept,['Single account — no shared-infrastructure cluster'],,
CLUSTER-0348,1,0.0,accept,['Single account — no shared-infrastructure cluster'],,
CLUSTER-0349,1,0.0,accept,['Single account — no shared-infrastructure cluster'],,
CLUSTER-0350,1,0.0,accept,['Single account — no shared-infrastructure cluster'],,
CLUSTER-0351,1,0.0,accept,['Single account — no shared-infrastructure cluster'],,
CLUSTER-0352,1,0.0,accept,['Single account — no shared-infrastructure cluster'],,
CLUSTER-0353,1,0.0,accept,['Single account — no shared-infrastructure cluster'],,
CLUSTER-0354,1,0.0,accept,['Single account — no shared-infrastructure cluster'],,
CLUSTER-0355,1,0.0,accept,['Single account — no shared-infrastructure cluster'],,
CLUSTER-0356,1,0.0,accept,['Single account — no shared-infrastructure cluster'],,
CLUSTER-0357,1,0.0,accept,['Single account — no shared-infrastructure cluster'],,
CLUSTER-0358,1,0.0,accept,['Single account — no shared-infrastructure cluster'],,
CLUSTER-0359,1,0.0,accept,['Single account — no shared-infrastructure cluster'],,
CLUSTER-0360,2,0.015,accept,"['Shared infrastructure detected but consistent with ordinary household/shop sharing, not a coordinated ring']",79.0,2.5
CLUSTER-0361,1,0.0,accept,['Single account — no shared-infrastructure cluster'],,
CLUSTER-0362,1,0.0,accept,['Single account — no shared-infrastructure cluster'],,
CLUSTER-0363,1,0.0,accept,['Single account — no shared-infrastructure cluster'],,
CLUSTER-0364,1,0.0,accept,['Single account — no shared-infrastructure cluster'],,
CLUSTER-0365,1,0.0,accept,['Single account — no shared-infrastructure cluster'],,
CLUSTER-0366,1,0.0,accept,['Single account — no shared-infrastructure cluster'],,
CLUSTER-0367,1,0.0,accept,['Single account — no shared-infrastructure cluster'],,
CLUSTER-0368,1,0.0,accept,['Single account — no shared-infrastructure cluster'],,
CLUSTER-0369,1,0.0,accept,['Single account — no shared-infrastructure cluster'],,
CLUSTER-0370,1,0.0,accept,['Single account — no shared-infrastructure cluster'],,
CLUSTER-0371,1,0.0,accept,['Single account — no shared-infrastructure cluster'],,
CLUSTER-0372,1,0.0,accept,['Single account — no shared-infrastructure cluster'],,
CLUSTER-0373,1,0.0,accept,['Single account — no shared-infrastructure cluster'],,
CLUSTER-0374,7,0.2025,accept,['7 accounts share infrastructure — larger than a typical shared-device household'],3.0,3.857142857142857
CLUSTER-0375,1,0.0,accept,['Single account — no shared-infrastructure cluster'],,
CLUSTER-0376,1,0.0,accept,['Single account — no shared-infrastructure cluster'],,
CLUSTER-0377,1,0.0,accept,['Single account — no shared-infrastructure cluster'],,
CLUSTER-0378,1,0.0,accept,['Single account — no shared-infrastructure cluster'],,
CLUSTER-0379,1,0.0,accept,['Single account — no shared-infrastructure cluster'],,
CLUSTER-0380,1,0.0,accept,['Single account — no shared-infrastructure cluster'],,
CLUSTER-0381,1,0.0,accept,['Single account — no shared-infrastructure cluster'],,
CLUSTER-0382,1,0.0,accept,['Single account — no shared-infrastructure cluster'],,
CLUSTER-0383,1,0.0,accept,['Single account — no shared-infrastructure cluster'],,
CLUSTER-0384,1,0.0,accept,['Single account — no shared-infrastructure cluster'],,
CLUSTER-0385,1,0.0,accept,['Single account — no shared-infrastructure cluster'],,
CLUSTER-0386,1,0.0,accept,['Single account — no shared-infrastructure cluster'],,
CLUSTER-0387,1,0.0,accept,['Single account — no shared-infrastructure cluster'],,
CLUSTER-0388,1,0.0,accept,['Single account — no shared-infrastructure cluster'],,
CLUSTER-0389,1,0.0,accept,['Single account — no shared-infrastructure cluster'],,
CLUSTER-0390,1,0.0,accept,['Single account — no shared-infrastructure cluster'],,
CLUSTER-0391,1,0.0,accept,['Single account — no shared-infrastructure cluster'],,
CLUSTER-0392,1,0.0,accept,['Single account — no shared-infrastructure cluster'],,
CLUSTER-0393,1,0.0,accept,['Single account — no shared-infrastructure cluster'],,
CLUSTER-0394,1,0.0,accept,['Single account — no shared-infrastructure cluster'],,
CLUSTER-0395,1,0.0,accept,['Single account — no shared-infrastructure cluster'],,
CLUSTER-0396,1,0.0,accept,['Single account — no shared-infrastructure cluster'],,
CLUSTER-0397,1,0.0,accept,['Single account — no shared-infrastructure cluster'],,
CLUSTER-0398,1,0.0,accept,['Single account — no shared-infrastructure cluster'],,
CLUSTER-0399,1,0.0,accept,['Single account — no shared-infrastructure cluster'],,
CLUSTER-0400,1,0.0,accept,['Single account — no shared-infrastructure cluster'],,
CLUSTER-0401,1,0.0,accept,['Single account — no shared-infrastructure cluster'],,
CLUSTER-0402,1,0.0,accept,['Single account — no shared-infrastructure cluster'],,
CLUSTER-0403,1,0.0,accept,['Single account — no shared-infrastructure cluster'],,
CLUSTER-0404,1,0.0,accept,['Single account — no shared-infrastructure cluster'],,
CLUSTER-0405,1,0.0,accept,['Single account — no shared-infrastructure cluster'],,
CLUSTER-0406,1,0.0,accept,['Single account — no shared-infrastructure cluster'],,
CLUSTER-0407,1,0.0,accept,['Single account — no shared-infrastructure cluster'],,
CLUSTER-0408,1,0.0,accept,['Single account — no shared-infrastructure cluster'],,
CLUSTER-0409,1,0.0,accept,['Single account — no shared-infrastructure cluster'],,
CLUSTER-0410,1,0.0,accept,['Single account — no shared-infrastructure cluster'],,
CLUSTER-0411,4,0.3233,accept,"['All accounts opened within 2 day(s) of each other — signup burst', 'Average 8.0 transactions in first 7 days — elevated cash-out velocity']",2.0,8.0
CLUSTER-0412,1,0.0,accept,['Single account — no shared-infrastructure cluster'],,
CLUSTER-0413,1,0.0,accept,['Single account — no shared-infrastructure cluster'],,
CLUSTER-0414,1,0.0,accept,['Single account — no shared-infrastructure cluster'],,
CLUSTER-0415,1,0.0,accept,['Single account — no shared-infrastructure cluster'],,
CLUSTER-0416,1,0.0,accept,['Single account — no shared-infrastructure cluster'],,
CLUSTER-0417,1,0.0,accept,['Single account — no shared-infrastructure cluster'],,
CLUSTER-0418,1,0.0,accept,['Single account — no shared-infrastructure cluster'],,
CLUSTER-0419,1,0.0,accept,['Single account — no shared-infrastructure cluster'],,
CLUSTER-0420,1,0.0,accept,['Single account — no shared-infrastructure cluster'],,
CLUSTER-0421,2,0.015,accept,"['Shared infrastructure detected but consistent with ordinary household/shop sharing, not a coordinated ring']",9.0,2.5
CLUSTER-0422,1,0.0,accept,['Single account — no shared-infrastructure cluster'],,
CLUSTER-0423,1,0.0,accept,['Single account — no shared-infrastructure cluster'],,
CLUSTER-0424,1,0.0,accept,['Single account — no shared-infrastructure cluster'],,
CLUSTER-0425,1,0.0,accept,['Single account — no shared-infrastructure cluster'],,
CLUSTER-0426,1,0.0,accept,['Single account — no shared-infrastructure cluster'],,
CLUSTER-0427,1,0.0,accept,['Single account — no shared-infrastructure cluster'],,
CLUSTER-0428,1,0.0,accept,['Single account — no shared-infrastructure cluster'],,
CLUSTER-0429,1,0.0,accept,['Single account — no shared-infrastructure cluster'],,
CLUSTER-0430,1,0.0,accept,['Single account — no shared-infrastructure cluster'],,
CLUSTER-0431,1,0.0,accept,['Single account — no shared-infrastructure cluster'],,
CLUSTER-0432,1,0.0,accept,['Single account — no shared-infrastructure cluster'],,
CLUSTER-0433,1,0.0,accept,['Single account — no shared-infrastructure cluster'],,
CLUSTER-0434,2,0.015,accept,"['Shared infrastructure detected but consistent with ordinary household/shop sharing, not a coordinated ring']",8.0,3.0
CLUSTER-0435,1,0.0,accept,['Single account — no shared-infrastructure cluster'],,
CLUSTER-0436,1,0.0,accept,['Single account — no shared-infrastructure cluster'],,
CLUSTER-0437,1,0.0,accept,['Single account — no shared-infrastructure cluster'],,
CLUSTER-0438,1,0.0,accept,['Single account — no shared-infrastructure cluster'],,
CLUSTER-0439,1,0.0,accept,['Single account — no shared-infrastructure cluster'],,
CLUSTER-0440,1,0.0,accept,['Single account — no shared-infrastructure cluster'],,
CLUSTER-0441,1,0.0,accept,['Single account — no shared-infrastructure cluster'],,
CLUSTER-0442,1,0.0,accept,['Single account — no shared-infrastructure cluster'],,
CLUSTER-0443,1,0.0,accept,['Single account — no shared-infrastructure cluster'],,
CLUSTER-0444,1,0.0,accept,['Single account — no shared-infrastructure cluster'],,
CLUSTER-0445,1,0.0,accept,['Single account — no shared-infrastructure cluster'],,
CLUSTER-0446,1,0.0,accept,['Single account — no shared-infrastructure cluster'],,
CLUSTER-0447,1,0.0,accept,['Single account — no shared-infrastructure cluster'],,
CLUSTER-0448,1,0.0,accept,['Single account — no shared-infrastructure cluster'],,
CLUSTER-0449,1,0.0,accept,['Single account — no shared-infrastructure cluster'],,
CLUSTER-0450,1,0.0,accept,['Single account — no shared-infrastructure cluster'],,
CLUSTER-0451,1,0.0,accept,['Single account — no shared-infrastructure cluster'],,
CLUSTER-0452,1,0.0,accept,['Single account — no shared-infrastructure cluster'],,
CLUSTER-0453,4,0.09,accept,"['Shared infrastructure detected but consistent with ordinary household/shop sharing, not a coordinated ring']",5.0,2.75
CLUSTER-0454,1,0.0,accept,['Single account — no shared-infrastructure cluster'],,
CLUSTER-0455,1,0.0,accept,['Single account — no shared-infrastructure cluster'],,
CLUSTER-0456,1,0.0,accept,['Single account — no shared-infrastructure cluster'],,
CLUSTER-0457,1,0.0,accept,['Single account — no shared-infrastructure cluster'],,
CLUSTER-0458,1,0.0,accept,['Single account — no shared-infrastructure cluster'],,
CLUSTER-0459,1,0.0,accept,['Single account — no shared-infrastructure cluster'],,
CLUSTER-0460,1,0.0,accept,['Single account — no shared-infrastructure cluster'],,
CLUSTER-0461,1,0.0,accept,['Single account — no shared-infrastructure cluster'],,
CLUSTER-0462,1,0.0,accept,['Single account — no shared-infrastructure cluster'],,
CLUSTER-0463,1,0.0,accept,['Single account — no shared-infrastructure cluster'],,
CLUSTER-0464,1,0.0,accept,['Single account — no shared-infrastructure cluster'],,
CLUSTER-0465,1,0.0,accept,['Single account — no shared-infrastructure cluster'],,
CLUSTER-0466,1,0.0,accept,['Single account — no shared-infrastructure cluster'],,
CLUSTER-0467,1,0.0,accept,['Single account — no shared-infrastructure cluster'],,
CLUSTER-0468,1,0.0,accept,['Single account — no shared-infrastructure cluster'],,
CLUSTER-0469,1,0.0,accept,['Single account — no shared-infrastructure cluster'],,
CLUSTER-0470,1,0.0,accept,['Single account — no shared-infrastructure cluster'],,
CLUSTER-0471,1,0.0,accept,['Single account — no shared-infrastructure cluster'],,
CLUSTER-0472,1,0.0,accept,['Single account — no shared-infrastructure cluster'],,
CLUSTER-0473,1,0.0,accept,['Single account — no shared-infrastructure cluster'],,
CLUSTER-0474,1,0.0,accept,['Single account — no shared-infrastructure cluster'],,
CLUSTER-0475,1,0.0,accept,['Single account — no shared-infrastructure cluster'],,
CLUSTER-0476,1,0.0,accept,['Single account — no shared-infrastructure cluster'],,
CLUSTER-0477,1,0.0,accept,['Single account — no shared-infrastructure cluster'],,
CLUSTER-0478,1,0.0,accept,['Single account — no shared-infrastructure cluster'],,
CLUSTER-0479,1,0.0,accept,['Single account — no shared-infrastructure cluster'],,
CLUSTER-0480,1,0.0,accept,['Single account — no shared-infrastructure cluster'],,
CLUSTER-0481,1,0.0,accept,['Single account — no shared-infrastructure cluster'],,
CLUSTER-0482,2,0.015,accept,"['Shared infrastructure detected but consistent with ordinary household/shop sharing, not a coordinated ring']",6.0,1.5
CLUSTER-0483,1,0.0,accept,['Single account — no shared-infrastructure cluster'],,
CLUSTER-0484,2,0.2817,accept,['All accounts opened within 1 day(s) of each other — signup burst'],1.0,1.0
CLUSTER-0485,1,0.0,accept,['Single account — no shared-infrastructure cluster'],,
CLUSTER-0486,1,0.0,accept,['Single account — no shared-infrastructure cluster'],,
CLUSTER-0487,1,0.0,accept,['Single account — no shared-infrastructure cluster'],,
CLUSTER-0488,1,0.0,accept,['Single account — no shared-infrastructure cluster'],,
CLUSTER-0489,1,0.0,accept,['Single account — no shared-infrastructure cluster'],,
CLUSTER-0490,3,0.4525,accept,['All accounts opened within 0 day(s) of each other — signup burst'],0.0,3.0
CLUSTER-0491,1,0.0,accept,['Single account — no shared-infrastructure cluster'],,
CLUSTER-0492,1,0.0,accept,['Single account — no shared-infrastructure cluster'],,
CLUSTER-0493,1,0.0,accept,['Single account — no shared-infrastructure cluster'],,
CLUSTER-0494,1,0.0,accept,['Single account — no shared-infrastructure cluster'],,
CLUSTER-0495,1,0.0,accept,['Single account — no shared-infrastructure cluster'],,
CLUSTER-0496,1,0.0,accept,['Single account — no shared-infrastructure cluster'],,
CLUSTER-0497,1,0.0,accept,['Single account — no shared-infrastructure cluster'],,
CLUSTER-0498,1,0.0,accept,['Single account — no shared-infrastructure cluster'],,
CLUSTER-0499,1,0.0,accept,['Single account — no shared-infrastructure cluster'],,
CLUSTER-0500,1,0.0,accept,['Single account — no shared-infrastructure cluster'],,
CLUSTER-0501,1,0.0,accept,['Single account — no shared-infrastructure cluster'],,
CLUSTER-0502,3,0.0525,accept,"['Shared infrastructure detected but consistent with ordinary household/shop sharing, not a coordinated ring']",4.0,2.3333333333333335
CLUSTER-0503,1,0.0,accept,['Single account — no shared-infrastructure cluster'],,
CLUSTER-0504,1,0.0,accept,['Single account — no shared-infrastructure cluster'],,
CLUSTER-0505,1,0.0,accept,['Single account — no shared-infrastructure cluster'],,
CLUSTER-0506,1,0.0,accept,['Single account — no shared-infrastructure cluster'],,
CLUSTER-0507,1,0.0,accept,['Single account — no shared-infrastructure cluster'],,
CLUSTER-0508,1,0.0,accept,['Single account — no shared-infrastructure cluster'],,
CLUSTER-0509,1,0.0,accept,['Single account — no shared-infrastructure cluster'],,
CLUSTER-0510,1,0.0,accept,['Single account — no shared-infrastructure cluster'],,
CLUSTER-0511,1,0.0,accept,['Single account — no shared-infrastructure cluster'],,
CLUSTER-0512,1,0.0,accept,['Single account — no shared-infrastructure cluster'],,
CLUSTER-0513,1,0.0,accept,['Single account — no shared-infrastructure cluster'],,
CLUSTER-0514,1,0.0,accept,['Single account — no shared-infrastructure cluster'],,
CLUSTER-0515,1,0.0,accept,['Single account — no shared-infrastructure cluster'],,
CLUSTER-0516,1,0.0,accept,['Single account — no shared-infrastructure cluster'],,
CLUSTER-0517,1,0.0,accept,['Single account — no shared-infrastructure cluster'],,
CLUSTER-0518,1,0.0,accept,['Single account — no shared-infrastructure cluster'],,
CLUSTER-0519,1,0.0,accept,['Single account — no shared-infrastructure cluster'],,
CLUSTER-0520,1,0.0,accept,['Single account — no shared-infrastructure cluster'],,
CLUSTER-0521,1,0.0,accept,['Single account — no shared-infrastructure cluster'],,
CLUSTER-0522,1,0.0,accept,['Single account — no shared-infrastructure cluster'],,
CLUSTER-0523,1,0.0,accept,['Single account — no shared-infrastructure cluster'],,
CLUSTER-0524,1,0.0,accept,['Single account — no shared-infrastructure cluster'],,
CLUSTER-0525,1,0.0,accept,['Single account — no shared-infrastructure cluster'],,
CLUSTER-0526,1,0.0,accept,['Single account — no shared-infrastructure cluster'],,
CLUSTER-0527,1,0.0,accept,['Single account — no shared-infrastructure cluster'],,
CLUSTER-0528,1,0.0,accept,['Single account — no shared-infrastructure cluster'],,
CLUSTER-0529,1,0.0,accept,['Single account — no shared-infrastructure cluster'],,
CLUSTER-0530,6,0.315,accept,"['6 accounts share infrastructure — larger than a typical shared-device household', 'All accounts opened within 2 day(s) of each other — signup burst']",2.0,6.333333333333333
CLUSTER-0531,1,0.0,accept,['Single account — no shared-infrastructure cluster'],,
CLUSTER-0532,1,0.0,accept,['Single account — no shared-infrastructure cluster'],,
CLUSTER-0533,1,0.0,accept,['Single account — no shared-infrastructure cluster'],,
CLUSTER-0534,1,0.0,accept,['Single account — no shared-infrastructure cluster'],,
CLUSTER-0535,1,0.0,accept,['Single account — no shared-infrastructure cluster'],,
CLUSTER-0536,1,0.0,accept,['Single account — no shared-infrastructure cluster'],,
CLUSTER-0537,1,0.0,accept,['Single account — no shared-infrastructure cluster'],,
CLUSTER-0538,1,0.0,accept,['Single account — no shared-infrastructure cluster'],,
CLUSTER-0539,1,0.0,accept,['Single account — no shared-infrastructure cluster'],,
CLUSTER-0540,1,0.0,accept,['Single account — no shared-infrastructure cluster'],,
CLUSTER-0541,1,0.0,accept,['Single account — no shared-infrastructure cluster'],,
CLUSTER-0542,1,0.0,accept,['Single account — no shared-infrastructure cluster'],,
CLUSTER-0543,1,0.0,accept,['Single account — no shared-infrastructure cluster'],,
CLUSTER-0544,1,0.0,accept,['Single account — no shared-infrastructure cluster'],,
CLUSTER-0545,1,0.0,accept,['Single account — no shared-infrastructure cluster'],,
CLUSTER-0546,1,0.0,accept,['Single account — no shared-infrastructure cluster'],,
CLUSTER-0547,1,0.0,accept,['Single account — no shared-infrastructure cluster'],,
CLUSTER-0548,1,0.0,accept,['Single account — no shared-infrastructure cluster'],,
CLUSTER-0549,4,0.09,accept,"['Shared infrastructure detected but consistent with ordinary household/shop sharing, not a coordinated ring']",21.0,2.25
CLUSTER-0550,1,0.0,accept,['Single account — no shared-infrastructure cluster'],,
CLUSTER-0551,1,0.0,accept,['Single account — no shared-infrastructure cluster'],,
CLUSTER-0552,1,0.0,accept,['Single account — no shared-infrastructure cluster'],,
CLUSTER-0553,1,0.0,accept,['Single account — no shared-infrastructure cluster'],,
CLUSTER-0554,9,0.5719,manual_review,"['9 accounts share infrastructure — larger than a typical shared-device household', 'All accounts opened within 2 day(s) of each other — signup burst', 'Average 9.2 transactions in first 7 days — elevated cash-out velocity']",2.0,9.222222222222221
CLUSTER-0555,1,0.0,accept,['Single account — no shared-infrastructure cluster'],,
CLUSTER-0556,1,0.0,accept,['Single account — no shared-infrastructure cluster'],,
CLUSTER-0557,1,0.0,accept,['Single account — no shared-infrastructure cluster'],,
CLUSTER-0558,1,0.0,accept,['Single account — no shared-infrastructure cluster'],,
CLUSTER-0559,1,0.0,accept,['Single account — no shared-infrastructure cluster'],,
CLUSTER-0560,1,0.0,accept,['Single account — no shared-infrastructure cluster'],,
CLUSTER-0561,1,0.0,accept,['Single account — no shared-infrastructure cluster'],,
CLUSTER-0562,1,0.0,accept,['Single account — no shared-infrastructure cluster'],,
CLUSTER-0563,1,0.0,accept,['Single account — no shared-infrastructure cluster'],,
CLUSTER-0564,1,0.0,accept,['Single account — no shared-infrastructure cluster'],,
CLUSTER-0565,1,0.0,accept,['Single account — no shared-infrastructure cluster'],,
CLUSTER-0566,1,0.0,accept,['Single account — no shared-infrastructure cluster'],,
CLUSTER-0567,1,0.0,accept,['Single account — no shared-infrastructure cluster'],,
CLUSTER-0568,1,0.0,accept,['Single account — no shared-infrastructure cluster'],,
CLUSTER-0569,1,0.0,accept,['Single account — no shared-infrastructure cluster'],,
CLUSTER-0570,6,0.165,accept,['6 accounts share infrastructure — larger than a typical shared-device household'],6.0,4.833333333333333
CLUSTER-0571,1,0.0,accept,['Single account — no shared-infrastructure cluster'],,
CLUSTER-0572,1,0.0,accept,['Single account — no shared-infrastructure cluster'],,
CLUSTER-0573,1,0.0,accept,['Single account — no shared-infrastructure cluster'],,
CLUSTER-0574,1,0.0,accept,['Single account — no shared-infrastructure cluster'],,
CLUSTER-0575,1,0.0,accept,['Single account — no shared-infrastructure cluster'],,
CLUSTER-0576,1,0.0,accept,['Single account — no shared-infrastructure cluster'],,
CLUSTER-0577,1,0.0,accept,['Single account — no shared-infrastructure cluster'],,
CLUSTER-0578,1,0.0,accept,['Single account — no shared-infrastructure cluster'],,
CLUSTER-0579,1,0.0,accept,['Single account — no shared-infrastructure cluster'],,
CLUSTER-0580,1,0.0,accept,['Single account — no shared-infrastructure cluster'],,
CLUSTER-0581,1,0.0,accept,['Single account — no shared-infrastructure cluster'],,
CLUSTER-0582,1,0.0,accept,['Single account — no shared-infrastructure cluster'],,
CLUSTER-0583,1,0.0,accept,['Single account — no shared-infrastructure cluster'],,
CLUSTER-0584,1,0.0,accept,['Single account — no shared-infrastructure cluster'],,
CLUSTER-0585,1,0.0,accept,['Single account — no shared-infrastructure cluster'],,
CLUSTER-0586,1,0.0,accept,['Single account — no shared-infrastructure cluster'],,
CLUSTER-0587,1,0.0,accept,['Single account — no shared-infrastructure cluster'],,
CLUSTER-0588,1,0.0,accept,['Single account — no shared-infrastructure cluster'],,
CLUSTER-0589,1,0.0,accept,['Single account — no shared-infrastructure cluster'],,
CLUSTER-0590,1,0.0,accept,['Single account — no shared-infrastructure cluster'],,
CLUSTER-0591,1,0.0,accept,['Single account — no shared-infrastructure cluster'],,
CLUSTER-0592,1,0.0,accept,['Single account — no shared-infrastructure cluster'],,
CLUSTER-0593,1,0.0,accept,['Single account — no shared-infrastructure cluster'],,
CLUSTER-0594,1,0.0,accept,['Single account — no shared-infrastructure cluster'],,
CLUSTER-0595,1,0.0,accept,['Single account — no shared-infrastructure cluster'],,
CLUSTER-0596,1,0.0,accept,['Single account — no shared-infrastructure cluster'],,
CLUSTER-0597,1,0.0,accept,['Single account — no shared-infrastructure cluster'],,
CLUSTER-0598,1,0.0,accept,['Single account — no shared-infrastructure cluster'],,
CLUSTER-0599,1,0.0,accept,['Single account — no shared-infrastructure cluster'],,
CLUSTER-0600,1,0.0,accept,['Single account — no shared-infrastructure cluster'],,
CLUSTER-0601,1,0.0,accept,['Single account — no shared-infrastructure cluster'],,
CLUSTER-0602,1,0.0,accept,['Single account — no shared-infrastructure cluster'],,
CLUSTER-0603,1,0.0,accept,['Single account — no shared-infrastructure cluster'],,
CLUSTER-0604,1,0.0,accept,['Single account — no shared-infrastructure cluster'],,
CLUSTER-0605,1,0.0,accept,['Single account — no shared-infrastructure cluster'],,
CLUSTER-0606,2,0.015,accept,"['Shared infrastructure detected but consistent with ordinary household/shop sharing, not a coordinated ring']",3.0,3.5
CLUSTER-0607,1,0.0,accept,['Single account — no shared-infrastructure cluster'],,
CLUSTER-0608,1,0.0,accept,['Single account — no shared-infrastructure cluster'],,
CLUSTER-0609,1,0.0,accept,['Single account — no shared-infrastructure cluster'],,
CLUSTER-0610,1,0.0,accept,['Single account — no shared-infrastructure cluster'],,
CLUSTER-0611,1,0.0,accept,['Single account — no shared-infrastructure cluster'],,
CLUSTER-0612,1,0.0,accept,['Single account — no shared-infrastructure cluster'],,
CLUSTER-0613,1,0.0,accept,['Single account — no shared-infrastructure cluster'],,
CLUSTER-0614,1,0.0,accept,['Single account — no shared-infrastructure cluster'],,
CLUSTER-0615,1,0.0,accept,['Single account — no shared-infrastructure cluster'],,
CLUSTER-0616,1,0.0,accept,['Single account — no shared-infrastructure cluster'],,
CLUSTER-0617,1,0.0,accept,['Single account — no shared-infrastructure cluster'],,
CLUSTER-0618,1,0.0,accept,['Single account — no shared-infrastructure cluster'],,
CLUSTER-0619,1,0.0,accept,['Single account — no shared-infrastructure cluster'],,
CLUSTER-0620,1,0.0,accept,['Single account — no shared-infrastructure cluster'],,
CLUSTER-0621,1,0.0,accept,['Single account — no shared-infrastructure cluster'],,
CLUSTER-0622,1,0.0,accept,['Single account — no shared-infrastructure cluster'],,
CLUSTER-0623,1,0.0,accept,['Single account — no shared-infrastructure cluster'],,
CLUSTER-0624,1,0.0,accept,['Single account — no shared-infrastructure cluster'],,
CLUSTER-0625,1,0.0,accept,['Single account — no shared-infrastructure cluster'],,
CLUSTER-0626,1,0.0,accept,['Single account — no shared-infrastructure cluster'],,
CLUSTER-0627,1,0.0,accept,['Single account — no shared-infrastructure cluster'],,
CLUSTER-0628,2,0.015,accept,"['Shared infrastructure detected but consistent with ordinary household/shop sharing, not a coordinated ring']",3.0,3.0
CLUSTER-0629,1,0.0,accept,['Single account — no shared-infrastructure cluster'],,
CLUSTER-0630,1,0.0,accept,['Single account — no shared-infrastructure cluster'],,
CLUSTER-0631,1,0.0,accept,['Single account — no shared-infrastructure cluster'],,
CLUSTER-0632,1,0.0,accept,['Single account — no shared-infrastructure cluster'],,
CLUSTER-0633,1,0.0,accept,['Single account — no shared-infrastructure cluster'],,
CLUSTER-0634,1,0.0,accept,['Single account — no shared-infrastructure cluster'],,
CLUSTER-0635,1,0.0,accept,['Single account — no shared-infrastructure cluster'],,
CLUSTER-0636,1,0.0,accept,['Single account — no shared-infrastructure cluster'],,
CLUSTER-0637,1,0.0,accept,['Single account — no shared-infrastructure cluster'],,
CLUSTER-0638,1,0.0,accept,['Single account — no shared-infrastructure cluster'],,
CLUSTER-0639,1,0.0,accept,['Single account — no shared-infrastructure cluster'],,
CLUSTER-0640,1,0.0,accept,['Single account — no shared-infrastructure cluster'],,
CLUSTER-0641,1,0.0,accept,['Single account — no shared-infrastructure cluster'],,
CLUSTER-0642,1,0.0,accept,['Single account — no shared-infrastructure cluster'],,
CLUSTER-0643,1,0.0,accept,['Single account — no shared-infrastructure cluster'],,
CLUSTER-0644,1,0.0,accept,['Single account — no shared-infrastructure cluster'],,
CLUSTER-0645,1,0.0,accept,['Single account — no shared-infrastructure cluster'],,
CLUSTER-0646,1,0.0,accept,['Single account — no shared-infrastructure cluster'],,
CLUSTER-0647,1,0.0,accept,['Single account — no shared-infrastructure cluster'],,
CLUSTER-0648,1,0.0,accept,['Single account — no shared-infrastructure cluster'],,
CLUSTER-0649,1,0.0,accept,['Single account — no shared-infrastructure cluster'],,
CLUSTER-0650,1,0.0,accept,['Single account — no shared-infrastructure cluster'],,
CLUSTER-0651,1,0.0,accept,['Single account — no shared-infrastructure cluster'],,
CLUSTER-0652,1,0.0,accept,['Single account — no shared-infrastructure cluster'],,
CLUSTER-0653,1,0.0,accept,['Single account — no shared-infrastructure cluster'],,
CLUSTER-0654,1,0.0,accept,['Single account — no shared-infrastructure cluster'],,
CLUSTER-0655,1,0.0,accept,['Single account — no shared-infrastructure cluster'],,
CLUSTER-0656,1,0.0,accept,['Single account — no shared-infrastructure cluster'],,
CLUSTER-0657,1,0.0,accept,['Single account — no shared-infrastructure cluster'],,
CLUSTER-0658,1,0.0,accept,['Single account — no shared-infrastructure cluster'],,
CLUSTER-0659,1,0.0,accept,['Single account — no shared-infrastructure cluster'],,
CLUSTER-0660,1,0.0,accept,['Single account — no shared-infrastructure cluster'],,
CLUSTER-0661,1,0.0,accept,['Single account — no shared-infrastructure cluster'],,
CLUSTER-0662,1,0.0,accept,['Single account — no shared-infrastructure cluster'],,
CLUSTER-0663,1,0.0,accept,['Single account — no shared-infrastructure cluster'],,
CLUSTER-0664,1,0.0,accept,['Single account — no shared-infrastructure cluster'],,
CLUSTER-0665,1,0.0,accept,['Single account — no shared-infrastructure cluster'],,
CLUSTER-0666,1,0.0,accept,['Single account — no shared-infrastructure cluster'],,
CLUSTER-0667,1,0.0,accept,['Single account — no shared-infrastructure cluster'],,
CLUSTER-0668,1,0.0,accept,['Single account — no shared-infrastructure cluster'],,
CLUSTER-0669,1,0.0,accept,['Single account — no shared-infrastructure cluster'],,
CLUSTER-0670,1,0.0,accept,['Single account — no shared-infrastructure cluster'],,
CLUSTER-0671,1,0.0,accept,['Single account — no shared-infrastructure cluster'],,
CLUSTER-0672,1,0.0,accept,['Single account — no shared-infrastructure cluster'],,
CLUSTER-0673,1,0.0,accept,['Single account — no shared-infrastructure cluster'],,
CLUSTER-0674,1,0.0,accept,['Single account — no shared-infrastructure cluster'],,
CLUSTER-0675,1,0.0,accept,['Single account — no shared-infrastructure cluster'],,
CLUSTER-0676,1,0.0,accept,['Single account — no shared-infrastructure cluster'],,
CLUSTER-0677,1,0.0,accept,['Single account — no shared-infrastructure cluster'],,
CLUSTER-0678,1,0.0,accept,['Single account — no shared-infrastructure cluster'],,
CLUSTER-0679,1,0.0,accept,['Single account — no shared-infrastructure cluster'],,
CLUSTER-0680,1,0.0,accept,['Single account — no shared-infrastructure cluster'],,
CLUSTER-0681,1,0.0,accept,['Single account — no shared-infrastructure cluster'],,
CLUSTER-0682,1,0.0,accept,['Single account — no shared-infrastructure cluster'],,
CLUSTER-0683,1,0.0,accept,['Single account — no shared-infrastructure cluster'],,
CLUSTER-0684,1,0.0,accept,['Single account — no shared-infrastructure cluster'],,
CLUSTER-0685,1,0.0,accept,['Single account — no shared-infrastructure cluster'],,
CLUSTER-0686,1,0.0,accept,['Single account — no shared-infrastructure cluster'],,
CLUSTER-0687,1,0.0,accept,['Single account — no shared-infrastructure cluster'],,
CLUSTER-0688,1,0.0,accept,['Single account — no shared-infrastructure cluster'],,
CLUSTER-0689,1,0.0,accept,['Single account — no shared-infrastructure cluster'],,
CLUSTER-0690,1,0.0,accept,['Single account — no shared-infrastructure cluster'],,
CLUSTER-0691,1,0.0,accept,['Single account — no shared-infrastructure cluster'],,
CLUSTER-0692,1,0.0,accept,['Single account — no shared-infrastructure cluster'],,
CLUSTER-0693,1,0.0,accept,['Single account — no shared-infrastructure cluster'],,
CLUSTER-0694,1,0.0,accept,['Single account — no shared-infrastructure cluster'],,
CLUSTER-0695,2,0.415,accept,['All accounts opened within 0 day(s) of each other — signup burst'],0.0,4.5
CLUSTER-0696,1,0.0,accept,['Single account — no shared-infrastructure cluster'],,
CLUSTER-0697,1,0.0,accept,['Single account — no shared-infrastructure cluster'],,
CLUSTER-0698,1,0.0,accept,['Single account — no shared-infrastructure cluster'],,
CLUSTER-0699,1,0.0,accept,['Single account — no shared-infrastructure cluster'],,
CLUSTER-0700,1,0.0,accept,['Single account — no shared-infrastructure cluster'],,
CLUSTER-0701,1,0.0,accept,['Single account — no shared-infrastructure cluster'],,
CLUSTER-0702,1,0.0,accept,['Single account — no shared-infrastructure cluster'],,
CLUSTER-0703,1,0.0,accept,['Single account — no shared-infrastructure cluster'],,
CLUSTER-0704,1,0.0,accept,['Single account — no shared-infrastructure cluster'],,
CLUSTER-0705,4,0.09,accept,"['Shared infrastructure detected but consistent with ordinary household/shop sharing, not a coordinated ring']",14.0,4.25
CLUSTER-0706,1,0.0,accept,['Single account — no shared-infrastructure cluster'],,
CLUSTER-0707,1,0.0,accept,['Single account — no shared-infrastructure cluster'],,
CLUSTER-0708,1,0.0,accept,['Single account — no shared-infrastructure cluster'],,
CLUSTER-0709,1,0.0,accept,['Single account — no shared-infrastructure cluster'],,
CLUSTER-0710,4,0.3567,accept,['All accounts opened within 1 day(s) of each other — signup burst'],1.0,5.5
CLUSTER-0711,1,0.0,accept,['Single account — no shared-infrastructure cluster'],,
CLUSTER-0712,1,0.0,accept,['Single account — no shared-infrastructure cluster'],,
CLUSTER-0713,4,0.2233,accept,['All accounts opened within 2 day(s) of each other — signup burst'],2.0,1.75
CLUSTER-0714,1,0.0,accept,['Single account — no shared-infrastructure cluster'],,
CLUSTER-0715,1,0.0,accept,['Single account — no shared-infrastructure cluster'],,
CLUSTER-0716,1,0.0,accept,['Single account — no shared-infrastructure cluster'],,
CLUSTER-0717,1,0.0,accept,['Single account — no shared-infrastructure cluster'],,
CLUSTER-0718,1,0.0,accept,['Single account — no shared-infrastructure cluster'],,
CLUSTER-0719,1,0.0,accept,['Single account — no shared-infrastructure cluster'],,
CLUSTER-0720,2,0.015,accept,"['Shared infrastructure detected but consistent with ordinary household/shop sharing, not a coordinated ring']",3.0,3.0
CLUSTER-0721,1,0.0,accept,['Single account — no shared-infrastructure cluster'],,
CLUSTER-0722,1,0.0,accept,['Single account — no shared-infrastructure cluster'],,
CLUSTER-0723,1,0.0,accept,['Single account — no shared-infrastructure cluster'],,
CLUSTER-0724,1,0.0,accept,['Single account — no shared-infrastructure cluster'],,
CLUSTER-0725,1,0.0,accept,['Single account — no shared-infrastructure cluster'],,
CLUSTER-0726,1,0.0,accept,['Single account — no shared-infrastructure cluster'],,
CLUSTER-0727,1,0.0,accept,['Single account — no shared-infrastructure cluster'],,
CLUSTER-0728,1,0.0,accept,['Single account — no shared-infrastructure cluster'],,
CLUSTER-0729,1,0.0,accept,['Single account — no shared-infrastructure cluster'],,
CLUSTER-0730,1,0.0,accept,['Single account — no shared-infrastructure cluster'],,
CLUSTER-0731,1,0.0,accept,['Single account — no shared-infrastructure cluster'],,
CLUSTER-0732,1,0.0,accept,['Single account — no shared-infrastructure cluster'],,
CLUSTER-0733,1,0.0,accept,['Single account — no shared-infrastructure cluster'],,
CLUSTER-0734,1,0.0,accept,['Single account — no shared-infrastructure cluster'],,
CLUSTER-0735,3,0.0525,accept,"['Shared infrastructure detected but consistent with ordinary household/shop sharing, not a coordinated ring']",25.0,1.3333333333333333
CLUSTER-0736,1,0.0,accept,['Single account — no shared-infrastructure cluster'],,
CLUSTER-0737,1,0.0,accept,['Single account — no shared-infrastructure cluster'],,
CLUSTER-0738,1,0.0,accept,['Single account — no shared-infrastructure cluster'],,
CLUSTER-0739,1,0.0,accept,['Single account — no shared-infrastructure cluster'],,
CLUSTER-0740,1,0.0,accept,['Single account — no shared-infrastructure cluster'],,
CLUSTER-0741,1,0.0,accept,['Single account — no shared-infrastructure cluster'],,
CLUSTER-0742,1,0.0,accept,['Single account — no shared-infrastructure cluster'],,
CLUSTER-0743,1,0.0,accept,['Single account — no shared-infrastructure cluster'],,
CLUSTER-0744,1,0.0,accept,['Single account — no shared-infrastructure cluster'],,
CLUSTER-0745,1,0.0,accept,['Single account — no shared-infrastructure cluster'],,
CLUSTER-0746,1,0.0,accept,['Single account — no shared-infrastructure cluster'],,
CLUSTER-0747,1,0.0,accept,['Single account — no shared-infrastructure cluster'],,
CLUSTER-0748,1,0.0,accept,['Single account — no shared-infrastructure cluster'],,
CLUSTER-0749,1,0.0,accept,['Single account — no shared-infrastructure cluster'],,
CLUSTER-0750,1,0.0,accept,['Single account — no shared-infrastructure cluster'],,
CLUSTER-0751,1,0.0,accept,['Single account — no shared-infrastructure cluster'],,
CLUSTER-0752,1,0.0,accept,['Single account — no shared-infrastructure cluster'],,
CLUSTER-0753,1,0.0,accept,['Single account — no shared-infrastructure cluster'],,
CLUSTER-0754,1,0.0,accept,['Single account — no shared-infrastructure cluster'],,
CLUSTER-0755,1,0.0,accept,['Single account — no shared-infrastructure cluster'],,
CLUSTER-0756,1,0.0,accept,['Single account — no shared-infrastructure cluster'],,
CLUSTER-0757,1,0.0,accept,['Single account — no shared-infrastructure cluster'],,
CLUSTER-0758,1,0.0,accept,['Single account — no shared-infrastructure cluster'],,
CLUSTER-0759,1,0.0,accept,['Single account — no shared-infrastructure cluster'],,
CLUSTER-0760,1,0.0,accept,['Single account — no shared-infrastructure cluster'],,
CLUSTER-0761,1,0.0,accept,['Single account — no shared-infrastructure cluster'],,
CLUSTER-0762,1,0.0,accept,['Single account — no shared-infrastructure cluster'],,
CLUSTER-0763,1,0.0,accept,['Single account — no shared-infrastructure cluster'],,
CLUSTER-0764,1,0.0,accept,['Single account — no shared-infrastructure cluster'],,
CLUSTER-0765,1,0.0,accept,['Single account — no shared-infrastructure cluster'],,
CLUSTER-0766,1,0.0,accept,['Single account — no shared-infrastructure cluster'],,
CLUSTER-0767,1,0.0,accept,['Single account — no shared-infrastructure cluster'],,
CLUSTER-0768,1,0.0,accept,['Single account — no shared-infrastructure cluster'],,
CLUSTER-0769,1,0.0,accept,['Single account — no shared-infrastructure cluster'],,
CLUSTER-0770,1,0.0,accept,['Single account — no shared-infrastructure cluster'],,
CLUSTER-0771,1,0.0,accept,['Single account — no shared-infrastructure cluster'],,
CLUSTER-0772,1,0.0,accept,['Single account — no shared-infrastructure cluster'],,
CLUSTER-0773,1,0.0,accept,['Single account — no shared-infrastructure cluster'],,
CLUSTER-0774,1,0.0,accept,['Single account — no shared-infrastructure cluster'],,
CLUSTER-0775,1,0.0,accept,['Single account — no shared-infrastructure cluster'],,
CLUSTER-0776,1,0.0,accept,['Single account — no shared-infrastructure cluster'],,
CLUSTER-0777,1,0.0,accept,['Single account — no shared-infrastructure cluster'],,
CLUSTER-0778,1,0.0,accept,['Single account — no shared-infrastructure cluster'],,
CLUSTER-0779,1,0.0,accept,['Single account — no shared-infrastructure cluster'],,
CLUSTER-0780,1,0.0,accept,['Single account — no shared-infrastructure cluster'],,
CLUSTER-0781,1,0.0,accept,['Single account — no shared-infrastructure cluster'],,
CLUSTER-0782,1,0.0,accept,['Single account — no shared-infrastructure cluster'],,
CLUSTER-0783,3,0.0525,accept,"['Shared infrastructure detected but consistent with ordinary household/shop sharing, not a coordinated ring']",12.0,2.0
CLUSTER-0784,1,0.0,accept,['Single account — no shared-infrastructure cluster'],,
CLUSTER-0785,1,0.0,accept,['Single account — no shared-infrastructure cluster'],,
CLUSTER-0786,1,0.0,accept,['Single account — no shared-infrastructure cluster'],,
CLUSTER-0787,1,0.0,accept,['Single account — no shared-infrastructure cluster'],,
CLUSTER-0788,5,0.5242,manual_review,"['5 accounts share infrastructure — larger than a typical shared-device household', 'All accounts opened within 1 day(s) of each other — signup burst', 'Average 8.6 transactions in first 7 days — elevated cash-out velocity']",1.0,8.6
CLUSTER-0789,1,0.0,accept,['Single account — no shared-infrastructure cluster'],,
CLUSTER-0790,1,0.0,accept,['Single account — no shared-infrastructure cluster'],,
CLUSTER-0791,1,0.0,accept,['Single account — no shared-infrastructure cluster'],,
CLUSTER-0792,1,0.0,accept,['Single account — no shared-infrastructure cluster'],,
CLUSTER-0793,1,0.0,accept,['Single account — no shared-infrastructure cluster'],,
CLUSTER-0794,1,0.0,accept,['Single account — no shared-infrastructure cluster'],,
CLUSTER-0795,1,0.0,accept,['Single account — no shared-infrastructure cluster'],,
CLUSTER-0796,1,0.0,accept,['Single account — no shared-infrastructure cluster'],,
CLUSTER-0797,1,0.0,accept,['Single account — no shared-infrastructure cluster'],,
CLUSTER-0798,1,0.0,accept,['Single account — no shared-infrastructure cluster'],,
CLUSTER-0799,1,0.0,accept,['Single account — no shared-infrastructure cluster'],,
CLUSTER-0800,1,0.0,accept,['Single account — no shared-infrastructure cluster'],,
CLUSTER-0801,1,0.0,accept,['Single account — no shared-infrastructure cluster'],,
CLUSTER-0802,1,0.0,accept,['Single account — no shared-infrastructure cluster'],,
CLUSTER-0803,1,0.0,accept,['Single account — no shared-infrastructure cluster'],,
CLUSTER-0804,1,0.0,accept,['Single account — no shared-infrastructure cluster'],,
CLUSTER-0805,1,0.0,accept,['Single account — no shared-infrastructure cluster'],,
CLUSTER-0806,1,0.0,accept,['Single account — no shared-infrastructure cluster'],,
CLUSTER-0807,1,0.0,accept,['Single account — no shared-infrastructure cluster'],,
CLUSTER-0808,1,0.0,accept,['Single account — no shared-infrastructure cluster'],,
CLUSTER-0809,1,0.0,accept,['Single account — no shared-infrastructure cluster'],,
CLUSTER-0810,1,0.0,accept,['Single account — no shared-infrastructure cluster'],,
CLUSTER-0811,1,0.0,accept,['Single account — no shared-infrastructure cluster'],,
CLUSTER-0812,1,0.0,accept,['Single account — no shared-infrastructure cluster'],,
CLUSTER-0813,1,0.0,accept,['Single account — no shared-infrastructure cluster'],,
CLUSTER-0814,1,0.0,accept,['Single account — no shared-infrastructure cluster'],,
CLUSTER-0815,1,0.0,accept,['Single account — no shared-infrastructure cluster'],,
CLUSTER-0816,1,0.0,accept,['Single account — no shared-infrastructure cluster'],,
CLUSTER-0817,1,0.0,accept,['Single account — no shared-infrastructure cluster'],,
CLUSTER-0818,1,0.0,accept,['Single account — no shared-infrastructure cluster'],,
CLUSTER-0819,1,0.0,accept,['Single account — no shared-infrastructure cluster'],,
CLUSTER-0820,1,0.0,accept,['Single account — no shared-infrastructure cluster'],,
CLUSTER-0821,1,0.0,accept,['Single account — no shared-infrastructure cluster'],,
CLUSTER-0822,1,0.0,accept,['Single account — no shared-infrastructure cluster'],,
CLUSTER-0823,1,0.0,accept,['Single account — no shared-infrastructure cluster'],,
CLUSTER-0824,4,0.09,accept,"['Shared infrastructure detected but consistent with ordinary household/shop sharing, not a coordinated ring']",10.0,1.75
CLUSTER-0825,4,0.3567,accept,['All accounts opened within 1 day(s) of each other — signup burst'],1.0,4.5
CLUSTER-0826,1,0.0,accept,['Single account — no shared-infrastructure cluster'],,
CLUSTER-0827,1,0.0,accept,['Single account — no shared-infrastructure cluster'],,
CLUSTER-0828,1,0.0,accept,['Single account — no shared-infrastructure cluster'],,
CLUSTER-0829,1,0.0,accept,['Single account — no shared-infrastructure cluster'],,
CLUSTER-0830,1,0.0,accept,['Single account — no shared-infrastructure cluster'],,
CLUSTER-0831,1,0.0,accept,['Single account — no shared-infrastructure cluster'],,
CLUSTER-0832,1,0.0,accept,['Single account — no shared-infrastructure cluster'],,
CLUSTER-0833,1,0.0,accept,['Single account — no shared-infrastructure cluster'],,
CLUSTER-0834,1,0.0,accept,['Single account — no shared-infrastructure cluster'],,
CLUSTER-0835,1,0.0,accept,['Single account — no shared-infrastructure cluster'],,
CLUSTER-0836,4,0.09,accept,"['Shared infrastructure detected but consistent with ordinary household/shop sharing, not a coordinated ring']",5.0,2.0
CLUSTER-0837,1,0.0,accept,['Single account — no shared-infrastructure cluster'],,
CLUSTER-0838,1,0.0,accept,['Single account — no shared-infrastructure cluster'],,
CLUSTER-0839,1,0.0,accept,['Single account — no shared-infrastructure cluster'],,
CLUSTER-0840,1,0.0,accept,['Single account — no shared-infrastructure cluster'],,
CLUSTER-0841,1,0.0,accept,['Single account — no shared-infrastructure cluster'],,
CLUSTER-0842,1,0.0,accept,['Single account — no shared-infrastructure cluster'],,
CLUSTER-0843,1,0.0,accept,['Single account — no shared-infrastructure cluster'],,
CLUSTER-0844,1,0.0,accept,['Single account — no shared-infrastructure cluster'],,
CLUSTER-0845,1,0.0,accept,['Single account — no shared-infrastructure cluster'],,
CLUSTER-0846,1,0.0,accept,['Single account — no shared-infrastructure cluster'],,
CLUSTER-0847,1,0.0,accept,['Single account — no shared-infrastructure cluster'],,
CLUSTER-0848,1,0.0,accept,['Single account — no shared-infrastructure cluster'],,
CLUSTER-0849,1,0.0,accept,['Single account — no shared-infrastructure cluster'],,
CLUSTER-0850,1,0.0,accept,['Single account — no shared-infrastructure cluster'],,
CLUSTER-0851,1,0.0,accept,['Single account — no shared-infrastructure cluster'],,
CLUSTER-0852,1,0.0,accept,['Single account — no shared-infrastructure cluster'],,
CLUSTER-0853,1,0.0,accept,['Single account — no shared-infrastructure cluster'],,
CLUSTER-0854,1,0.0,accept,['Single account — no shared-infrastructure cluster'],,
CLUSTER-0855,1,0.0,accept,['Single account — no shared-infrastructure cluster'],,
CLUSTER-0856,1,0.0,accept,['Single account — no shared-infrastructure cluster'],,
CLUSTER-0857,1,0.0,accept,['Single account — no shared-infrastructure cluster'],,
CLUSTER-0858,1,0.0,accept,['Single account — no shared-infrastructure cluster'],,
CLUSTER-0859,1,0.0,accept,['Single account — no shared-infrastructure cluster'],,
CLUSTER-0860,1,0.0,accept,['Single account — no shared-infrastructure cluster'],,
CLUSTER-0861,1,0.0,accept,['Single account — no shared-infrastructure cluster'],,
CLUSTER-0862,1,0.0,accept,['Single account — no shared-infrastructure cluster'],,
CLUSTER-0863,4,0.09,accept,"['Shared infrastructure detected but consistent with ordinary household/shop sharing, not a coordinated ring']",3.0,0.75
CLUSTER-0864,1,0.0,accept,['Single account — no shared-infrastructure cluster'],,
CLUSTER-0865,1,0.0,accept,['Single account — no shared-infrastructure cluster'],,
CLUSTER-0866,1,0.0,accept,['Single account — no shared-infrastructure cluster'],,
CLUSTER-0867,1,0.0,accept,['Single account — no shared-infrastructure cluster'],,
CLUSTER-0868,1,0.0,accept,['Single account — no shared-infrastructure cluster'],,
CLUSTER-0869,1,0.0,accept,['Single account — no shared-infrastructure cluster'],,
CLUSTER-0870,1,0.0,accept,['Single account — no shared-infrastructure cluster'],,
CLUSTER-0871,1,0.0,accept,['Single account — no shared-infrastructure cluster'],,
CLUSTER-0872,1,0.0,accept,['Single account — no shared-infrastructure cluster'],,
CLUSTER-0873,1,0.0,accept,['Single account — no shared-infrastructure cluster'],,
CLUSTER-0874,1,0.0,accept,['Single account — no shared-infrastructure cluster'],,
CLUSTER-0875,1,0.0,accept,['Single account — no shared-infrastructure cluster'],,
CLUSTER-0876,1,0.0,accept,['Single account — no shared-infrastructure cluster'],,
CLUSTER-0877,1,0.0,accept,['Single account — no shared-infrastructure cluster'],,
CLUSTER-0878,1,0.0,accept,['Single account — no shared-infrastructure cluster'],,
CLUSTER-0879,1,0.0,accept,['Single account — no shared-infrastructure cluster'],,
CLUSTER-0880,1,0.0,accept,['Single account — no shared-infrastructure cluster'],,
CLUSTER-0881,1,0.0,accept,['Single account — no shared-infrastructure cluster'],,
CLUSTER-0882,1,0.0,accept,['Single account — no shared-infrastructure cluster'],,
CLUSTER-0883,1,0.0,accept,['Single account — no shared-infrastructure cluster'],,
CLUSTER-0884,1,0.0,accept,['Single account — no shared-infrastructure cluster'],,
CLUSTER-0885,1,0.0,accept,['Single account — no shared-infrastructure cluster'],,
CLUSTER-0886,1,0.0,accept,['Single account — no shared-infrastructure cluster'],,
CLUSTER-0887,1,0.0,accept,['Single account — no shared-infrastructure cluster'],,
CLUSTER-0888,4,0.49,accept,['All accounts opened within 0 day(s) of each other — signup burst'],0.0,2.5
CLUSTER-0889,1,0.0,accept,['Single account — no shared-infrastructure cluster'],,
CLUSTER-0890,1,0.0,accept,['Single account — no shared-infrastructure cluster'],,
CLUSTER-0891,1,0.0,accept,['Single account — no shared-infrastructure cluster'],,
CLUSTER-0892,1,0.0,accept,['Single account — no shared-infrastructure cluster'],,
CLUSTER-0893,1,0.0,accept,['Single account — no shared-infrastructure cluster'],,
CLUSTER-0894,1,0.0,accept,['Single account — no shared-infrastructure cluster'],,
CLUSTER-0895,1,0.0,accept,['Single account — no shared-infrastructure cluster'],,
CLUSTER-0896,1,0.0,accept,['Single account — no shared-infrastructure cluster'],,
CLUSTER-0897,1,0.0,accept,['Single account — no shared-infrastructure cluster'],,
CLUSTER-0898,1,0.0,accept,['Single account — no shared-infrastructure cluster'],,
CLUSTER-0899,1,0.0,accept,['Single account — no shared-infrastructure cluster'],,
CLUSTER-0900,1,0.0,accept,['Single account — no shared-infrastructure cluster'],,
CLUSTER-0901,1,0.0,accept,['Single account — no shared-infrastructure cluster'],,
CLUSTER-0902,1,0.0,accept,['Single account — no shared-infrastructure cluster'],,
CLUSTER-0903,1,0.0,accept,['Single account — no shared-infrastructure cluster'],,
CLUSTER-0904,1,0.0,accept,['Single account — no shared-infrastructure cluster'],,
CLUSTER-0905,1,0.0,accept,['Single account — no shared-infrastructure cluster'],,
CLUSTER-0906,1,0.0,accept,['Single account — no shared-infrastructure cluster'],,
CLUSTER-0907,1,0.0,accept,['Single account — no shared-infrastructure cluster'],,
CLUSTER-0908,1,0.0,accept,['Single account — no shared-infrastructure cluster'],,
CLUSTER-0909,1,0.0,accept,['Single account — no shared-infrastructure cluster'],,
CLUSTER-0910,1,0.0,accept,['Single account — no shared-infrastructure cluster'],,
CLUSTER-0911,1,0.0,accept,['Single account — no shared-infrastructure cluster'],,
CLUSTER-0912,1,0.0,accept,['Single account — no shared-infrastructure cluster'],,
CLUSTER-0913,1,0.0,accept,['Single account — no shared-infrastructure cluster'],,
CLUSTER-0914,1,0.0,accept,['Single account — no shared-infrastructure cluster'],,
CLUSTER-0915,1,0.0,accept,['Single account — no shared-infrastructure cluster'],,
CLUSTER-0916,1,0.0,accept,['Single account — no shared-infrastructure cluster'],,
CLUSTER-0917,1,0.0,accept,['Single account — no shared-infrastructure cluster'],,
CLUSTER-0918,1,0.0,accept,['Single account — no shared-infrastructure cluster'],,
CLUSTER-0919,1,0.0,accept,['Single account — no shared-infrastructure cluster'],,
CLUSTER-0920,1,0.0,accept,['Single account — no shared-infrastructure cluster'],,
CLUSTER-0921,1,0.0,accept,['Single account — no shared-infrastructure cluster'],,
CLUSTER-0922,1,0.0,accept,['Single account — no shared-infrastructure cluster'],,
CLUSTER-0923,1,0.0,accept,['Single account — no shared-infrastructure cluster'],,
CLUSTER-0924,1,0.0,accept,['Single account — no shared-infrastructure cluster'],,
CLUSTER-0925,1,0.0,accept,['Single account — no shared-infrastructure cluster'],,
CLUSTER-0926,1,0.0,accept,['Single account — no shared-infrastructure cluster'],,
CLUSTER-0927,1,0.0,accept,['Single account — no shared-infrastructure cluster'],,
CLUSTER-0928,3,0.3192,accept,['All accounts opened within 1 day(s) of each other — signup burst'],1.0,5.0
CLUSTER-0929,1,0.0,accept,['Single account — no shared-infrastructure cluster'],,
CLUSTER-0930,1,0.0,accept,['Single account — no shared-infrastructure cluster'],,
CLUSTER-0931,1,0.0,accept,['Single account — no shared-infrastructure cluster'],,
CLUSTER-0932,1,0.0,accept,['Single account — no shared-infrastructure cluster'],,
CLUSTER-0933,1,0.0,accept,['Single account — no shared-infrastructure cluster'],,
CLUSTER-0934,1,0.0,accept,['Single account — no shared-infrastructure cluster'],,
CLUSTER-0935,1,0.0,accept,['Single account — no shared-infrastructure cluster'],,
CLUSTER-0936,1,0.0,accept,['Single account — no shared-infrastructure cluster'],,
CLUSTER-0937,1,0.0,accept,['Single account — no shared-infrastructure cluster'],,
CLUSTER-0938,1,0.0,accept,['Single account — no shared-infrastructure cluster'],,
CLUSTER-0939,1,0.0,accept,['Single account — no shared-infrastructure cluster'],,
CLUSTER-0940,1,0.0,accept,['Single account — no shared-infrastructure cluster'],,
CLUSTER-0941,1,0.0,accept,['Single account — no shared-infrastructure cluster'],,
CLUSTER-0942,1,0.0,accept,['Single account — no shared-infrastructure cluster'],,
CLUSTER-0943,1,0.0,accept,['Single account — no shared-infrastructure cluster'],,
CLUSTER-0944,1,0.0,accept,['Single account — no shared-infrastructure cluster'],,
CLUSTER-0945,1,0.0,accept,['Single account — no shared-infrastructure cluster'],,
CLUSTER-0946,1,0.0,accept,['Single account — no shared-infrastructure cluster'],,
CLUSTER-0947,1,0.0,accept,['Single account — no shared-infrastructure cluster'],,
CLUSTER-0948,1,0.0,accept,['Single account — no shared-infrastructure cluster'],,
CLUSTER-0949,1,0.0,accept,['Single account — no shared-infrastructure cluster'],,
CLUSTER-0950,1,0.0,accept,['Single account — no shared-infrastructure cluster'],,
CLUSTER-0951,1,0.0,accept,['Single account — no shared-infrastructure cluster'],,
CLUSTER-0952,1,0.0,accept,['Single account — no shared-infrastructure cluster'],,
CLUSTER-0953,1,0.0,accept,['Single account — no shared-infrastructure cluster'],,
CLUSTER-0954,1,0.0,accept,['Single account — no shared-infrastructure cluster'],,
CLUSTER-0955,1,0.0,accept,['Single account — no shared-infrastructure cluster'],,
CLUSTER-0956,1,0.0,accept,['Single account — no shared-infrastructure cluster'],,
CLUSTER-0957,1,0.0,accept,['Single account — no shared-infrastructure cluster'],,
CLUSTER-0958,1,0.0,accept,['Single account — no shared-infrastructure cluster'],,
CLUSTER-0959,1,0.0,accept,['Single account — no shared-infrastructure cluster'],,
CLUSTER-0960,1,0.0,accept,['Single account — no shared-infrastructure cluster'],,
CLUSTER-0961,1,0.0,accept,['Single account — no shared-infrastructure cluster'],,
CLUSTER-0962,1,0.0,accept,['Single account — no shared-infrastructure cluster'],,
CLUSTER-0963,1,0.0,accept,['Single account — no shared-infrastructure cluster'],,
CLUSTER-0964,1,0.0,accept,['Single account — no shared-infrastructure cluster'],,
CLUSTER-0965,1,0.0,accept,['Single account — no shared-infrastructure cluster'],,
CLUSTER-0966,1,0.0,accept,['Single account — no shared-infrastructure cluster'],,
CLUSTER-0967,1,0.0,accept,['Single account — no shared-infrastructure cluster'],,
CLUSTER-0968,1,0.0,accept,['Single account — no shared-infrastructure cluster'],,
CLUSTER-0969,1,0.0,accept,['Single account — no shared-infrastructure cluster'],,
CLUSTER-0970,1,0.0,accept,['Single account — no shared-infrastructure cluster'],,
CLUSTER-0971,1,0.0,accept,['Single account — no shared-infrastructure cluster'],,
CLUSTER-0972,1,0.0,accept,['Single account — no shared-infrastructure cluster'],,
CLUSTER-0973,1,0.0,accept,['Single account — no shared-infrastructure cluster'],,
CLUSTER-0974,2,0.415,accept,['All accounts opened within 0 day(s) of each other — signup burst'],0.0,4.0
CLUSTER-0975,1,0.0,accept,['Single account — no shared-infrastructure cluster'],,
CLUSTER-0976,1,0.0,accept,['Single account — no shared-infrastructure cluster'],,
CLUSTER-0977,1,0.0,accept,['Single account — no shared-infrastructure cluster'],,
CLUSTER-0978,1,0.0,accept,['Single account — no shared-infrastructure cluster'],,
CLUSTER-0979,1,0.0,accept,['Single account — no shared-infrastructure cluster'],,
CLUSTER-0980,1,0.0,accept,['Single account — no shared-infrastructure cluster'],,
CLUSTER-0981,1,0.0,accept,['Single account — no shared-infrastructure cluster'],,
CLUSTER-0982,1,0.0,accept,['Single account — no shared-infrastructure cluster'],,
CLUSTER-0983,1,0.0,accept,['Single account — no shared-infrastructure cluster'],,
CLUSTER-0984,1,0.0,accept,['Single account — no shared-infrastructure cluster'],,
CLUSTER-0985,1,0.0,accept,['Single account — no shared-infrastructure cluster'],,
CLUSTER-0986,1,0.0,accept,['Single account — no shared-infrastructure cluster'],,
CLUSTER-0987,1,0.0,accept,['Single account — no shared-infrastructure cluster'],,
CLUSTER-0988,1,0.0,accept,['Single account — no shared-infrastructure cluster'],,
CLUSTER-0989,1,0.0,accept,['Single account — no shared-infrastructure cluster'],,
CLUSTER-0990,1,0.0,accept,['Single account — no shared-infrastructure cluster'],,
CLUSTER-0991,1,0.0,accept,['Single account — no shared-infrastructure cluster'],,
CLUSTER-0992,1,0.0,accept,['Single account — no shared-infrastructure cluster'],,
CLUSTER-0993,2,0.415,accept,['All accounts opened within 0 day(s) of each other — signup burst'],0.0,5.5
CLUSTER-0994,1,0.0,accept,['Single account — no shared-infrastructure cluster'],,
CLUSTER-0995,1,0.0,accept,['Single account — no shared-infrastructure cluster'],,
CLUSTER-0996,1,0.0,accept,['Single account — no shared-infrastructure cluster'],,
CLUSTER-0997,1,0.0,accept,['Single account — no shared-infrastructure cluster'],,
CLUSTER-0998,1,0.0,accept,['Single account — no shared-infrastructure cluster'],,
CLUSTER-0999,1,0.0,accept,['Single account — no shared-infrastructure cluster'],,
CLUSTER-1000,1,0.0,accept,['Single account — no shared-infrastructure cluster'],,
CLUSTER-1001,1,0.0,accept,['Single account — no shared-infrastructure cluster'],,
CLUSTER-1002,1,0.0,accept,['Single account — no shared-infrastructure cluster'],,
CLUSTER-1003,1,0.0,accept,['Single account — no shared-infrastructure cluster'],,
CLUSTER-1004,1,0.0,accept,['Single account — no shared-infrastructure cluster'],,
CLUSTER-1005,1,0.0,accept,['Single account — no shared-infrastructure cluster'],,
CLUSTER-1006,1,0.0,accept,['Single account — no shared-infrastructure cluster'],,
CLUSTER-1007,1,0.0,accept,['Single account — no shared-infrastructure cluster'],,
CLUSTER-1008,1,0.0,accept,['Single account — no shared-infrastructure cluster'],,
CLUSTER-1009,1,0.0,accept,['Single account — no shared-infrastructure cluster'],,
CLUSTER-1010,1,0.0,accept,['Single account — no shared-infrastructure cluster'],,
CLUSTER-1011,1,0.0,accept,['Single account — no shared-infrastructure cluster'],,
CLUSTER-1012,1,0.0,accept,['Single account — no shared-infrastructure cluster'],,
CLUSTER-1013,1,0.0,accept,['Single account — no shared-infrastructure cluster'],,
CLUSTER-1014,1,0.0,accept,['Single account — no shared-infrastructure cluster'],,
CLUSTER-1015,1,0.0,accept,['Single account — no shared-infrastructure cluster'],,
CLUSTER-1016,1,0.0,accept,['Single account — no shared-infrastructure cluster'],,
CLUSTER-1017,1,0.0,accept,['Single account — no shared-infrastructure cluster'],,
CLUSTER-1018,1,0.0,accept,['Single account — no shared-infrastructure cluster'],,
CLUSTER-1019,1,0.0,accept,['Single account — no shared-infrastructure cluster'],,
CLUSTER-1020,1,0.0,accept,['Single account — no shared-infrastructure cluster'],,
CLUSTER-1021,1,0.0,accept,['Single account — no shared-infrastructure cluster'],,
CLUSTER-1022,1,0.0,accept,['Single account — no shared-infrastructure cluster'],,
CLUSTER-1023,1,0.0,accept,['Single account — no shared-infrastructure cluster'],,
CLUSTER-1024,1,0.0,accept,['Single account — no shared-infrastructure cluster'],,
CLUSTER-1025,1,0.0,accept,['Single account — no shared-infrastructure cluster'],,
CLUSTER-1026,1,0.0,accept,['Single account — no shared-infrastructure cluster'],,
CLUSTER-1027,1,0.0,accept,['Single account — no shared-infrastructure cluster'],,
CLUSTER-1028,1,0.0,accept,['Single account — no shared-infrastructure cluster'],,
CLUSTER-1029,2,0.015,accept,"['Shared infrastructure detected but consistent with ordinary household/shop sharing, not a coordinated ring']",3.0,1.0
CLUSTER-1030,1,0.0,accept,['Single account — no shared-infrastructure cluster'],,
CLUSTER-1031,1,0.0,accept,['Single account — no shared-infrastructure cluster'],,
CLUSTER-1032,1,0.0,accept,['Single account — no shared-infrastructure cluster'],,
CLUSTER-1033,1,0.0,accept,['Single account — no shared-infrastructure cluster'],,
CLUSTER-1034,1,0.0,accept,['Single account — no shared-infrastructure cluster'],,
CLUSTER-1035,1,0.0,accept,['Single account — no shared-infrastructure cluster'],,
CLUSTER-1036,1,0.0,accept,['Single account — no shared-infrastructure cluster'],,
CLUSTER-1037,1,0.0,accept,['Single account — no shared-infrastructure cluster'],,
CLUSTER-1038,1,0.0,accept,['Single account — no shared-infrastructure cluster'],,
CLUSTER-1039,2,0.015,accept,"['Shared infrastructure detected but consistent with ordinary household/shop sharing, not a coordinated ring']",110.0,3.0
CLUSTER-1040,1,0.0,accept,['Single account — no shared-infrastructure cluster'],,
CLUSTER-1041,1,0.0,accept,['Single account — no shared-infrastructure cluster'],,
CLUSTER-1042,1,0.0,accept,['Single account — no shared-infrastructure cluster'],,
CLUSTER-1043,1,0.0,accept,['Single account — no shared-infrastructure cluster'],,
CLUSTER-1044,1,0.0,accept,['Single account — no shared-infrastructure cluster'],,
CLUSTER-1045,1,0.0,accept,['Single account — no shared-infrastructure cluster'],,
CLUSTER-1046,1,0.0,accept,['Single account — no shared-infrastructure cluster'],,
CLUSTER-1047,1,0.0,accept,['Single account — no shared-infrastructure cluster'],,
CLUSTER-1048,1,0.0,accept,['Single account — no shared-infrastructure cluster'],,
CLUSTER-1049,1,0.0,accept,['Single account — no shared-infrastructure cluster'],,
CLUSTER-1050,1,0.0,accept,['Single account — no shared-infrastructure cluster'],,
CLUSTER-1051,1,0.0,accept,['Single account — no shared-infrastructure cluster'],,
CLUSTER-1052,1,0.0,accept,['Single account — no shared-infrastructure cluster'],,
CLUSTER-1053,1,0.0,accept,['Single account — no shared-infrastructure cluster'],,
CLUSTER-1054,1,0.0,accept,['Single account — no shared-infrastructure cluster'],,
CLUSTER-1055,1,0.0,accept,['Single account — no shared-infrastructure cluster'],,
CLUSTER-1056,1,0.0,accept,['Single account — no shared-infrastructure cluster'],,
CLUSTER-1057,1,0.0,accept,['Single account — no shared-infrastructure cluster'],,
CLUSTER-1058,1,0.0,accept,['Single account — no shared-infrastructure cluster'],,
CLUSTER-1059,1,0.0,accept,['Single account — no shared-infrastructure cluster'],,
CLUSTER-1060,1,0.0,accept,['Single account — no shared-infrastructure cluster'],,
CLUSTER-1061,1,0.0,accept,['Single account — no shared-infrastructure cluster'],,
CLUSTER-1062,1,0.0,accept,['Single account — no shared-infrastructure cluster'],,
CLUSTER-1063,1,0.0,accept,['Single account — no shared-infrastructure cluster'],,
CLUSTER-1064,1,0.0,accept,['Single account — no shared-infrastructure cluster'],,
CLUSTER-1065,1,0.0,accept,['Single account — no shared-infrastructure cluster'],,
CLUSTER-1066,1,0.0,accept,['Single account — no shared-infrastructure cluster'],,
CLUSTER-1067,1,0.0,accept,['Single account — no shared-infrastructure cluster'],,
CLUSTER-1068,1,0.0,accept,['Single account — no shared-infrastructure cluster'],,
CLUSTER-1069,1,0.0,accept,['Single account — no shared-infrastructure cluster'],,
CLUSTER-1070,1,0.0,accept,['Single account — no shared-infrastructure cluster'],,
CLUSTER-1071,1,0.0,accept,['Single account — no shared-infrastructure cluster'],,
CLUSTER-1072,1,0.0,accept,['Single account — no shared-infrastructure cluster'],,
CLUSTER-1073,1,0.0,accept,['Single account — no shared-infrastructure cluster'],,
CLUSTER-1074,1,0.0,accept,['Single account — no shared-infrastructure cluster'],,
CLUSTER-1075,1,0.0,accept,['Single account — no shared-infrastructure cluster'],,
CLUSTER-1076,1,0.0,accept,['Single account — no shared-infrastructure cluster'],,
CLUSTER-1077,1,0.0,accept,['Single account — no shared-infrastructure cluster'],,
CLUSTER-1078,1,0.0,accept,['Single account — no shared-infrastructure cluster'],,
CLUSTER-1079,1,0.0,accept,['Single account — no shared-infrastructure cluster'],,
CLUSTER-1080,1,0.0,accept,['Single account — no shared-infrastructure cluster'],,
CLUSTER-1081,1,0.0,accept,['Single account — no shared-infrastructure cluster'],,
CLUSTER-1082,1,0.0,accept,['Single account — no shared-infrastructure cluster'],,
CLUSTER-1083,1,0.0,accept,['Single account — no shared-infrastructure cluster'],,
CLUSTER-1084,1,0.0,accept,['Single account — no shared-infrastructure cluster'],,
CLUSTER-1085,1,0.0,accept,['Single account — no shared-infrastructure cluster'],,
CLUSTER-1086,1,0.0,accept,['Single account — no shared-infrastructure cluster'],,
CLUSTER-1087,1,0.0,accept,['Single account — no shared-infrastructure cluster'],,
CLUSTER-1088,1,0.0,accept,['Single account — no shared-infrastructure cluster'],,
CLUSTER-1089,1,0.0,accept,['Single account — no shared-infrastructure cluster'],,
CLUSTER-1090,1,0.0,accept,['Single account — no shared-infrastructure cluster'],,
CLUSTER-1091,1,0.0,accept,['Single account — no shared-infrastructure cluster'],,
CLUSTER-1092,1,0.0,accept,['Single account — no shared-infrastructure cluster'],,
CLUSTER-1093,1,0.0,accept,['Single account — no shared-infrastructure cluster'],,
CLUSTER-1094,1,0.0,accept,['Single account — no shared-infrastructure cluster'],,
CLUSTER-1095,1,0.0,accept,['Single account — no shared-infrastructure cluster'],,
CLUSTER-1096,1,0.0,accept,['Single account — no shared-infrastructure cluster'],,
CLUSTER-1097,1,0.0,accept,['Single account — no shared-infrastructure cluster'],,
CLUSTER-1098,1,0.0,accept,['Single account — no shared-infrastructure cluster'],,
CLUSTER-1099,1,0.0,accept,['Single account — no shared-infrastructure cluster'],,
CLUSTER-1100,1,0.0,accept,['Single account — no shared-infrastructure cluster'],,
CLUSTER-1101,1,0.0,accept,['Single account — no shared-infrastructure cluster'],,
CLUSTER-1102,1,0.0,accept,['Single account — no shared-infrastructure cluster'],,
CLUSTER-1103,1,0.0,accept,['Single account — no shared-infrastructure cluster'],,
CLUSTER-1104,1,0.0,accept,['Single account — no shared-infrastructure cluster'],,
CLUSTER-1105,1,0.0,accept,['Single account — no shared-infrastructure cluster'],,
CLUSTER-1106,1,0.0,accept,['Single account — no shared-infrastructure cluster'],,
CLUSTER-1107,1,0.0,accept,['Single account — no shared-infrastructure cluster'],,
CLUSTER-1108,1,0.0,accept,['Single account — no shared-infrastructure cluster'],,
CLUSTER-1109,1,0.0,accept,['Single account — no shared-infrastructure cluster'],,
CLUSTER-1110,1,0.0,accept,['Single account — no shared-infrastructure cluster'],,
CLUSTER-1111,1,0.0,accept,['Single account — no shared-infrastructure cluster'],,
CLUSTER-1112,1,0.0,accept,['Single account — no shared-infrastructure cluster'],,
CLUSTER-1113,1,0.0,accept,['Single account — no shared-infrastructure cluster'],,
CLUSTER-1114,1,0.0,accept,['Single account — no shared-infrastructure cluster'],,
CLUSTER-1115,1,0.0,accept,['Single account — no shared-infrastructure cluster'],,
CLUSTER-1116,1,0.0,accept,['Single account — no shared-infrastructure cluster'],,
CLUSTER-1117,1,0.0,accept,['Single account — no shared-infrastructure cluster'],,
CLUSTER-1118,1,0.0,accept,['Single account — no shared-infrastructure cluster'],,
CLUSTER-1119,1,0.0,accept,['Single account — no shared-infrastructure cluster'],,
CLUSTER-1120,1,0.0,accept,['Single account — no shared-infrastructure cluster'],,
CLUSTER-1121,1,0.0,accept,['Single account — no shared-infrastructure cluster'],,
CLUSTER-1122,1,0.0,accept,['Single account — no shared-infrastructure cluster'],,
CLUSTER-1123,1,0.0,accept,['Single account — no shared-infrastructure cluster'],,
CLUSTER-1124,1,0.0,accept,['Single account — no shared-infrastructure cluster'],,
CLUSTER-1125,1,0.0,accept,['Single account — no shared-infrastructure cluster'],,
CLUSTER-1126,1,0.0,accept,['Single account — no shared-infrastructure cluster'],,
CLUSTER-1127,1,0.0,accept,['Single account — no shared-infrastructure cluster'],,
CLUSTER-1128,1,0.0,accept,['Single account — no shared-infrastructure cluster'],,
CLUSTER-1129,1,0.0,accept,['Single account — no shared-infrastructure cluster'],,
CLUSTER-1130,1,0.0,accept,['Single account — no shared-infrastructure cluster'],,
CLUSTER-1131,1,0.0,accept,['Single account — no shared-infrastructure cluster'],,
CLUSTER-1132,1,0.0,accept,['Single account — no shared-infrastructure cluster'],,
CLUSTER-1133,1,0.0,accept,['Single account — no shared-infrastructure cluster'],,
CLUSTER-1134,1,0.0,accept,['Single account — no shared-infrastructure cluster'],,
CLUSTER-1135,1,0.0,accept,['Single account — no shared-infrastructure cluster'],,
CLUSTER-1136,1,0.0,accept,['Single account — no shared-infrastructure cluster'],,
CLUSTER-1137,1,0.0,accept,['Single account — no shared-infrastructure cluster'],,
CLUSTER-1138,1,0.0,accept,['Single account — no shared-infrastructure cluster'],,
CLUSTER-1139,1,0.0,accept,['Single account — no shared-infrastructure cluster'],,
CLUSTER-1140,1,0.0,accept,['Single account — no shared-infrastructure cluster'],,
CLUSTER-1141,1,0.0,accept,['Single account — no shared-infrastructure cluster'],,
CLUSTER-1142,1,0.0,accept,['Single account — no shared-infrastructure cluster'],,
CLUSTER-1143,1,0.0,accept,['Single account — no shared-infrastructure cluster'],,
CLUSTER-1144,1,0.0,accept,['Single account — no shared-infrastructure cluster'],,
CLUSTER-1145,1,0.0,accept,['Single account — no shared-infrastructure cluster'],,
CLUSTER-1146,1,0.0,accept,['Single account — no shared-infrastructure cluster'],,
CLUSTER-1147,1,0.0,accept,['Single account — no shared-infrastructure cluster'],,
CLUSTER-1148,1,0.0,accept,['Single account — no shared-infrastructure cluster'],,
CLUSTER-1149,1,0.0,accept,['Single account — no shared-infrastructure cluster'],,
CLUSTER-1150,1,0.0,accept,['Single account — no shared-infrastructure cluster'],,
CLUSTER-1151,1,0.0,accept,['Single account — no shared-infrastructure cluster'],,
CLUSTER-1152,1,0.0,accept,['Single account — no shared-infrastructure cluster'],,
CLUSTER-1153,1,0.0,accept,['Single account — no shared-infrastructure cluster'],,
CLUSTER-1154,1,0.0,accept,['Single account — no shared-infrastructure cluster'],,
CLUSTER-1155,3,0.0525,accept,"['Shared infrastructure detected but consistent with ordinary household/shop sharing, not a coordinated ring']",15.0,2.0
CLUSTER-1156,1,0.0,accept,['Single account — no shared-infrastructure cluster'],,
CLUSTER-1157,1,0.0,accept,['Single account — no shared-infrastructure cluster'],,
CLUSTER-1158,1,0.0,accept,['Single account — no shared-infrastructure cluster'],,
CLUSTER-1159,1,0.0,accept,['Single account — no shared-infrastructure cluster'],,
CLUSTER-1160,1,0.0,accept,['Single account — no shared-infrastructure cluster'],,
CLUSTER-1161,1,0.0,accept,['Single account — no shared-infrastructure cluster'],,
CLUSTER-1162,1,0.0,accept,['Single account — no shared-infrastructure cluster'],,
CLUSTER-1163,1,0.0,accept,['Single account — no shared-infrastructure cluster'],,
CLUSTER-1164,1,0.0,accept,['Single account — no shared-infrastructure cluster'],,
CLUSTER-1165,1,0.0,accept,['Single account — no shared-infrastructure cluster'],,
CLUSTER-1166,1,0.0,accept,['Single account — no shared-infrastructure cluster'],,
CLUSTER-1167,1,0.0,accept,['Single account — no shared-infrastructure cluster'],,
CLUSTER-1168,1,0.0,accept,['Single account — no shared-infrastructure cluster'],,
CLUSTER-1169,1,0.0,accept,['Single account — no shared-infrastructure cluster'],,
CLUSTER-1170,1,0.0,accept,['Single account — no shared-infrastructure cluster'],,
CLUSTER-1171,1,0.0,accept,['Single account — no shared-infrastructure cluster'],,
CLUSTER-1172,1,0.0,accept,['Single account — no shared-infrastructure cluster'],,
CLUSTER-1173,1,0.0,accept,['Single account — no shared-infrastructure cluster'],,
CLUSTER-1174,1,0.0,accept,['Single account — no shared-infrastructure cluster'],,
CLUSTER-1175,1,0.0,accept,['Single account — no shared-infrastructure cluster'],,
CLUSTER-1176,1,0.0,accept,['Single account — no shared-infrastructure cluster'],,
CLUSTER-1177,1,0.0,accept,['Single account — no shared-infrastructure cluster'],,
CLUSTER-1178,1,0.0,accept,['Single account — no shared-infrastructure cluster'],,
CLUSTER-1179,1,0.0,accept,['Single account — no shared-infrastructure cluster'],,
CLUSTER-1180,1,0.0,accept,['Single account — no shared-infrastructure cluster'],,
CLUSTER-1181,1,0.0,accept,['Single account — no shared-infrastructure cluster'],,
CLUSTER-1182,1,0.0,accept,['Single account — no shared-infrastructure cluster'],,
CLUSTER-1183,1,0.0,accept,['Single account — no shared-infrastructure cluster'],,
CLUSTER-1184,1,0.0,accept,['Single account — no shared-infrastructure cluster'],,
CLUSTER-1185,1,0.0,accept,['Single account — no shared-infrastructure cluster'],,
CLUSTER-1186,1,0.0,accept,['Single account — no shared-infrastructure cluster'],,
CLUSTER-1187,1,0.0,accept,['Single account — no shared-infrastructure cluster'],,
CLUSTER-1188,1,0.0,accept,['Single account — no shared-infrastructure cluster'],,
CLUSTER-1189,1,0.0,accept,['Single account — no shared-infrastructure cluster'],,
CLUSTER-1190,1,0.0,accept,['Single account — no shared-infrastructure cluster'],,
CLUSTER-1191,1,0.0,accept,['Single account — no shared-infrastructure cluster'],,
CLUSTER-1192,1,0.0,accept,['Single account — no shared-infrastructure cluster'],,
CLUSTER-1193,1,0.0,accept,['Single account — no shared-infrastructure cluster'],,
CLUSTER-1194,1,0.0,accept,['Single account — no shared-infrastructure cluster'],,
CLUSTER-1195,1,0.0,accept,['Single account — no shared-infrastructure cluster'],,
CLUSTER-1196,1,0.0,accept,['Single account — no shared-infrastructure cluster'],,
CLUSTER-1197,1,0.0,accept,['Single account — no shared-infrastructure cluster'],,
CLUSTER-1198,1,0.0,accept,['Single account — no shared-infrastructure cluster'],,
CLUSTER-1199,1,0.0,accept,['Single account — no shared-infrastructure cluster'],,
CLUSTER-1200,4,0.09,accept,"['Shared infrastructure detected but consistent with ordinary household/shop sharing, not a coordinated ring']",9.0,3.25
CLUSTER-1201,1,0.0,accept,['Single account — no shared-infrastructure cluster'],,
CLUSTER-1202,1,0.0,accept,['Single account — no shared-infrastructure cluster'],,
CLUSTER-1203,1,0.0,accept,['Single account — no shared-infrastructure cluster'],,
CLUSTER-1204,1,0.0,accept,['Single account — no shared-infrastructure cluster'],,
CLUSTER-1205,1,0.0,accept,['Single account — no shared-infrastructure cluster'],,
CLUSTER-1206,1,0.0,accept,['Single account — no shared-infrastructure cluster'],,
CLUSTER-1207,1,0.0,accept,['Single account — no shared-infrastructure cluster'],,
CLUSTER-1208,1,0.0,accept,['Single account — no shared-infrastructure cluster'],,
CLUSTER-1209,1,0.0,accept,['Single account — no shared-infrastructure cluster'],,
CLUSTER-1210,1,0.0,accept,['Single account — no shared-infrastructure cluster'],,
CLUSTER-1211,1,0.0,accept,['Single account — no shared-infrastructure cluster'],,
CLUSTER-1212,1,0.0,accept,['Single account — no shared-infrastructure cluster'],,
CLUSTER-1213,1,0.0,accept,['Single account — no shared-infrastructure cluster'],,
CLUSTER-1214,1,0.0,accept,['Single account — no shared-infrastructure cluster'],,
CLUSTER-1215,1,0.0,accept,['Single account — no shared-infrastructure cluster'],,
CLUSTER-1216,1,0.0,accept,['Single account — no shared-infrastructure cluster'],,
CLUSTER-1217,1,0.0,accept,['Single account — no shared-infrastructure cluster'],,
CLUSTER-1218,1,0.0,accept,['Single account — no shared-infrastructure cluster'],,
CLUSTER-1219,1,0.0,accept,['Single account — no shared-infrastructure cluster'],,
CLUSTER-1220,1,0.0,accept,['Single account — no shared-infrastructure cluster'],,
CLUSTER-1221,1,0.0,accept,['Single account — no shared-infrastructure cluster'],,
CLUSTER-1222,1,0.0,accept,['Single account — no shared-infrastructure cluster'],,
CLUSTER-1223,1,0.0,accept,['Single account — no shared-infrastructure cluster'],,
CLUSTER-1224,1,0.0,accept,['Single account — no shared-infrastructure cluster'],,
CLUSTER-1225,1,0.0,accept,['Single account — no shared-infrastructure cluster'],,
CLUSTER-1226,1,0.0,accept,['Single account — no shared-infrastructure cluster'],,
CLUSTER-1227,1,0.0,accept,['Single account — no shared-infrastructure cluster'],,
CLUSTER-1228,1,0.0,accept,['Single account — no shared-infrastructure cluster'],,
CLUSTER-1229,1,0.0,accept,['Single account — no shared-infrastructure cluster'],,
CLUSTER-1230,1,0.0,accept,['Single account — no shared-infrastructure cluster'],,
CLUSTER-1231,1,0.0,accept,['Single account — no shared-infrastructure cluster'],,
CLUSTER-1232,1,0.0,accept,['Single account — no shared-infrastructure cluster'],,
CLUSTER-1233,1,0.0,accept,['Single account — no shared-infrastructure cluster'],,
CLUSTER-1234,1,0.0,accept,['Single account — no shared-infrastructure cluster'],,
CLUSTER-1235,1,0.0,accept,['Single account — no shared-infrastructure cluster'],,
CLUSTER-1236,1,0.0,accept,['Single account — no shared-infrastructure cluster'],,
CLUSTER-1237,1,0.0,accept,['Single account — no shared-infrastructure cluster'],,
CLUSTER-1238,1,0.0,accept,['Single account — no shared-infrastructure cluster'],,
CLUSTER-1239,1,0.0,accept,['Single account — no shared-infrastructure cluster'],,
CLUSTER-1240,1,0.0,accept,['Single account — no shared-infrastructure cluster'],,
CLUSTER-1241,1,0.0,accept,['Single account — no shared-infrastructure cluster'],,
CLUSTER-1242,1,0.0,accept,['Single account — no shared-infrastructure cluster'],,
CLUSTER-1243,1,0.0,accept,['Single account — no shared-infrastructure cluster'],,
CLUSTER-1244,1,0.0,accept,['Single account — no shared-infrastructure cluster'],,
CLUSTER-1245,1,0.0,accept,['Single account — no shared-infrastructure cluster'],,
CLUSTER-1246,1,0.0,accept,['Single account — no shared-infrastructure cluster'],,
CLUSTER-1247,1,0.0,accept,['Single account — no shared-infrastructure cluster'],,
CLUSTER-1248,1,0.0,accept,['Single account — no shared-infrastructure cluster'],,
CLUSTER-1249,1,0.0,accept,['Single account — no shared-infrastructure cluster'],,
CLUSTER-1250,1,0.0,accept,['Single account — no shared-infrastructure cluster'],,
CLUSTER-1251,1,0.0,accept,['Single account — no shared-infrastructure cluster'],,
CLUSTER-1252,1,0.0,accept,['Single account — no shared-infrastructure cluster'],,
CLUSTER-1253,1,0.0,accept,['Single account — no shared-infrastructure cluster'],,
CLUSTER-1254,1,0.0,accept,['Single account — no shared-infrastructure cluster'],,
CLUSTER-1255,4,0.09,accept,"['Shared infrastructure detected but consistent with ordinary household/shop sharing, not a coordinated ring']",3.0,3.0
CLUSTER-1256,1,0.0,accept,['Single account — no shared-infrastructure cluster'],,
CLUSTER-1257,1,0.0,accept,['Single account — no shared-infrastructure cluster'],,
CLUSTER-1258,1,0.0,accept,['Single account — no shared-infrastructure cluster'],,
CLUSTER-1259,1,0.0,accept,['Single account — no shared-infrastructure cluster'],,
CLUSTER-1260,1,0.0,accept,['Single account — no shared-infrastructure cluster'],,
CLUSTER-1261,1,0.0,accept,['Single account — no shared-infrastructure cluster'],,
CLUSTER-1262,1,0.0,accept,['Single account — no shared-infrastructure cluster'],,
CLUSTER-1263,1,0.0,accept,['Single account — no shared-infrastructure cluster'],,
CLUSTER-1264,1,0.0,accept,['Single account — no shared-infrastructure cluster'],,
CLUSTER-1265,1,0.0,accept,['Single account — no shared-infrastructure cluster'],,
CLUSTER-1266,1,0.0,accept,['Single account — no shared-infrastructure cluster'],,
CLUSTER-1267,1,0.0,accept,['Single account — no shared-infrastructure cluster'],,
CLUSTER-1268,1,0.0,accept,['Single account — no shared-infrastructure cluster'],,
CLUSTER-1269,1,0.0,accept,['Single account — no shared-infrastructure cluster'],,
CLUSTER-1270,1,0.0,accept,['Single account — no shared-infrastructure cluster'],,
CLUSTER-1271,1,0.0,accept,['Single account — no shared-infrastructure cluster'],,
CLUSTER-1272,1,0.0,accept,['Single account — no shared-infrastructure cluster'],,
CLUSTER-1273,1,0.0,accept,['Single account — no shared-infrastructure cluster'],,
CLUSTER-1274,1,0.0,accept,['Single account — no shared-infrastructure cluster'],,
CLUSTER-1275,1,0.0,accept,['Single account — no shared-infrastructure cluster'],,
CLUSTER-1276,1,0.0,accept,['Single account — no shared-infrastructure cluster'],,
CLUSTER-1277,1,0.0,accept,['Single account — no shared-infrastructure cluster'],,
CLUSTER-1278,1,0.0,accept,['Single account — no shared-infrastructure cluster'],,
CLUSTER-1279,1,0.0,accept,['Single account — no shared-infrastructure cluster'],,
CLUSTER-1280,1,0.0,accept,['Single account — no shared-infrastructure cluster'],,
CLUSTER-1281,1,0.0,accept,['Single account — no shared-infrastructure cluster'],,
CLUSTER-1282,1,0.0,accept,['Single account — no shared-infrastructure cluster'],,
CLUSTER-1283,1,0.0,accept,['Single account — no shared-infrastructure cluster'],,
CLUSTER-1284,1,0.0,accept,['Single account — no shared-infrastructure cluster'],,
CLUSTER-1285,1,0.0,accept,['Single account — no shared-infrastructure cluster'],,
CLUSTER-1286,1,0.0,accept,['Single account — no shared-infrastructure cluster'],,
CLUSTER-1287,1,0.0,accept,['Single account — no shared-infrastructure cluster'],,
CLUSTER-1288,1,0.0,accept,['Single account — no shared-infrastructure cluster'],,
CLUSTER-1289,1,0.0,accept,['Single account — no shared-infrastructure cluster'],,
CLUSTER-1290,1,0.0,accept,['Single account — no shared-infrastructure cluster'],,
CLUSTER-1291,1,0.0,accept,['Single account — no shared-infrastructure cluster'],,
CLUSTER-1292,1,0.0,accept,['Single account — no shared-infrastructure cluster'],,
CLUSTER-1293,1,0.0,accept,['Single account — no shared-infrastructure cluster'],,
CLUSTER-1294,1,0.0,accept,['Single account — no shared-infrastructure cluster'],,
CLUSTER-1295,1,0.0,accept,['Single account — no shared-infrastructure cluster'],,
CLUSTER-1296,1,0.0,accept,['Single account — no shared-infrastructure cluster'],,
CLUSTER-1297,1,0.0,accept,['Single account — no shared-infrastructure cluster'],,
CLUSTER-1298,1,0.0,accept,['Single account — no shared-infrastructure cluster'],,
CLUSTER-1299,1,0.0,accept,['Single account — no shared-infrastructure cluster'],,
CLUSTER-1300,1,0.0,accept,['Single account — no shared-infrastructure cluster'],,
CLUSTER-1301,1,0.0,accept,['Single account — no shared-infrastructure cluster'],,
CLUSTER-1302,1,0.0,accept,['Single account — no shared-infrastructure cluster'],,
CLUSTER-1303,1,0.0,accept,['Single account — no shared-infrastructure cluster'],,
CLUSTER-1304,1,0.0,accept,['Single account — no shared-infrastructure cluster'],,
CLUSTER-1305,1,0.0,accept,['Single account — no shared-infrastructure cluster'],,
CLUSTER-1306,1,0.0,accept,['Single account — no shared-infrastructure cluster'],,
CLUSTER-1307,1,0.0,accept,['Single account — no shared-infrastructure cluster'],,
CLUSTER-1308,1,0.0,accept,['Single account — no shared-infrastructure cluster'],,
CLUSTER-1309,1,0.0,accept,['Single account — no shared-infrastructure cluster'],,
CLUSTER-1310,1,0.0,accept,['Single account — no shared-infrastructure cluster'],,
CLUSTER-1311,1,0.0,accept,['Single account — no shared-infrastructure cluster'],,
CLUSTER-1312,1,0.0,accept,['Single account — no shared-infrastructure cluster'],,
CLUSTER-1313,1,0.0,accept,['Single account — no shared-infrastructure cluster'],,
CLUSTER-1314,1,0.0,accept,['Single account — no shared-infrastructure cluster'],,
CLUSTER-1315,1,0.0,accept,['Single account — no shared-infrastructure cluster'],,
CLUSTER-1316,1,0.0,accept,['Single account — no shared-infrastructure cluster'],,
CLUSTER-1317,1,0.0,accept,['Single account — no shared-infrastructure cluster'],,
CLUSTER-1318,1,0.0,accept,['Single account — no shared-infrastructure cluster'],,
CLUSTER-1319,3,0.0525,accept,"['Shared infrastructure detected but consistent with ordinary household/shop sharing, not a coordinated ring']",4.0,1.6666666666666667
CLUSTER-1320,1,0.0,accept,['Single account — no shared-infrastructure cluster'],,
CLUSTER-1321,1,0.0,accept,['Single account — no shared-infrastructure cluster'],,
CLUSTER-1322,1,0.0,accept,['Single account — no shared-infrastructure cluster'],,
CLUSTER-1323,1,0.0,accept,['Single account — no shared-infrastructure cluster'],,
CLUSTER-1324,1,0.0,accept,['Single account — no shared-infrastructure cluster'],,
CLUSTER-1325,1,0.0,accept,['Single account — no shared-infrastructure cluster'],,
CLUSTER-1326,1,0.0,accept,['Single account — no shared-infrastructure cluster'],,
CLUSTER-1327,1,0.0,accept,['Single account — no shared-infrastructure cluster'],,
CLUSTER-1328,1,0.0,accept,['Single account — no shared-infrastructure cluster'],,
CLUSTER-1329,1,0.0,accept,['Single account — no shared-infrastructure cluster'],,
CLUSTER-1330,1,0.0,accept,['Single account — no shared-infrastructure cluster'],,
CLUSTER-1331,1,0.0,accept,['Single account — no shared-infrastructure cluster'],,
CLUSTER-1332,1,0.0,accept,['Single account — no shared-infrastructure cluster'],,
CLUSTER-1333,1,0.0,accept,['Single account — no shared-infrastructure cluster'],,
CLUSTER-1334,1,0.0,accept,['Single account — no shared-infrastructure cluster'],,
CLUSTER-1335,1,0.0,accept,['Single account — no shared-infrastructure cluster'],,
CLUSTER-1336,1,0.0,accept,['Single account — no shared-infrastructure cluster'],,
CLUSTER-1337,1,0.0,accept,['Single account — no shared-infrastructure cluster'],,
CLUSTER-1338,1,0.0,accept,['Single account — no shared-infrastructure cluster'],,
CLUSTER-1339,1,0.0,accept,['Single account — no shared-infrastructure cluster'],,
CLUSTER-1340,1,0.0,accept,['Single account — no shared-infrastructure cluster'],,
CLUSTER-1341,1,0.0,accept,['Single account — no shared-infrastructure cluster'],,
CLUSTER-1342,1,0.0,accept,['Single account — no shared-infrastructure cluster'],,
CLUSTER-1343,1,0.0,accept,['Single account — no shared-infrastructure cluster'],,
CLUSTER-1344,1,0.0,accept,['Single account — no shared-infrastructure cluster'],,
CLUSTER-1345,1,0.0,accept,['Single account — no shared-infrastructure cluster'],,
CLUSTER-1346,1,0.0,accept,['Single account — no shared-infrastructure cluster'],,
CLUSTER-1347,1,0.0,accept,['Single account — no shared-infrastructure cluster'],,
CLUSTER-1348,1,0.0,accept,['Single account — no shared-infrastructure cluster'],,
CLUSTER-1349,1,0.0,accept,['Single account — no shared-infrastructure cluster'],,
CLUSTER-1350,1,0.0,accept,['Single account — no shared-infrastructure cluster'],,
CLUSTER-1351,1,0.0,accept,['Single account — no shared-infrastructure cluster'],,
CLUSTER-1352,1,0.0,accept,['Single account — no shared-infrastructure cluster'],,
CLUSTER-1353,1,0.0,accept,['Single account — no shared-infrastructure cluster'],,
CLUSTER-1354,1,0.0,accept,['Single account — no shared-infrastructure cluster'],,
CLUSTER-1355,1,0.0,accept,['Single account — no shared-infrastructure cluster'],,
CLUSTER-1356,1,0.0,accept,['Single account — no shared-infrastructure cluster'],,
CLUSTER-1357,1,0.0,accept,['Single account — no shared-infrastructure cluster'],,
CLUSTER-1358,1,0.0,accept,['Single account — no shared-infrastructure cluster'],,
CLUSTER-1359,1,0.0,accept,['Single account — no shared-infrastructure cluster'],,
CLUSTER-1360,1,0.0,accept,['Single account — no shared-infrastructure cluster'],,
CLUSTER-1361,1,0.0,accept,['Single account — no shared-infrastructure cluster'],,
CLUSTER-1362,1,0.0,accept,['Single account — no shared-infrastructure cluster'],,
CLUSTER-1363,1,0.0,accept,['Single account — no shared-infrastructure cluster'],,
CLUSTER-1364,1,0.0,accept,['Single account — no shared-infrastructure cluster'],,
CLUSTER-1365,1,0.0,accept,['Single account — no shared-infrastructure cluster'],,
CLUSTER-1366,1,0.0,accept,['Single account — no shared-infrastructure cluster'],,
CLUSTER-1367,1,0.0,accept,['Single account — no shared-infrastructure cluster'],,
CLUSTER-1368,1,0.0,accept,['Single account — no shared-infrastructure cluster'],,
CLUSTER-1369,1,0.0,accept,['Single account — no shared-infrastructure cluster'],,
CLUSTER-1370,1,0.0,accept,['Single account — no shared-infrastructure cluster'],,
CLUSTER-1371,1,0.0,accept,['Single account — no shared-infrastructure cluster'],,
CLUSTER-1372,1,0.0,accept,['Single account — no shared-infrastructure cluster'],,
CLUSTER-1373,1,0.0,accept,['Single account — no shared-infrastructure cluster'],,
CLUSTER-1374,1,0.0,accept,['Single account — no shared-infrastructure cluster'],,
CLUSTER-1375,1,0.0,accept,['Single account — no shared-infrastructure cluster'],,
CLUSTER-1376,1,0.0,accept,['Single account — no shared-infrastructure cluster'],,
CLUSTER-1377,1,0.0,accept,['Single account — no shared-infrastructure cluster'],,
CLUSTER-1378,1,0.0,accept,['Single account — no shared-infrastructure cluster'],,
CLUSTER-1379,1,0.0,accept,['Single account — no shared-infrastructure cluster'],,
CLUSTER-1380,1,0.0,accept,['Single account — no shared-infrastructure cluster'],,
CLUSTER-1381,1,0.0,accept,['Single account — no shared-infrastructure cluster'],,
CLUSTER-1382,1,0.0,accept,['Single account — no shared-infrastructure cluster'],,
CLUSTER-1383,1,0.0,accept,['Single account — no shared-infrastructure cluster'],,
CLUSTER-1384,1,0.0,accept,['Single account — no shared-infrastructure cluster'],,
CLUSTER-1385,1,0.0,accept,['Single account — no shared-infrastructure cluster'],,
CLUSTER-1386,1,0.0,accept,['Single account — no shared-infrastructure cluster'],,
CLUSTER-1387,1,0.0,accept,['Single account — no shared-infrastructure cluster'],,
CLUSTER-1388,1,0.0,accept,['Single account — no shared-infrastructure cluster'],,
CLUSTER-1389,1,0.0,accept,['Single account — no shared-infrastructure cluster'],,
CLUSTER-1390,1,0.0,accept,['Single account — no shared-infrastructure cluster'],,
CLUSTER-1391,2,0.415,accept,['All accounts opened within 0 day(s) of each other — signup burst'],0.0,1.0
CLUSTER-1392,1,0.0,accept,['Single account — no shared-infrastructure cluster'],,
CLUSTER-1393,1,0.0,accept,['Single account — no shared-infrastructure cluster'],,
CLUSTER-1394,1,0.0,accept,['Single account — no shared-infrastructure cluster'],,
CLUSTER-1395,1,0.0,accept,['Single account — no shared-infrastructure cluster'],,
CLUSTER-1396,1,0.0,accept,['Single account — no shared-infrastructure cluster'],,
CLUSTER-1397,1,0.0,accept,['Single account — no shared-infrastructure cluster'],,
CLUSTER-1398,1,0.0,accept,['Single account — no shared-infrastructure cluster'],,
CLUSTER-1399,1,0.0,accept,['Single account — no shared-infrastructure cluster'],,
CLUSTER-1400,1,0.0,accept,['Single account — no shared-infrastructure cluster'],,
CLUSTER-1401,1,0.0,accept,['Single account — no shared-infrastructure cluster'],,
CLUSTER-1402,1,0.0,accept,['Single account — no shared-infrastructure cluster'],,
CLUSTER-1403,1,0.0,accept,['Single account — no shared-infrastructure cluster'],,
CLUSTER-1404,1,0.0,accept,['Single account — no shared-infrastructure cluster'],,
CLUSTER-1405,1,0.0,accept,['Single account — no shared-infrastructure cluster'],,
CLUSTER-1406,1,0.0,accept,['Single account — no shared-infrastructure cluster'],,
CLUSTER-1407,1,0.0,accept,['Single account — no shared-infrastructure cluster'],,
CLUSTER-1408,1,0.0,accept,['Single account — no shared-infrastructure cluster'],,
CLUSTER-1409,1,0.0,accept,['Single account — no shared-infrastructure cluster'],,
CLUSTER-1410,3,0.0525,accept,"['Shared infrastructure detected but consistent with ordinary household/shop sharing, not a coordinated ring']",8.0,3.6666666666666665
CLUSTER-1411,1,0.0,accept,['Single account — no shared-infrastructure cluster'],,
CLUSTER-1412,1,0.0,accept,['Single account — no shared-infrastructure cluster'],,
CLUSTER-1413,1,0.0,accept,['Single account — no shared-infrastructure cluster'],,
CLUSTER-1414,1,0.0,accept,['Single account — no shared-infrastructure cluster'],,
CLUSTER-1415,1,0.0,accept,['Single account — no shared-infrastructure cluster'],,
CLUSTER-1416,1,0.0,accept,['Single account — no shared-infrastructure cluster'],,
CLUSTER-1417,1,0.0,accept,['Single account — no shared-infrastructure cluster'],,
CLUSTER-1418,1,0.0,accept,['Single account — no shared-infrastructure cluster'],,
CLUSTER-1419,1,0.0,accept,['Single account — no shared-infrastructure cluster'],,
CLUSTER-1420,1,0.0,accept,['Single account — no shared-infrastructure cluster'],,
CLUSTER-1421,1,0.0,accept,['Single account — no shared-infrastructure cluster'],,
CLUSTER-1422,1,0.0,accept,['Single account — no shared-infrastructure cluster'],,
CLUSTER-1423,1,0.0,accept,['Single account — no shared-infrastructure cluster'],,
CLUSTER-1424,1,0.0,accept,['Single account — no shared-infrastructure cluster'],,
CLUSTER-1425,1,0.0,accept,['Single account — no shared-infrastructure cluster'],,
CLUSTER-1426,1,0.0,accept,['Single account — no shared-infrastructure cluster'],,
CLUSTER-1427,1,0.0,accept,['Single account — no shared-infrastructure cluster'],,
CLUSTER-1428,1,0.0,accept,['Single account — no shared-infrastructure cluster'],,
CLUSTER-1429,1,0.0,accept,['Single account — no shared-infrastructure cluster'],,
CLUSTER-1430,1,0.0,accept,['Single account — no shared-infrastructure cluster'],,
CLUSTER-1431,1,0.0,accept,['Single account — no shared-infrastructure cluster'],,
CLUSTER-1432,1,0.0,accept,['Single account — no shared-infrastructure cluster'],,
CLUSTER-1433,1,0.0,accept,['Single account — no shared-infrastructure cluster'],,
CLUSTER-1434,1,0.0,accept,['Single account — no shared-infrastructure cluster'],,
CLUSTER-1435,1,0.0,accept,['Single account — no shared-infrastructure cluster'],,
CLUSTER-1436,1,0.0,accept,['Single account — no shared-infrastructure cluster'],,
CLUSTER-1437,1,0.0,accept,['Single account — no shared-infrastructure cluster'],,
CLUSTER-1438,1,0.0,accept,['Single account — no shared-infrastructure cluster'],,
CLUSTER-1439,1,0.0,accept,['Single account — no shared-infrastructure cluster'],,
CLUSTER-1440,1,0.0,accept,['Single account — no shared-infrastructure cluster'],,
CLUSTER-1441,1,0.0,accept,['Single account — no shared-infrastructure cluster'],,
CLUSTER-1442,3,0.0525,accept,"['Shared infrastructure detected but consistent with ordinary household/shop sharing, not a coordinated ring']",12.0,1.3333333333333333
CLUSTER-1443,1,0.0,accept,['Single account — no shared-infrastructure cluster'],,
CLUSTER-1444,1,0.0,accept,['Single account — no shared-infrastructure cluster'],,
CLUSTER-1445,1,0.0,accept,['Single account — no shared-infrastructure cluster'],,
CLUSTER-1446,1,0.0,accept,['Single account — no shared-infrastructure cluster'],,
CLUSTER-1447,1,0.0,accept,['Single account — no shared-infrastructure cluster'],,
CLUSTER-1448,1,0.0,accept,['Single account — no shared-infrastructure cluster'],,
CLUSTER-1449,1,0.0,accept,['Single account — no shared-infrastructure cluster'],,
CLUSTER-1450,1,0.0,accept,['Single account — no shared-infrastructure cluster'],,
CLUSTER-1451,1,0.0,accept,['Single account — no shared-infrastructure cluster'],,
CLUSTER-1452,1,0.0,accept,['Single account — no shared-infrastructure cluster'],,
CLUSTER-1453,1,0.0,accept,['Single account — no shared-infrastructure cluster'],,
CLUSTER-1454,1,0.0,accept,['Single account — no shared-infrastructure cluster'],,
CLUSTER-1455,1,0.0,accept,['Single account — no shared-infrastructure cluster'],,
CLUSTER-1456,1,0.0,accept,['Single account — no shared-infrastructure cluster'],,
CLUSTER-1457,1,0.0,accept,['Single account — no shared-infrastructure cluster'],,
CLUSTER-1458,1,0.0,accept,['Single account — no shared-infrastructure cluster'],,
CLUSTER-1459,1,0.0,accept,['Single account — no shared-infrastructure cluster'],,
CLUSTER-1460,1,0.0,accept,['Single account — no shared-infrastructure cluster'],,
CLUSTER-1461,1,0.0,accept,['Single account — no shared-infrastructure cluster'],,
CLUSTER-1462,1,0.0,accept,['Single account — no shared-infrastructure cluster'],,
CLUSTER-1463,1,0.0,accept,['Single account — no shared-infrastructure cluster'],,
CLUSTER-1464,1,0.0,accept,['Single account — no shared-infrastructure cluster'],,
CLUSTER-1465,1,0.0,accept,['Single account — no shared-infrastructure cluster'],,
CLUSTER-1466,1,0.0,accept,['Single account — no shared-infrastructure cluster'],,
CLUSTER-1467,1,0.0,accept,['Single account — no shared-infrastructure cluster'],,
CLUSTER-1468,1,0.0,accept,['Single account — no shared-infrastructure cluster'],,
CLUSTER-1469,1,0.0,accept,['Single account — no shared-infrastructure cluster'],,
CLUSTER-1470,1,0.0,accept,['Single account — no shared-infrastructure cluster'],,
CLUSTER-1471,1,0.0,accept,['Single account — no shared-infrastructure cluster'],,
CLUSTER-1472,1,0.0,accept,['Single account — no shared-infrastructure cluster'],,
CLUSTER-1473,1,0.0,accept,['Single account — no shared-infrastructure cluster'],,
CLUSTER-1474,1,0.0,accept,['Single account — no shared-infrastructure cluster'],,
CLUSTER-1475,1,0.0,accept,['Single account — no shared-infrastructure cluster'],,
CLUSTER-1476,1,0.0,accept,['Single account — no shared-infrastructure cluster'],,
CLUSTER-1477,1,0.0,accept,['Single account — no shared-infrastructure cluster'],,
CLUSTER-1478,1,0.0,accept,['Single account — no shared-infrastructure cluster'],,
CLUSTER-1479,1,0.0,accept,['Single account — no shared-infrastructure cluster'],,
CLUSTER-1480,1,0.0,accept,['Single account — no shared-infrastructure cluster'],,
CLUSTER-1481,1,0.0,accept,['Single account — no shared-infrastructure cluster'],,
CLUSTER-1482,1,0.0,accept,['Single account — no shared-infrastructure cluster'],,
CLUSTER-1483,1,0.0,accept,['Single account — no shared-infrastructure cluster'],,
CLUSTER-1484,1,0.0,accept,['Single account — no shared-infrastructure cluster'],,
CLUSTER-1485,1,0.0,accept,['Single account — no shared-infrastructure cluster'],,
CLUSTER-1486,1,0.0,accept,['Single account — no shared-infrastructure cluster'],,
CLUSTER-1487,1,0.0,accept,['Single account — no shared-infrastructure cluster'],,
CLUSTER-1488,1,0.0,accept,['Single account — no shared-infrastructure cluster'],,
CLUSTER-1489,1,0.0,accept,['Single account — no shared-infrastructure cluster'],,
CLUSTER-1490,4,0.09,accept,"['Shared infrastructure detected but consistent with ordinary household/shop sharing, not a coordinated ring']",16.0,2.75
CLUSTER-1491,1,0.0,accept,['Single account — no shared-infrastructure cluster'],,
CLUSTER-1492,1,0.0,accept,['Single account — no shared-infrastructure cluster'],,
CLUSTER-1493,1,0.0,accept,['Single account — no shared-infrastructure cluster'],,
CLUSTER-1494,1,0.0,accept,['Single account — no shared-infrastructure cluster'],,
CLUSTER-1495,1,0.0,accept,['Single account — no shared-infrastructure cluster'],,
CLUSTER-1496,1,0.0,accept,['Single account — no shared-infrastructure cluster'],,
CLUSTER-1497,1,0.0,accept,['Single account — no shared-infrastructure cluster'],,
CLUSTER-1498,1,0.0,accept,['Single account — no shared-infrastructure cluster'],,
CLUSTER-1499,1,0.0,accept,['Single account — no shared-infrastructure cluster'],,
CLUSTER-1500,1,0.0,accept,['Single account — no shared-infrastructure cluster'],,
CLUSTER-1501,1,0.0,accept,['Single account — no shared-infrastructure cluster'],,
CLUSTER-1502,1,0.0,accept,['Single account — no shared-infrastructure cluster'],,
CLUSTER-1503,1,0.0,accept,['Single account — no shared-infrastructure cluster'],,
CLUSTER-1504,1,0.0,accept,['Single account — no shared-infrastructure cluster'],,
CLUSTER-1505,1,0.0,accept,['Single account — no shared-infrastructure cluster'],,
CLUSTER-1506,1,0.0,accept,['Single account — no shared-infrastructure cluster'],,
CLUSTER-1507,1,0.0,accept,['Single account — no shared-infrastructure cluster'],,
CLUSTER-1508,1,0.0,accept,['Single account — no shared-infrastructure cluster'],,
CLUSTER-1509,3,0.0525,accept,"['Shared infrastructure detected but consistent with ordinary household/shop sharing, not a coordinated ring']",53.0,2.3333333333333335
CLUSTER-1510,1,0.0,accept,['Single account — no shared-infrastructure cluster'],,
CLUSTER-1511,1,0.0,accept,['Single account — no shared-infrastructure cluster'],,
CLUSTER-1512,1,0.0,accept,['Single account — no shared-infrastructure cluster'],,
CLUSTER-1513,1,0.0,accept,['Single account — no shared-infrastructure cluster'],,
CLUSTER-1514,1,0.0,accept,['Single account — no shared-infrastructure cluster'],,
CLUSTER-1515,1,0.0,accept,['Single account — no shared-infrastructure cluster'],,
CLUSTER-1516,1,0.0,accept,['Single account — no shared-infrastructure cluster'],,
CLUSTER-1517,1,0.0,accept,['Single account — no shared-infrastructure cluster'],,
CLUSTER-1518,1,0.0,accept,['Single account — no shared-infrastructure cluster'],,
CLUSTER-1519,1,0.0,accept,['Single account — no shared-infrastructure cluster'],,
CLUSTER-1520,1,0.0,accept,['Single account — no shared-infrastructure cluster'],,
CLUSTER-1521,1,0.0,accept,['Single account — no shared-infrastructure cluster'],,
CLUSTER-1522,1,0.0,accept,['Single account — no shared-infrastructure cluster'],,
CLUSTER-1523,1,0.0,accept,['Single account — no shared-infrastructure cluster'],,
CLUSTER-1524,1,0.0,accept,['Single account — no shared-infrastructure cluster'],,
CLUSTER-1525,1,0.0,accept,['Single account — no shared-infrastructure cluster'],,
CLUSTER-1526,1,0.0,accept,['Single account — no shared-infrastructure cluster'],,
CLUSTER-1527,1,0.0,accept,['Single account — no shared-infrastructure cluster'],,
CLUSTER-1528,1,0.0,accept,['Single account — no shared-infrastructure cluster'],,
CLUSTER-1529,1,0.0,accept,['Single account — no shared-infrastructure cluster'],,
CLUSTER-1530,1,0.0,accept,['Single account — no shared-infrastructure cluster'],,
CLUSTER-1531,1,0.0,accept,['Single account — no shared-infrastructure cluster'],,
CLUSTER-1532,1,0.0,accept,['Single account — no shared-infrastructure cluster'],,
CLUSTER-1533,1,0.0,accept,['Single account — no shared-infrastructure cluster'],,
CLUSTER-1534,1,0.0,accept,['Single account — no shared-infrastructure cluster'],,
CLUSTER-1535,1,0.0,accept,['Single account — no shared-infrastructure cluster'],,
CLUSTER-1536,1,0.0,accept,['Single account — no shared-infrastructure cluster'],,
CLUSTER-1537,1,0.0,accept,['Single account — no shared-infrastructure cluster'],,
CLUSTER-1538,1,0.0,accept,['Single account — no shared-infrastructure cluster'],,
CLUSTER-1539,1,0.0,accept,['Single account — no shared-infrastructure cluster'],,
CLUSTER-1540,1,0.0,accept,['Single account — no shared-infrastructure cluster'],,
CLUSTER-1541,1,0.0,accept,['Single account — no shared-infrastructure cluster'],,
CLUSTER-1542,1,0.0,accept,['Single account — no shared-infrastructure cluster'],,
CLUSTER-1543,1,0.0,accept,['Single account — no shared-infrastructure cluster'],,
CLUSTER-1544,1,0.0,accept,['Single account — no shared-infrastructure cluster'],,
CLUSTER-1545,1,0.0,accept,['Single account — no shared-infrastructure cluster'],,
CLUSTER-1546,1,0.0,accept,['Single account — no shared-infrastructure cluster'],,
CLUSTER-1547,1,0.0,accept,['Single account — no shared-infrastructure cluster'],,
CLUSTER-1548,1,0.0,accept,['Single account — no shared-infrastructure cluster'],,
CLUSTER-1549,1,0.0,accept,['Single account — no shared-infrastructure cluster'],,
CLUSTER-1550,1,0.0,accept,['Single account — no shared-infrastructure cluster'],,
CLUSTER-1551,1,0.0,accept,['Single account — no shared-infrastructure cluster'],,
CLUSTER-1552,1,0.0,accept,['Single account — no shared-infrastructure cluster'],,
CLUSTER-1553,1,0.0,accept,['Single account — no shared-infrastructure cluster'],,
CLUSTER-1554,1,0.0,accept,['Single account — no shared-infrastructure cluster'],,
CLUSTER-1555,1,0.0,accept,['Single account — no shared-infrastructure cluster'],,
CLUSTER-1556,1,0.0,accept,['Single account — no shared-infrastructure cluster'],,
CLUSTER-1557,1,0.0,accept,['Single account — no shared-infrastructure cluster'],,
CLUSTER-1558,1,0.0,accept,['Single account — no shared-infrastructure cluster'],,
CLUSTER-1559,1,0.0,accept,['Single account — no shared-infrastructure cluster'],,
CLUSTER-1560,1,0.0,accept,['Single account — no shared-infrastructure cluster'],,
CLUSTER-1561,1,0.0,accept,['Single account — no shared-infrastructure cluster'],,
CLUSTER-1562,1,0.0,accept,['Single account — no shared-infrastructure cluster'],,
CLUSTER-1563,1,0.0,accept,['Single account — no shared-infrastructure cluster'],,
CLUSTER-1564,1,0.0,accept,['Single account — no shared-infrastructure cluster'],,
CLUSTER-1565,1,0.0,accept,['Single account — no shared-infrastructure cluster'],,
CLUSTER-1566,1,0.0,accept,['Single account — no shared-infrastructure cluster'],,
CLUSTER-1567,1,0.0,accept,['Single account — no shared-infrastructure cluster'],,
CLUSTER-1568,1,0.0,accept,['Single account — no shared-infrastructure cluster'],,
CLUSTER-1569,1,0.0,accept,['Single account — no shared-infrastructure cluster'],,
CLUSTER-1570,1,0.0,accept,['Single account — no shared-infrastructure cluster'],,
CLUSTER-1571,1,0.0,accept,['Single account — no shared-infrastructure cluster'],,
CLUSTER-1572,1,0.0,accept,['Single account — no shared-infrastructure cluster'],,
CLUSTER-1573,1,0.0,accept,['Single account — no shared-infrastructure cluster'],,
CLUSTER-1574,1,0.0,accept,['Single account — no shared-infrastructure cluster'],,
CLUSTER-1575,1,0.0,accept,['Single account — no shared-infrastructure cluster'],,
CLUSTER-1576,1,0.0,accept,['Single account — no shared-infrastructure cluster'],,
CLUSTER-1577,1,0.0,accept,['Single account — no shared-infrastructure cluster'],,
CLUSTER-1578,1,0.0,accept,['Single account — no shared-infrastructure cluster'],,
CLUSTER-1579,1,0.0,accept,['Single account — no shared-infrastructure cluster'],,
CLUSTER-1580,1,0.0,accept,['Single account — no shared-infrastructure cluster'],,
CLUSTER-1581,1,0.0,accept,['Single account — no shared-infrastructure cluster'],,
CLUSTER-1582,1,0.0,accept,['Single account — no shared-infrastructure cluster'],,
CLUSTER-1583,1,0.0,accept,['Single account — no shared-infrastructure cluster'],,
CLUSTER-1584,1,0.0,accept,['Single account — no shared-infrastructure cluster'],,
CLUSTER-1585,1,0.0,accept,['Single account — no shared-infrastructure cluster'],,
CLUSTER-1586,1,0.0,accept,['Single account — no shared-infrastructure cluster'],,
CLUSTER-1587,1,0.0,accept,['Single account — no shared-infrastructure cluster'],,
CLUSTER-1588,1,0.0,accept,['Single account — no shared-infrastructure cluster'],,
CLUSTER-1589,1,0.0,accept,['Single account — no shared-infrastructure cluster'],,
CLUSTER-1590,1,0.0,accept,['Single account — no shared-infrastructure cluster'],,
CLUSTER-1591,1,0.0,accept,['Single account — no shared-infrastructure cluster'],,
CLUSTER-1592,1,0.0,accept,['Single account — no shared-infrastructure cluster'],,
CLUSTER-1593,1,0.0,accept,['Single account — no shared-infrastructure cluster'],,
CLUSTER-1594,1,0.0,accept,['Single account — no shared-infrastructure cluster'],,
CLUSTER-1595,1,0.0,accept,['Single account — no shared-infrastructure cluster'],,
CLUSTER-1596,1,0.0,accept,['Single account — no shared-infrastructure cluster'],,
CLUSTER-1597,1,0.0,accept,['Single account — no shared-infrastructure cluster'],,
CLUSTER-1598,1,0.0,accept,['Single account — no shared-infrastructure cluster'],,
CLUSTER-1599,1,0.0,accept,['Single account — no shared-infrastructure cluster'],,
CLUSTER-1600,1,0.0,accept,['Single account — no shared-infrastructure cluster'],,
CLUSTER-1601,1,0.0,accept,['Single account — no shared-infrastructure cluster'],,
CLUSTER-1602,1,0.0,accept,['Single account — no shared-infrastructure cluster'],,
CLUSTER-1603,1,0.0,accept,['Single account — no shared-infrastructure cluster'],,
CLUSTER-1604,1,0.0,accept,['Single account — no shared-infrastructure cluster'],,
CLUSTER-1605,1,0.0,accept,['Single account — no shared-infrastructure cluster'],,
CLUSTER-1606,1,0.0,accept,['Single account — no shared-infrastructure cluster'],,
CLUSTER-1607,1,0.0,accept,['Single account — no shared-infrastructure cluster'],,
CLUSTER-1608,1,0.0,accept,['Single account — no shared-infrastructure cluster'],,
CLUSTER-1609,1,0.0,accept,['Single account — no shared-infrastructure cluster'],,
CLUSTER-1610,1,0.0,accept,['Single account — no shared-infrastructure cluster'],,
CLUSTER-1611,1,0.0,accept,['Single account — no shared-infrastructure cluster'],,
CLUSTER-1612,1,0.0,accept,['Single account — no shared-infrastructure cluster'],,
CLUSTER-1613,1,0.0,accept,['Single account — no shared-infrastructure cluster'],,
CLUSTER-1614,1,0.0,accept,['Single account — no shared-infrastructure cluster'],,
CLUSTER-1615,1,0.0,accept,['Single account — no shared-infrastructure cluster'],,
CLUSTER-1616,1,0.0,accept,['Single account — no shared-infrastructure cluster'],,
CLUSTER-1617,1,0.0,accept,['Single account — no shared-infrastructure cluster'],,
CLUSTER-1618,1,0.0,accept,['Single account — no shared-infrastructure cluster'],,
CLUSTER-1619,1,0.0,accept,['Single account — no shared-infrastructure cluster'],,
CLUSTER-1620,1,0.0,accept,['Single account — no shared-infrastructure cluster'],,
CLUSTER-1621,1,0.0,accept,['Single account — no shared-infrastructure cluster'],,
CLUSTER-1622,1,0.0,accept,['Single account — no shared-infrastructure cluster'],,
CLUSTER-1623,1,0.0,accept,['Single account — no shared-infrastructure cluster'],,
CLUSTER-1624,4,0.09,accept,"['Shared infrastructure detected but consistent with ordinary household/shop sharing, not a coordinated ring']",18.0,1.0
CLUSTER-1625,1,0.0,accept,['Single account — no shared-infrastructure cluster'],,
CLUSTER-1626,1,0.0,accept,['Single account — no shared-infrastructure cluster'],,
CLUSTER-1627,1,0.0,accept,['Single account — no shared-infrastructure cluster'],,
CLUSTER-1628,1,0.0,accept,['Single account — no shared-infrastructure cluster'],,
CLUSTER-1629,1,0.0,accept,['Single account — no shared-infrastructure cluster'],,
CLUSTER-1630,1,0.0,accept,['Single account — no shared-infrastructure cluster'],,
CLUSTER-1631,1,0.0,accept,['Single account — no shared-infrastructure cluster'],,
CLUSTER-1632,1,0.0,accept,['Single account — no shared-infrastructure cluster'],,
CLUSTER-1633,1,0.0,accept,['Single account — no shared-infrastructure cluster'],,
CLUSTER-1634,1,0.0,accept,['Single account — no shared-infrastructure cluster'],,
CLUSTER-1635,1,0.0,accept,['Single account — no shared-infrastructure cluster'],,
CLUSTER-1636,1,0.0,accept,['Single account — no shared-infrastructure cluster'],,
CLUSTER-1637,1,0.0,accept,['Single account — no shared-infrastructure cluster'],,
CLUSTER-1638,1,0.0,accept,['Single account — no shared-infrastructure cluster'],,
CLUSTER-1639,1,0.0,accept,['Single account — no shared-infrastructure cluster'],,
CLUSTER-1640,1,0.0,accept,['Single account — no shared-infrastructure cluster'],,
CLUSTER-1641,1,0.0,accept,['Single account — no shared-infrastructure cluster'],,
CLUSTER-1642,1,0.0,accept,['Single account — no shared-infrastructure cluster'],,
CLUSTER-1643,1,0.0,accept,['Single account — no shared-infrastructure cluster'],,
CLUSTER-1644,1,0.0,accept,['Single account — no shared-infrastructure cluster'],,
CLUSTER-1645,1,0.0,accept,['Single account — no shared-infrastructure cluster'],,
CLUSTER-1646,1,0.0,accept,['Single account — no shared-infrastructure cluster'],,
CLUSTER-1647,1,0.0,accept,['Single account — no shared-infrastructure cluster'],,
CLUSTER-1648,1,0.0,accept,['Single account — no shared-infrastructure cluster'],,
CLUSTER-1649,1,0.0,accept,['Single account — no shared-infrastructure cluster'],,
CLUSTER-1650,1,0.0,accept,['Single account — no shared-infrastructure cluster'],,
CLUSTER-1651,1,0.0,accept,['Single account — no shared-infrastructure cluster'],,
CLUSTER-1652,1,0.0,accept,['Single account — no shared-infrastructure cluster'],,
CLUSTER-1653,2,0.415,accept,['All accounts opened within 0 day(s) of each other — signup burst'],0.0,5.5
CLUSTER-1654,1,0.0,accept,['Single account — no shared-infrastructure cluster'],,
CLUSTER-1655,1,0.0,accept,['Single account — no shared-infrastructure cluster'],,
CLUSTER-1656,1,0.0,accept,['Single account — no shared-infrastructure cluster'],,
CLUSTER-1657,2,0.415,accept,['All accounts opened within 0 day(s) of each other — signup burst'],0.0,4.0
CLUSTER-1658,1,0.0,accept,['Single account — no shared-infrastructure cluster'],,
CLUSTER-1659,1,0.0,accept,['Single account — no shared-infrastructure cluster'],,
CLUSTER-1660,1,0.0,accept,['Single account — no shared-infrastructure cluster'],,
CLUSTER-1661,1,0.0,accept,['Single account — no shared-infrastructure cluster'],,
CLUSTER-1662,1,0.0,accept,['Single account — no shared-infrastructure cluster'],,
CLUSTER-1663,1,0.0,accept,['Single account — no shared-infrastructure cluster'],,
CLUSTER-1664,1,0.0,accept,['Single account — no shared-infrastructure cluster'],,
CLUSTER-1665,1,0.0,accept,['Single account — no shared-infrastructure cluster'],,
CLUSTER-1666,1,0.0,accept,['Single account — no shared-infrastructure cluster'],,
CLUSTER-1667,1,0.0,accept,['Single account — no shared-infrastructure cluster'],,
CLUSTER-1668,1,0.0,accept,['Single account — no shared-infrastructure cluster'],,
CLUSTER-1669,1,0.0,accept,['Single account — no shared-infrastructure cluster'],,
CLUSTER-1670,1,0.0,accept,['Single account — no shared-infrastructure cluster'],,
CLUSTER-1671,1,0.0,accept,['Single account — no shared-infrastructure cluster'],,
CLUSTER-1672,1,0.0,accept,['Single account — no shared-infrastructure cluster'],,
CLUSTER-1673,1,0.0,accept,['Single account — no shared-infrastructure cluster'],,
CLUSTER-1674,1,0.0,accept,['Single account — no shared-infrastructure cluster'],,
CLUSTER-1675,1,0.0,accept,['Single account — no shared-infrastructure cluster'],,
CLUSTER-1676,1,0.0,accept,['Single account — no shared-infrastructure cluster'],,
CLUSTER-1677,1,0.0,accept,['Single account — no shared-infrastructure cluster'],,
CLUSTER-1678,1,0.0,accept,['Single account — no shared-infrastructure cluster'],,
CLUSTER-1679,1,0.0,accept,['Single account — no shared-infrastructure cluster'],,
CLUSTER-1680,1,0.0,accept,['Single account — no shared-infrastructure cluster'],,
CLUSTER-1681,1,0.0,accept,['Single account — no shared-infrastructure cluster'],,
CLUSTER-1682,1,0.0,accept,['Single account — no shared-infrastructure cluster'],,
CLUSTER-1683,1,0.0,accept,['Single account — no shared-infrastructure cluster'],,
CLUSTER-1684,1,0.0,accept,['Single account — no shared-infrastructure cluster'],,
CLUSTER-1685,1,0.0,accept,['Single account — no shared-infrastructure cluster'],,
CLUSTER-1686,1,0.0,accept,['Single account — no shared-infrastructure cluster'],,
CLUSTER-1687,1,0.0,accept,['Single account — no shared-infrastructure cluster'],,
CLUSTER-1688,1,0.0,accept,['Single account — no shared-infrastructure cluster'],,
CLUSTER-1689,1,0.0,accept,['Single account — no shared-infrastructure cluster'],,
CLUSTER-1690,1,0.0,accept,['Single account — no shared-infrastructure cluster'],,
CLUSTER-1691,1,0.0,accept,['Single account — no shared-infrastructure cluster'],,
CLUSTER-1692,1,0.0,accept,['Single account — no shared-infrastructure cluster'],,
CLUSTER-1693,1,0.0,accept,['Single account — no shared-infrastructure cluster'],,
CLUSTER-1694,1,0.0,accept,['Single account — no shared-infrastructure cluster'],,
CLUSTER-1695,1,0.0,accept,['Single account — no shared-infrastructure cluster'],,
CLUSTER-1696,1,0.0,accept,['Single account — no shared-infrastructure cluster'],,
CLUSTER-1697,1,0.0,accept,['Single account — no shared-infrastructure cluster'],,
CLUSTER-1698,1,0.0,accept,['Single account — no shared-infrastructure cluster'],,
CLUSTER-1699,1,0.0,accept,['Single account — no shared-infrastructure cluster'],,
CLUSTER-1700,1,0.0,accept,['Single account — no shared-infrastructure cluster'],,
CLUSTER-1701,1,0.0,accept,['Single account — no shared-infrastructure cluster'],,
CLUSTER-1702,1,0.0,accept,['Single account — no shared-infrastructure cluster'],,
CLUSTER-1703,1,0.0,accept,['Single account — no shared-infrastructure cluster'],,
CLUSTER-1704,1,0.0,accept,['Single account — no shared-infrastructure cluster'],,
CLUSTER-1705,1,0.0,accept,['Single account — no shared-infrastructure cluster'],,
CLUSTER-1706,1,0.0,accept,['Single account — no shared-infrastructure cluster'],,
CLUSTER-1707,1,0.0,accept,['Single account — no shared-infrastructure cluster'],,
CLUSTER-1708,1,0.0,accept,['Single account — no shared-infrastructure cluster'],,
CLUSTER-1709,1,0.0,accept,['Single account — no shared-infrastructure cluster'],,
CLUSTER-1710,1,0.0,accept,['Single account — no shared-infrastructure cluster'],,
CLUSTER-1711,1,0.0,accept,['Single account — no shared-infrastructure cluster'],,
CLUSTER-1712,1,0.0,accept,['Single account — no shared-infrastructure cluster'],,
CLUSTER-1713,1,0.0,accept,['Single account — no shared-infrastructure cluster'],,
CLUSTER-1714,1,0.0,accept,['Single account — no shared-infrastructure cluster'],,
CLUSTER-1715,1,0.0,accept,['Single account — no shared-infrastructure cluster'],,
CLUSTER-1716,1,0.0,accept,['Single account — no shared-infrastructure cluster'],,
CLUSTER-1717,1,0.0,accept,['Single account — no shared-infrastructure cluster'],,
CLUSTER-1718,1,0.0,accept,['Single account — no shared-infrastructure cluster'],,
CLUSTER-1719,1,0.0,accept,['Single account — no shared-infrastructure cluster'],,
CLUSTER-1720,1,0.0,accept,['Single account — no shared-infrastructure cluster'],,
CLUSTER-1721,2,0.015,accept,"['Shared infrastructure detected but consistent with ordinary household/shop sharing, not a coordinated ring']",3.0,3.0
CLUSTER-1722,1,0.0,accept,['Single account — no shared-infrastructure cluster'],,
CLUSTER-1723,1,0.0,accept,['Single account — no shared-infrastructure cluster'],,
CLUSTER-1724,1,0.0,accept,['Single account — no shared-infrastructure cluster'],,
CLUSTER-1725,1,0.0,accept,['Single account — no shared-infrastructure cluster'],,
CLUSTER-1726,1,0.0,accept,['Single account — no shared-infrastructure cluster'],,
CLUSTER-1727,1,0.0,accept,['Single account — no shared-infrastructure cluster'],,
CLUSTER-1728,1,0.0,accept,['Single account — no shared-infrastructure cluster'],,
CLUSTER-1729,1,0.0,accept,['Single account — no shared-infrastructure cluster'],,
CLUSTER-1730,1,0.0,accept,['Single account — no shared-infrastructure cluster'],,
CLUSTER-1731,1,0.0,accept,['Single account — no shared-infrastructure cluster'],,
CLUSTER-1732,1,0.0,accept,['Single account — no shared-infrastructure cluster'],,
CLUSTER-1733,1,0.0,accept,['Single account — no shared-infrastructure cluster'],,
CLUSTER-1734,1,0.0,accept,['Single account — no shared-infrastructure cluster'],,
CLUSTER-1735,1,0.0,accept,['Single account — no shared-infrastructure cluster'],,
CLUSTER-1736,1,0.0,accept,['Single account — no shared-infrastructure cluster'],,
CLUSTER-1737,1,0.0,accept,['Single account — no shared-infrastructure cluster'],,
CLUSTER-1738,1,0.0,accept,['Single account — no shared-infrastructure cluster'],,
CLUSTER-1739,1,0.0,accept,['Single account — no shared-infrastructure cluster'],,
CLUSTER-1740,1,0.0,accept,['Single account — no shared-infrastructure cluster'],,
CLUSTER-1741,1,0.0,accept,['Single account — no shared-infrastructure cluster'],,
CLUSTER-1742,1,0.0,accept,['Single account — no shared-infrastructure cluster'],,
CLUSTER-1743,1,0.0,accept,['Single account — no shared-infrastructure cluster'],,
CLUSTER-1744,1,0.0,accept,['Single account — no shared-infrastructure cluster'],,
CLUSTER-1745,1,0.0,accept,['Single account — no shared-infrastructure cluster'],,
CLUSTER-1746,1,0.0,accept,['Single account — no shared-infrastructure cluster'],,
CLUSTER-1747,1,0.0,accept,['Single account — no shared-infrastructure cluster'],,
CLUSTER-1748,1,0.0,accept,['Single account — no shared-infrastructure cluster'],,
CLUSTER-1749,1,0.0,accept,['Single account — no shared-infrastructure cluster'],,
CLUSTER-1750,1,0.0,accept,['Single account — no shared-infrastructure cluster'],,
CLUSTER-1751,1,0.0,accept,['Single account — no shared-infrastructure cluster'],,
CLUSTER-1752,1,0.0,accept,['Single account — no shared-infrastructure cluster'],,
CLUSTER-1753,1,0.0,accept,['Single account — no shared-infrastructure cluster'],,
CLUSTER-1754,1,0.0,accept,['Single account — no shared-infrastructure cluster'],,
CLUSTER-1755,1,0.0,accept,['Single account — no shared-infrastructure cluster'],,
CLUSTER-1756,1,0.0,accept,['Single account — no shared-infrastructure cluster'],,
CLUSTER-1757,1,0.0,accept,['Single account — no shared-infrastructure cluster'],,
CLUSTER-1758,1,0.0,accept,['Single account — no shared-infrastructure cluster'],,
CLUSTER-1759,1,0.0,accept,['Single account — no shared-infrastructure cluster'],,
CLUSTER-1760,1,0.0,accept,['Single account — no shared-infrastructure cluster'],,
CLUSTER-1761,1,0.0,accept,['Single account — no shared-infrastructure cluster'],,
CLUSTER-1762,1,0.0,accept,['Single account — no shared-infrastructure cluster'],,
CLUSTER-1763,1,0.0,accept,['Single account — no shared-infrastructure cluster'],,
CLUSTER-1764,1,0.0,accept,['Single account — no shared-infrastructure cluster'],,
CLUSTER-1765,1,0.0,accept,['Single account — no shared-infrastructure cluster'],,
CLUSTER-1766,1,0.0,accept,['Single account — no shared-infrastructure cluster'],,
CLUSTER-1767,1,0.0,accept,['Single account — no shared-infrastructure cluster'],,
CLUSTER-1768,1,0.0,accept,['Single account — no shared-infrastructure cluster'],,
CLUSTER-1769,1,0.0,accept,['Single account — no shared-infrastructure cluster'],,
CLUSTER-1770,1,0.0,accept,['Single account — no shared-infrastructure cluster'],,
CLUSTER-1771,1,0.0,accept,['Single account — no shared-infrastructure cluster'],,
CLUSTER-1772,1,0.0,accept,['Single account — no shared-infrastructure cluster'],,
CLUSTER-1773,1,0.0,accept,['Single account — no shared-infrastructure cluster'],,
CLUSTER-1774,1,0.0,accept,['Single account — no shared-infrastructure cluster'],,
CLUSTER-1775,1,0.0,accept,['Single account — no shared-infrastructure cluster'],,
CLUSTER-1776,1,0.0,accept,['Single account — no shared-infrastructure cluster'],,
CLUSTER-1777,1,0.0,accept,['Single account — no shared-infrastructure cluster'],,
CLUSTER-1778,1,0.0,accept,['Single account — no shared-infrastructure cluster'],,
CLUSTER-1779,1,0.0,accept,['Single account — no shared-infrastructure cluster'],,
CLUSTER-1780,1,0.0,accept,['Single account — no shared-infrastructure cluster'],,
CLUSTER-1781,1,0.0,accept,['Single account — no shared-infrastructure cluster'],,
CLUSTER-1782,1,0.0,accept,['Single account — no shared-infrastructure cluster'],,
CLUSTER-1783,1,0.0,accept,['Single account — no shared-infrastructure cluster'],,
CLUSTER-1784,1,0.0,accept,['Single account — no shared-infrastructure cluster'],,
CLUSTER-1785,1,0.0,accept,['Single account — no shared-infrastructure cluster'],,
CLUSTER-1786,1,0.0,accept,['Single account — no shared-infrastructure cluster'],,
CLUSTER-1787,1,0.0,accept,['Single account — no shared-infrastructure cluster'],,
CLUSTER-1788,2,0.015,accept,"['Shared infrastructure detected but consistent with ordinary household/shop sharing, not a coordinated ring']",3.0,2.5
CLUSTER-1789,1,0.0,accept,['Single account — no shared-infrastructure cluster'],,
CLUSTER-1790,1,0.0,accept,['Single account — no shared-infrastructure cluster'],,
CLUSTER-1791,1,0.0,accept,['Single account — no shared-infrastructure cluster'],,
CLUSTER-1792,1,0.0,accept,['Single account — no shared-infrastructure cluster'],,
CLUSTER-1793,1,0.0,accept,['Single account — no shared-infrastructure cluster'],,
CLUSTER-1794,1,0.0,accept,['Single account — no shared-infrastructure cluster'],,
CLUSTER-1795,1,0.0,accept,['Single account — no shared-infrastructure cluster'],,
CLUSTER-1796,1,0.0,accept,['Single account — no shared-infrastructure cluster'],,
CLUSTER-1797,1,0.0,accept,['Single account — no shared-infrastructure cluster'],,
CLUSTER-1798,1,0.0,accept,['Single account — no shared-infrastructure cluster'],,
CLUSTER-1799,1,0.0,accept,['Single account — no shared-infrastructure cluster'],,
CLUSTER-1800,1,0.0,accept,['Single account — no shared-infrastructure cluster'],,
CLUSTER-1801,1,0.0,accept,['Single account — no shared-infrastructure cluster'],,
CLUSTER-1802,1,0.0,accept,['Single account — no shared-infrastructure cluster'],,
CLUSTER-1803,1,0.0,accept,['Single account — no shared-infrastructure cluster'],,
CLUSTER-1804,1,0.0,accept,['Single account — no shared-infrastructure cluster'],,
CLUSTER-1805,1,0.0,accept,['Single account — no shared-infrastructure cluster'],,
CLUSTER-1806,1,0.0,accept,['Single account — no shared-infrastructure cluster'],,
CLUSTER-1807,1,0.0,accept,['Single account — no shared-infrastructure cluster'],,
CLUSTER-1808,1,0.0,accept,['Single account — no shared-infrastructure cluster'],,
CLUSTER-1809,1,0.0,accept,['Single account — no shared-infrastructure cluster'],,
CLUSTER-1810,1,0.0,accept,['Single account — no shared-infrastructure cluster'],,
CLUSTER-1811,1,0.0,accept,['Single account — no shared-infrastructure cluster'],,
CLUSTER-1812,1,0.0,accept,['Single account — no shared-infrastructure cluster'],,
CLUSTER-1813,1,0.0,accept,['Single account — no shared-infrastructure cluster'],,
CLUSTER-1814,1,0.0,accept,['Single account — no shared-infrastructure cluster'],,
CLUSTER-1815,1,0.0,accept,['Single account — no shared-infrastructure cluster'],,
CLUSTER-1816,1,0.0,accept,['Single account — no shared-infrastructure cluster'],,
CLUSTER-1817,1,0.0,accept,['Single account — no shared-infrastructure cluster'],,
CLUSTER-1818,1,0.0,accept,['Single account — no shared-infrastructure cluster'],,
CLUSTER-1819,1,0.0,accept,['Single account — no shared-infrastructure cluster'],,
CLUSTER-1820,1,0.0,accept,['Single account — no shared-infrastructure cluster'],,
CLUSTER-1821,1,0.0,accept,['Single account — no shared-infrastructure cluster'],,
CLUSTER-1822,1,0.0,accept,['Single account — no shared-infrastructure cluster'],,
CLUSTER-1823,1,0.0,accept,['Single account — no shared-infrastructure cluster'],,
CLUSTER-1824,1,0.0,accept,['Single account — no shared-infrastructure cluster'],,
CLUSTER-1825,1,0.0,accept,['Single account — no shared-infrastructure cluster'],,
CLUSTER-1826,1,0.0,accept,['Single account — no shared-infrastructure cluster'],,
CLUSTER-1827,1,0.0,accept,['Single account — no shared-infrastructure cluster'],,
CLUSTER-1828,1,0.0,accept,['Single account — no shared-infrastructure cluster'],,
CLUSTER-1829,1,0.0,accept,['Single account — no shared-infrastructure cluster'],,
CLUSTER-1830,1,0.0,accept,['Single account — no shared-infrastructure cluster'],,
CLUSTER-1831,1,0.0,accept,['Single account — no shared-infrastructure cluster'],,
CLUSTER-1832,1,0.0,accept,['Single account — no shared-infrastructure cluster'],,
CLUSTER-1833,1,0.0,accept,['Single account — no shared-infrastructure cluster'],,
CLUSTER-1834,1,0.0,accept,['Single account — no shared-infrastructure cluster'],,
CLUSTER-1835,1,0.0,accept,['Single account — no shared-infrastructure cluster'],,
CLUSTER-1836,1,0.0,accept,['Single account — no shared-infrastructure cluster'],,
CLUSTER-1837,1,0.0,accept,['Single account — no shared-infrastructure cluster'],,
CLUSTER-1838,1,0.0,accept,['Single account — no shared-infrastructure cluster'],,
CLUSTER-1839,1,0.0,accept,['Single account — no shared-infrastructure cluster'],,
CLUSTER-1840,1,0.0,accept,['Single account — no shared-infrastructure cluster'],,
CLUSTER-1841,1,0.0,accept,['Single account — no shared-infrastructure cluster'],,
CLUSTER-1842,1,0.0,accept,['Single account — no shared-infrastructure cluster'],,
CLUSTER-1843,1,0.0,accept,['Single account — no shared-infrastructure cluster'],,
CLUSTER-1844,1,0.0,accept,['Single account — no shared-infrastructure cluster'],,
CLUSTER-1845,1,0.0,accept,['Single account — no shared-infrastructure cluster'],,
CLUSTER-1846,1,0.0,accept,['Single account — no shared-infrastructure cluster'],,
CLUSTER-1847,1,0.0,accept,['Single account — no shared-infrastructure cluster'],,
CLUSTER-1848,1,0.0,accept,['Single account — no shared-infrastructure cluster'],,
CLUSTER-1849,1,0.0,accept,['Single account — no shared-infrastructure cluster'],,
CLUSTER-1850,1,0.0,accept,['Single account — no shared-infrastructure cluster'],,
CLUSTER-1851,1,0.0,accept,['Single account — no shared-infrastructure cluster'],,
CLUSTER-1852,1,0.0,accept,['Single account — no shared-infrastructure cluster'],,
CLUSTER-1853,1,0.0,accept,['Single account — no shared-infrastructure cluster'],,
CLUSTER-1854,1,0.0,accept,['Single account — no shared-infrastructure cluster'],,
CLUSTER-1855,1,0.0,accept,['Single account — no shared-infrastructure cluster'],,
CLUSTER-1856,1,0.0,accept,['Single account — no shared-infrastructure cluster'],,
CLUSTER-1857,1,0.0,accept,['Single account — no shared-infrastructure cluster'],,
CLUSTER-1858,1,0.0,accept,['Single account — no shared-infrastructure cluster'],,
CLUSTER-1859,1,0.0,accept,['Single account — no shared-infrastructure cluster'],,
CLUSTER-1860,1,0.0,accept,['Single account — no shared-infrastructure cluster'],,
CLUSTER-1861,1,0.0,accept,['Single account — no shared-infrastructure cluster'],,
CLUSTER-1862,1,0.0,accept,['Single account — no shared-infrastructure cluster'],,
CLUSTER-1863,1,0.0,accept,['Single account — no shared-infrastructure cluster'],,
CLUSTER-1864,1,0.0,accept,['Single account — no shared-infrastructure cluster'],,
CLUSTER-1865,1,0.0,accept,['Single account — no shared-infrastructure cluster'],,
CLUSTER-1866,1,0.0,accept,['Single account — no shared-infrastructure cluster'],,
CLUSTER-1867,1,0.0,accept,['Single account — no shared-infrastructure cluster'],,
CLUSTER-1868,1,0.0,accept,['Single account — no shared-infrastructure cluster'],,
CLUSTER-1869,1,0.0,accept,['Single account — no shared-infrastructure cluster'],,
CLUSTER-1870,1,0.0,accept,['Single account — no shared-infrastructure cluster'],,
CLUSTER-1871,1,0.0,accept,['Single account — no shared-infrastructure cluster'],,
CLUSTER-1872,1,0.0,accept,['Single account — no shared-infrastructure cluster'],,
CLUSTER-1873,1,0.0,accept,['Single account — no shared-infrastructure cluster'],,
CLUSTER-1874,1,0.0,accept,['Single account — no shared-infrastructure cluster'],,
CLUSTER-1875,1,0.0,accept,['Single account — no shared-infrastructure cluster'],,
CLUSTER-1876,1,0.0,accept,['Single account — no shared-infrastructure cluster'],,
CLUSTER-1877,1,0.0,accept,['Single account — no shared-infrastructure cluster'],,
CLUSTER-1878,1,0.0,accept,['Single account — no shared-infrastructure cluster'],,
CLUSTER-1879,1,0.0,accept,['Single account — no shared-infrastructure cluster'],,
CLUSTER-1880,1,0.0,accept,['Single account — no shared-infrastructure cluster'],,
CLUSTER-1881,1,0.0,accept,['Single account — no shared-infrastructure cluster'],,
CLUSTER-1882,1,0.0,accept,['Single account — no shared-infrastructure cluster'],,
CLUSTER-1883,1,0.0,accept,['Single account — no shared-infrastructure cluster'],,
CLUSTER-1884,1,0.0,accept,['Single account — no shared-infrastructure cluster'],,
CLUSTER-1885,1,0.0,accept,['Single account — no shared-infrastructure cluster'],,
CLUSTER-1886,1,0.0,accept,['Single account — no shared-infrastructure cluster'],,
CLUSTER-1887,1,0.0,accept,['Single account — no shared-infrastructure cluster'],,
CLUSTER-1888,1,0.0,accept,['Single account — no shared-infrastructure cluster'],,
CLUSTER-1889,1,0.0,accept,['Single account — no shared-infrastructure cluster'],,
CLUSTER-1890,1,0.0,accept,['Single account — no shared-infrastructure cluster'],,
CLUSTER-1891,1,0.0,accept,['Single account — no shared-infrastructure cluster'],,
CLUSTER-1892,1,0.0,accept,['Single account — no shared-infrastructure cluster'],,
CLUSTER-1893,1,0.0,accept,['Single account — no shared-infrastructure cluster'],,
CLUSTER-1894,1,0.0,accept,['Single account — no shared-infrastructure cluster'],,
CLUSTER-1895,1,0.0,accept,['Single account — no shared-infrastructure cluster'],,
CLUSTER-1896,1,0.0,accept,['Single account — no shared-infrastructure cluster'],,
CLUSTER-1897,1,0.0,accept,['Single account — no shared-infrastructure cluster'],,
CLUSTER-1898,1,0.0,accept,['Single account — no shared-infrastructure cluster'],,
CLUSTER-1899,1,0.0,accept,['Single account — no shared-infrastructure cluster'],,
CLUSTER-1900,1,0.0,accept,['Single account — no shared-infrastructure cluster'],,
CLUSTER-1901,1,0.0,accept,['Single account — no shared-infrastructure cluster'],,
CLUSTER-1902,1,0.0,accept,['Single account — no shared-infrastructure cluster'],,
CLUSTER-1903,1,0.0,accept,['Single account — no shared-infrastructure cluster'],,
CLUSTER-1904,1,0.0,accept,['Single account — no shared-infrastructure cluster'],,
CLUSTER-1905,1,0.0,accept,['Single account — no shared-infrastructure cluster'],,
CLUSTER-1906,1,0.0,accept,['Single account — no shared-infrastructure cluster'],,
CLUSTER-1907,1,0.0,accept,['Single account — no shared-infrastructure cluster'],,
CLUSTER-1908,1,0.0,accept,['Single account — no shared-infrastructure cluster'],,
CLUSTER-1909,1,0.0,accept,['Single account — no shared-infrastructure cluster'],,
CLUSTER-1910,1,0.0,accept,['Single account — no shared-infrastructure cluster'],,
CLUSTER-1911,1,0.0,accept,['Single account — no shared-infrastructure cluster'],,
CLUSTER-1912,1,0.0,accept,['Single account — no shared-infrastructure cluster'],,
CLUSTER-1913,1,0.0,accept,['Single account — no shared-infrastructure cluster'],,
CLUSTER-1914,1,0.0,accept,['Single account — no shared-infrastructure cluster'],,
CLUSTER-1915,1,0.0,accept,['Single account — no shared-infrastructure cluster'],,
CLUSTER-1916,1,0.0,accept,['Single account — no shared-infrastructure cluster'],,
CLUSTER-1917,1,0.0,accept,['Single account — no shared-infrastructure cluster'],,
CLUSTER-1918,1,0.0,accept,['Single account — no shared-infrastructure cluster'],,
CLUSTER-1919,1,0.0,accept,['Single account — no shared-infrastructure cluster'],,
CLUSTER-1920,1,0.0,accept,['Single account — no shared-infrastructure cluster'],,
CLUSTER-1921,1,0.0,accept,['Single account — no shared-infrastructure cluster'],,
CLUSTER-1922,1,0.0,accept,['Single account — no shared-infrastructure cluster'],,
CLUSTER-1923,1,0.0,accept,['Single account — no shared-infrastructure cluster'],,
CLUSTER-1924,1,0.0,accept,['Single account — no shared-infrastructure cluster'],,
CLUSTER-1925,1,0.0,accept,['Single account — no shared-infrastructure cluster'],,
CLUSTER-1926,1,0.0,accept,['Single account — no shared-infrastructure cluster'],,
CLUSTER-1927,1,0.0,accept,['Single account — no shared-infrastructure cluster'],,
CLUSTER-1928,1,0.0,accept,['Single account — no shared-infrastructure cluster'],,
CLUSTER-1929,1,0.0,accept,['Single account — no shared-infrastructure cluster'],,
CLUSTER-1930,1,0.0,accept,['Single account — no shared-infrastructure cluster'],,
CLUSTER-1931,1,0.0,accept,['Single account — no shared-infrastructure cluster'],,
CLUSTER-1932,3,0.0525,accept,"['Shared infrastructure detected but consistent with ordinary household/shop sharing, not a coordinated ring']",10.0,1.6666666666666667
CLUSTER-1933,1,0.0,accept,['Single account — no shared-infrastructure cluster'],,
CLUSTER-1934,1,0.0,accept,['Single account — no shared-infrastructure cluster'],,
CLUSTER-1935,1,0.0,accept,['Single account — no shared-infrastructure cluster'],,
CLUSTER-1936,1,0.0,accept,['Single account — no shared-infrastructure cluster'],,
CLUSTER-1937,1,0.0,accept,['Single account — no shared-infrastructure cluster'],,
CLUSTER-1938,1,0.0,accept,['Single account — no shared-infrastructure cluster'],,
CLUSTER-1939,1,0.0,accept,['Single account — no shared-infrastructure cluster'],,
CLUSTER-1940,1,0.0,accept,['Single account — no shared-infrastructure cluster'],,
CLUSTER-1941,1,0.0,accept,['Single account — no shared-infrastructure cluster'],,
CLUSTER-1942,1,0.0,accept,['Single account — no shared-infrastructure cluster'],,
CLUSTER-1943,1,0.0,accept,['Single account — no shared-infrastructure cluster'],,
CLUSTER-1944,1,0.0,accept,['Single account — no shared-infrastructure cluster'],,
CLUSTER-1945,1,0.0,accept,['Single account — no shared-infrastructure cluster'],,
CLUSTER-1946,1,0.0,accept,['Single account — no shared-infrastructure cluster'],,
CLUSTER-1947,1,0.0,accept,['Single account — no shared-infrastructure cluster'],,
CLUSTER-1948,1,0.0,accept,['Single account — no shared-infrastructure cluster'],,
CLUSTER-1949,1,0.0,accept,['Single account — no shared-infrastructure cluster'],,
CLUSTER-1950,1,0.0,accept,['Single account — no shared-infrastructure cluster'],,
CLUSTER-1951,1,0.0,accept,['Single account — no shared-infrastructure cluster'],,
CLUSTER-1952,1,0.0,accept,['Single account — no shared-infrastructure cluster'],,
CLUSTER-1953,1,0.0,accept,['Single account — no shared-infrastructure cluster'],,
CLUSTER-1954,1,0.0,accept,['Single account — no shared-infrastructure cluster'],,
CLUSTER-1955,1,0.0,accept,['Single account — no shared-infrastructure cluster'],,
CLUSTER-1956,1,0.0,accept,['Single account — no shared-infrastructure cluster'],,
CLUSTER-1957,1,0.0,accept,['Single account — no shared-infrastructure cluster'],,
CLUSTER-1958,1,0.0,accept,['Single account — no shared-infrastructure cluster'],,
CLUSTER-1959,1,0.0,accept,['Single account — no shared-infrastructure cluster'],,
CLUSTER-1960,1,0.0,accept,['Single account — no shared-infrastructure cluster'],,
CLUSTER-1961,1,0.0,accept,['Single account — no shared-infrastructure cluster'],,
CLUSTER-1962,1,0.0,accept,['Single account — no shared-infrastructure cluster'],,
CLUSTER-1963,1,0.0,accept,['Single account — no shared-infrastructure cluster'],,
CLUSTER-1964,1,0.0,accept,['Single account — no shared-infrastructure cluster'],,
CLUSTER-1965,1,0.0,accept,['Single account — no shared-infrastructure cluster'],,
CLUSTER-1966,1,0.0,accept,['Single account — no shared-infrastructure cluster'],,
CLUSTER-1967,1,0.0,accept,['Single account — no shared-infrastructure cluster'],,
CLUSTER-1968,1,0.0,accept,['Single account — no shared-infrastructure cluster'],,
CLUSTER-1969,1,0.0,accept,['Single account — no shared-infrastructure cluster'],,
CLUSTER-1970,4,0.09,accept,"['Shared infrastructure detected but consistent with ordinary household/shop sharing, not a coordinated ring']",3.0,1.5
CLUSTER-1971,1,0.0,accept,['Single account — no shared-infrastructure cluster'],,
CLUSTER-1972,1,0.0,accept,['Single account — no shared-infrastructure cluster'],,
CLUSTER-1973,1,0.0,accept,['Single account — no shared-infrastructure cluster'],,
CLUSTER-1974,1,0.0,accept,['Single account — no shared-infrastructure cluster'],,
CLUSTER-1975,1,0.0,accept,['Single account — no shared-infrastructure cluster'],,
CLUSTER-1976,1,0.0,accept,['Single account — no shared-infrastructure cluster'],,
CLUSTER-1977,1,0.0,accept,['Single account — no shared-infrastructure cluster'],,
CLUSTER-1978,1,0.0,accept,['Single account — no shared-infrastructure cluster'],,
CLUSTER-1979,1,0.0,accept,['Single account — no shared-infrastructure cluster'],,
CLUSTER-1980,1,0.0,accept,['Single account — no shared-infrastructure cluster'],,
CLUSTER-1981,1,0.0,accept,['Single account — no shared-infrastructure cluster'],,
CLUSTER-1982,1,0.0,accept,['Single account — no shared-infrastructure cluster'],,
CLUSTER-1983,1,0.0,accept,['Single account — no shared-infrastructure cluster'],,
CLUSTER-1984,1,0.0,accept,['Single account — no shared-infrastructure cluster'],,
CLUSTER-1985,1,0.0,accept,['Single account — no shared-infrastructure cluster'],,
CLUSTER-1986,1,0.0,accept,['Single account — no shared-infrastructure cluster'],,
CLUSTER-1987,1,0.0,accept,['Single account — no shared-infrastructure cluster'],,
CLUSTER-1988,1,0.0,accept,['Single account — no shared-infrastructure cluster'],,
CLUSTER-1989,1,0.0,accept,['Single account — no shared-infrastructure cluster'],,
CLUSTER-1990,1,0.0,accept,['Single account — no shared-infrastructure cluster'],,
CLUSTER-1991,1,0.0,accept,['Single account — no shared-infrastructure cluster'],,
CLUSTER-1992,1,0.0,accept,['Single account — no shared-infrastructure cluster'],,
CLUSTER-1993,1,0.0,accept,['Single account — no shared-infrastructure cluster'],,
CLUSTER-1994,1,0.0,accept,['Single account — no shared-infrastructure cluster'],,
CLUSTER-1995,1,0.0,accept,['Single account — no shared-infrastructure cluster'],,
CLUSTER-1996,1,0.0,accept,['Single account — no shared-infrastructure cluster'],,
CLUSTER-1997,1,0.0,accept,['Single account — no shared-infrastructure cluster'],,
CLUSTER-1998,1,0.0,accept,['Single account — no shared-infrastructure cluster'],,
CLUSTER-1999,1,0.0,accept,['Single account — no shared-infrastructure cluster'],,
CLUSTER-2000,1,0.0,accept,['Single account — no shared-infrastructure cluster'],,
CLUSTER-2001,1,0.0,accept,['Single account — no shared-infrastructure cluster'],,
CLUSTER-2002,1,0.0,accept,['Single account — no shared-infrastructure cluster'],,
CLUSTER-2003,1,0.0,accept,['Single account — no shared-infrastructure cluster'],,
CLUSTER-2004,1,0.0,accept,['Single account — no shared-infrastructure cluster'],,
CLUSTER-2005,1,0.0,accept,['Single account — no shared-infrastructure cluster'],,
CLUSTER-2006,1,0.0,accept,['Single account — no shared-infrastructure cluster'],,
CLUSTER-2007,1,0.0,accept,['Single account — no shared-infrastructure cluster'],,
CLUSTER-2008,1,0.0,accept,['Single account — no shared-infrastructure cluster'],,
CLUSTER-2009,1,0.0,accept,['Single account — no shared-infrastructure cluster'],,
CLUSTER-2010,1,0.0,accept,['Single account — no shared-infrastructure cluster'],,
CLUSTER-2011,1,0.0,accept,['Single account — no shared-infrastructure cluster'],,
CLUSTER-2012,1,0.0,accept,['Single account — no shared-infrastructure cluster'],,
CLUSTER-2013,1,0.0,accept,['Single account — no shared-infrastructure cluster'],,
CLUSTER-2014,1,0.0,accept,['Single account — no shared-infrastructure cluster'],,
CLUSTER-2015,1,0.0,accept,['Single account — no shared-infrastructure cluster'],,
CLUSTER-2016,1,0.0,accept,['Single account — no shared-infrastructure cluster'],,
CLUSTER-2017,1,0.0,accept,['Single account — no shared-infrastructure cluster'],,
CLUSTER-2018,1,0.0,accept,['Single account — no shared-infrastructure cluster'],,
CLUSTER-2019,1,0.0,accept,['Single account — no shared-infrastructure cluster'],,
CLUSTER-2020,1,0.0,accept,['Single account — no shared-infrastructure cluster'],,
CLUSTER-2021,1,0.0,accept,['Single account — no shared-infrastructure cluster'],,
CLUSTER-2022,1,0.0,accept,['Single account — no shared-infrastructure cluster'],,
CLUSTER-2023,1,0.0,accept,['Single account — no shared-infrastructure cluster'],,
CLUSTER-2024,1,0.0,accept,['Single account — no shared-infrastructure cluster'],,
CLUSTER-2025,1,0.0,accept,['Single account — no shared-infrastructure cluster'],,
CLUSTER-2026,1,0.0,accept,['Single account — no shared-infrastructure cluster'],,
CLUSTER-2027,1,0.0,accept,['Single account — no shared-infrastructure cluster'],,
CLUSTER-2028,1,0.0,accept,['Single account — no shared-infrastructure cluster'],,
CLUSTER-2029,1,0.0,accept,['Single account — no shared-infrastructure cluster'],,
CLUSTER-2030,1,0.0,accept,['Single account — no shared-infrastructure cluster'],,
CLUSTER-2031,1,0.0,accept,['Single account — no shared-infrastructure cluster'],,
CLUSTER-2032,1,0.0,accept,['Single account — no shared-infrastructure cluster'],,
CLUSTER-2033,1,0.0,accept,['Single account — no shared-infrastructure cluster'],,
CLUSTER-2034,1,0.0,accept,['Single account — no shared-infrastructure cluster'],,
CLUSTER-2035,1,0.0,accept,['Single account — no shared-infrastructure cluster'],,
CLUSTER-2036,1,0.0,accept,['Single account — no shared-infrastructure cluster'],,
CLUSTER-2037,1,0.0,accept,['Single account — no shared-infrastructure cluster'],,
CLUSTER-2038,1,0.0,accept,['Single account — no shared-infrastructure cluster'],,
CLUSTER-2039,1,0.0,accept,['Single account — no shared-infrastructure cluster'],,
CLUSTER-2040,1,0.0,accept,['Single account — no shared-infrastructure cluster'],,
CLUSTER-2041,1,0.0,accept,['Single account — no shared-infrastructure cluster'],,
CLUSTER-2042,1,0.0,accept,['Single account — no shared-infrastructure cluster'],,
CLUSTER-2043,1,0.0,accept,['Single account — no shared-infrastructure cluster'],,
CLUSTER-2044,1,0.0,accept,['Single account — no shared-infrastructure cluster'],,
CLUSTER-2045,1,0.0,accept,['Single account — no shared-infrastructure cluster'],,
CLUSTER-2046,1,0.0,accept,['Single account — no shared-infrastructure cluster'],,
CLUSTER-2047,1,0.0,accept,['Single account — no shared-infrastructure cluster'],,
CLUSTER-2048,1,0.0,accept,['Single account — no shared-infrastructure cluster'],,
CLUSTER-2049,1,0.0,accept,['Single account — no shared-infrastructure cluster'],,
CLUSTER-2050,1,0.0,accept,['Single account — no shared-infrastructure cluster'],,
CLUSTER-2051,4,0.49,accept,['All accounts opened within 0 day(s) of each other — signup burst'],0.0,3.25
CLUSTER-2052,1,0.0,accept,['Single account — no shared-infrastructure cluster'],,
CLUSTER-2053,1,0.0,accept,['Single account — no shared-infrastructure cluster'],,
CLUSTER-2054,1,0.0,accept,['Single account — no shared-infrastructure cluster'],,
CLUSTER-2055,1,0.0,accept,['Single account — no shared-infrastructure cluster'],,
CLUSTER-2056,1,0.0,accept,['Single account — no shared-infrastructure cluster'],,
CLUSTER-2057,1,0.0,accept,['Single account — no shared-infrastructure cluster'],,
CLUSTER-2058,1,0.0,accept,['Single account — no shared-infrastructure cluster'],,
CLUSTER-2059,1,0.0,accept,['Single account — no shared-infrastructure cluster'],,
CLUSTER-2060,1,0.0,accept,['Single account — no shared-infrastructure cluster'],,
CLUSTER-2061,1,0.0,accept,['Single account — no shared-infrastructure cluster'],,
CLUSTER-2062,1,0.0,accept,['Single account — no shared-infrastructure cluster'],,
CLUSTER-2063,1,0.0,accept,['Single account — no shared-infrastructure cluster'],,
CLUSTER-2064,1,0.0,accept,['Single account — no shared-infrastructure cluster'],,
CLUSTER-2065,1,0.0,accept,['Single account — no shared-infrastructure cluster'],,
CLUSTER-2066,1,0.0,accept,['Single account — no shared-infrastructure cluster'],,
CLUSTER-2067,1,0.0,accept,['Single account — no shared-infrastructure cluster'],,
CLUSTER-2068,1,0.0,accept,['Single account — no shared-infrastructure cluster'],,
CLUSTER-2069,1,0.0,accept,['Single account — no shared-infrastructure cluster'],,
CLUSTER-2070,1,0.0,accept,['Single account — no shared-infrastructure cluster'],,
CLUSTER-2071,1,0.0,accept,['Single account — no shared-infrastructure cluster'],,
CLUSTER-2072,1,0.0,accept,['Single account — no shared-infrastructure cluster'],,
CLUSTER-2073,1,0.0,accept,['Single account — no shared-infrastructure cluster'],,
CLUSTER-2074,1,0.0,accept,['Single account — no shared-infrastructure cluster'],,
CLUSTER-2075,1,0.0,accept,['Single account — no shared-infrastructure cluster'],,
CLUSTER-2076,1,0.0,accept,['Single account — no shared-infrastructure cluster'],,
CLUSTER-2077,1,0.0,accept,['Single account — no shared-infrastructure cluster'],,
CLUSTER-2078,1,0.0,accept,['Single account — no shared-infrastructure cluster'],,
CLUSTER-2079,1,0.0,accept,['Single account — no shared-infrastructure cluster'],,
CLUSTER-2080,1,0.0,accept,['Single account — no shared-infrastructure cluster'],,
CLUSTER-2081,1,0.0,accept,['Single account — no shared-infrastructure cluster'],,
CLUSTER-2082,1,0.0,accept,['Single account — no shared-infrastructure cluster'],,
CLUSTER-2083,1,0.0,accept,['Single account — no shared-infrastructure cluster'],,
CLUSTER-2084,1,0.0,accept,['Single account — no shared-infrastructure cluster'],,
CLUSTER-2085,1,0.0,accept,['Single account — no shared-infrastructure cluster'],,
CLUSTER-2086,1,0.0,accept,['Single account — no shared-infrastructure cluster'],,
CLUSTER-2087,1,0.0,accept,['Single account — no shared-infrastructure cluster'],,
CLUSTER-2088,1,0.0,accept,['Single account — no shared-infrastructure cluster'],,
CLUSTER-2089,1,0.0,accept,['Single account — no shared-infrastructure cluster'],,
CLUSTER-2090,1,0.0,accept,['Single account — no shared-infrastructure cluster'],,
CLUSTER-2091,1,0.0,accept,['Single account — no shared-infrastructure cluster'],,
CLUSTER-2092,3,0.0525,accept,"['Shared infrastructure detected but consistent with ordinary household/shop sharing, not a coordinated ring']",18.0,2.3333333333333335
CLUSTER-2093,1,0.0,accept,['Single account — no shared-infrastructure cluster'],,
CLUSTER-2094,1,0.0,accept,['Single account — no shared-infrastructure cluster'],,
CLUSTER-2095,1,0.0,accept,['Single account — no shared-infrastructure cluster'],,
CLUSTER-2096,1,0.0,accept,['Single account — no shared-infrastructure cluster'],,
CLUSTER-2097,1,0.0,accept,['Single account — no shared-infrastructure cluster'],,
CLUSTER-2098,1,0.0,accept,['Single account — no shared-infrastructure cluster'],,
CLUSTER-2099,1,0.0,accept,['Single account — no shared-infrastructure cluster'],,
CLUSTER-2100,1,0.0,accept,['Single account — no shared-infrastructure cluster'],,
CLUSTER-2101,1,0.0,accept,['Single account — no shared-infrastructure cluster'],,
CLUSTER-2102,1,0.0,accept,['Single account — no shared-infrastructure cluster'],,
CLUSTER-2103,1,0.0,accept,['Single account — no shared-infrastructure cluster'],,
CLUSTER-2104,1,0.0,accept,['Single account — no shared-infrastructure cluster'],,
CLUSTER-2105,1,0.0,accept,['Single account — no shared-infrastructure cluster'],,
CLUSTER-2106,1,0.0,accept,['Single account — no shared-infrastructure cluster'],,
CLUSTER-2107,1,0.0,accept,['Single account — no shared-infrastructure cluster'],,
CLUSTER-2108,1,0.0,accept,['Single account — no shared-infrastructure cluster'],,
CLUSTER-2109,1,0.0,accept,['Single account — no shared-infrastructure cluster'],,
CLUSTER-2110,1,0.0,accept,['Single account — no shared-infrastructure cluster'],,
CLUSTER-2111,1,0.0,accept,['Single account — no shared-infrastructure cluster'],,
CLUSTER-2112,1,0.0,accept,['Single account — no shared-infrastructure cluster'],,
CLUSTER-2113,1,0.0,accept,['Single account — no shared-infrastructure cluster'],,
CLUSTER-2114,1,0.0,accept,['Single account — no shared-infrastructure cluster'],,
CLUSTER-2115,1,0.0,accept,['Single account — no shared-infrastructure cluster'],,
CLUSTER-2116,1,0.0,accept,['Single account — no shared-infrastructure cluster'],,
CLUSTER-2117,1,0.0,accept,['Single account — no shared-infrastructure cluster'],,
CLUSTER-2118,1,0.0,accept,['Single account — no shared-infrastructure cluster'],,
CLUSTER-2119,1,0.0,accept,['Single account — no shared-infrastructure cluster'],,
CLUSTER-2120,1,0.0,accept,['Single account — no shared-infrastructure cluster'],,
CLUSTER-2121,1,0.0,accept,['Single account — no shared-infrastructure cluster'],,
CLUSTER-2122,1,0.0,accept,['Single account — no shared-infrastructure cluster'],,
CLUSTER-2123,1,0.0,accept,['Single account — no shared-infrastructure cluster'],,
CLUSTER-2124,1,0.0,accept,['Single account — no shared-infrastructure cluster'],,
CLUSTER-2125,1,0.0,accept,['Single account — no shared-infrastructure cluster'],,
CLUSTER-2126,1,0.0,accept,['Single account — no shared-infrastructure cluster'],,
CLUSTER-2127,1,0.0,accept,['Single account — no shared-infrastructure cluster'],,
CLUSTER-2128,1,0.0,accept,['Single account — no shared-infrastructure cluster'],,
CLUSTER-2129,1,0.0,accept,['Single account — no shared-infrastructure cluster'],,
CLUSTER-2130,1,0.0,accept,['Single account — no shared-infrastructure cluster'],,
CLUSTER-2131,1,0.0,accept,['Single account — no shared-infrastructure cluster'],,
CLUSTER-2132,1,0.0,accept,['Single account — no shared-infrastructure cluster'],,
CLUSTER-2133,1,0.0,accept,['Single account — no shared-infrastructure cluster'],,
CLUSTER-2134,1,0.0,accept,['Single account — no shared-infrastructure cluster'],,
CLUSTER-2135,1,0.0,accept,['Single account — no shared-infrastructure cluster'],,
CLUSTER-2136,3,0.0525,accept,"['Shared infrastructure detected but consistent with ordinary household/shop sharing, not a coordinated ring']",11.0,2.0
CLUSTER-2137,1,0.0,accept,['Single account — no shared-infrastructure cluster'],,
CLUSTER-2138,1,0.0,accept,['Single account — no shared-infrastructure cluster'],,
CLUSTER-2139,1,0.0,accept,['Single account — no shared-infrastructure cluster'],,
CLUSTER-2140,1,0.0,accept,['Single account — no shared-infrastructure cluster'],,
CLUSTER-2141,1,0.0,accept,['Single account — no shared-infrastructure cluster'],,
CLUSTER-2142,1,0.0,accept,['Single account — no shared-infrastructure cluster'],,
CLUSTER-2143,1,0.0,accept,['Single account — no shared-infrastructure cluster'],,
CLUSTER-2144,1,0.0,accept,['Single account — no shared-infrastructure cluster'],,
CLUSTER-2145,1,0.0,accept,['Single account — no shared-infrastructure cluster'],,
CLUSTER-2146,1,0.0,accept,['Single account — no shared-infrastructure cluster'],,
CLUSTER-2147,1,0.0,accept,['Single account — no shared-infrastructure cluster'],,
CLUSTER-2148,1,0.0,accept,['Single account — no shared-infrastructure cluster'],,
CLUSTER-2149,1,0.0,accept,['Single account — no shared-infrastructure cluster'],,
CLUSTER-2150,1,0.0,accept,['Single account — no shared-infrastructure cluster'],,
CLUSTER-2151,1,0.0,accept,['Single account — no shared-infrastructure cluster'],,
CLUSTER-2152,1,0.0,accept,['Single account — no shared-infrastructure cluster'],,
CLUSTER-2153,1,0.0,accept,['Single account — no shared-infrastructure cluster'],,
CLUSTER-2154,1,0.0,accept,['Single account — no shared-infrastructure cluster'],,
CLUSTER-2155,1,0.0,accept,['Single account — no shared-infrastructure cluster'],,
CLUSTER-2156,1,0.0,accept,['Single account — no shared-infrastructure cluster'],,
CLUSTER-2157,1,0.0,accept,['Single account — no shared-infrastructure cluster'],,
CLUSTER-2158,1,0.0,accept,['Single account — no shared-infrastructure cluster'],,
CLUSTER-2159,1,0.0,accept,['Single account — no shared-infrastructure cluster'],,
CLUSTER-2160,1,0.0,accept,['Single account — no shared-infrastructure cluster'],,
CLUSTER-2161,1,0.0,accept,['Single account — no shared-infrastructure cluster'],,
CLUSTER-2162,1,0.0,accept,['Single account — no shared-infrastructure cluster'],,
CLUSTER-2163,1,0.0,accept,['Single account — no shared-infrastructure cluster'],,
CLUSTER-2164,1,0.0,accept,['Single account — no shared-infrastructure cluster'],,
CLUSTER-2165,1,0.0,accept,['Single account — no shared-infrastructure cluster'],,
CLUSTER-2166,1,0.0,accept,['Single account — no shared-infrastructure cluster'],,
CLUSTER-2167,1,0.0,accept,['Single account — no shared-infrastructure cluster'],,
CLUSTER-2168,1,0.0,accept,['Single account — no shared-infrastructure cluster'],,
CLUSTER-2169,1,0.0,accept,['Single account — no shared-infrastructure cluster'],,
CLUSTER-2170,1,0.0,accept,['Single account — no shared-infrastructure cluster'],,
CLUSTER-2171,1,0.0,accept,['Single account — no shared-infrastructure cluster'],,
CLUSTER-2172,1,0.0,accept,['Single account — no shared-infrastructure cluster'],,
CLUSTER-2173,1,0.0,accept,['Single account — no shared-infrastructure cluster'],,
CLUSTER-2174,1,0.0,accept,['Single account — no shared-infrastructure cluster'],,
CLUSTER-2175,1,0.0,accept,['Single account — no shared-infrastructure cluster'],,
CLUSTER-2176,1,0.0,accept,['Single account — no shared-infrastructure cluster'],,
CLUSTER-2177,1,0.0,accept,['Single account — no shared-infrastructure cluster'],,
CLUSTER-2178,1,0.0,accept,['Single account — no shared-infrastructure cluster'],,
CLUSTER-2179,1,0.0,accept,['Single account — no shared-infrastructure cluster'],,
CLUSTER-2180,1,0.0,accept,['Single account — no shared-infrastructure cluster'],,
CLUSTER-2181,1,0.0,accept,['Single account — no shared-infrastructure cluster'],,
CLUSTER-2182,1,0.0,accept,['Single account — no shared-infrastructure cluster'],,
CLUSTER-2183,1,0.0,accept,['Single account — no shared-infrastructure cluster'],,
CLUSTER-2184,1,0.0,accept,['Single account — no shared-infrastructure cluster'],,
CLUSTER-2185,1,0.0,accept,['Single account — no shared-infrastructure cluster'],,
CLUSTER-2186,1,0.0,accept,['Single account — no shared-infrastructure cluster'],,
CLUSTER-2187,1,0.0,accept,['Single account — no shared-infrastructure cluster'],,
CLUSTER-2188,1,0.0,accept,['Single account — no shared-infrastructure cluster'],,
CLUSTER-2189,1,0.0,accept,['Single account — no shared-infrastructure cluster'],,
CLUSTER-2190,1,0.0,accept,['Single account — no shared-infrastructure cluster'],,
CLUSTER-2191,1,0.0,accept,['Single account — no shared-infrastructure cluster'],,
CLUSTER-2192,1,0.0,accept,['Single account — no shared-infrastructure cluster'],,
CLUSTER-2193,1,0.0,accept,['Single account — no shared-infrastructure cluster'],,
CLUSTER-2194,1,0.0,accept,['Single account — no shared-infrastructure cluster'],,
CLUSTER-2195,1,0.0,accept,['Single account — no shared-infrastructure cluster'],,
CLUSTER-2196,1,0.0,accept,['Single account — no shared-infrastructure cluster'],,
CLUSTER-2197,1,0.0,accept,['Single account — no shared-infrastructure cluster'],,
CLUSTER-2198,1,0.0,accept,['Single account — no shared-infrastructure cluster'],,
CLUSTER-2199,1,0.0,accept,['Single account — no shared-infrastructure cluster'],,
CLUSTER-2200,1,0.0,accept,['Single account — no shared-infrastructure cluster'],,
CLUSTER-2201,1,0.0,accept,['Single account — no shared-infrastructure cluster'],,
CLUSTER-2202,1,0.0,accept,['Single account — no shared-infrastructure cluster'],,
CLUSTER-2203,1,0.0,accept,['Single account — no shared-infrastructure cluster'],,
CLUSTER-2204,1,0.0,accept,['Single account — no shared-infrastructure cluster'],,
CLUSTER-2205,1,0.0,accept,['Single account — no shared-infrastructure cluster'],,
CLUSTER-2206,1,0.0,accept,['Single account — no shared-infrastructure cluster'],,
CLUSTER-2207,1,0.0,accept,['Single account — no shared-infrastructure cluster'],,
CLUSTER-2208,1,0.0,accept,['Single account — no shared-infrastructure cluster'],,
CLUSTER-2209,1,0.0,accept,['Single account — no shared-infrastructure cluster'],,
CLUSTER-2210,1,0.0,accept,['Single account — no shared-infrastructure cluster'],,
CLUSTER-2211,1,0.0,accept,['Single account — no shared-infrastructure cluster'],,
CLUSTER-2212,1,0.0,accept,['Single account — no shared-infrastructure cluster'],,
CLUSTER-2213,1,0.0,accept,['Single account — no shared-infrastructure cluster'],,
CLUSTER-2214,1,0.0,accept,['Single account — no shared-infrastructure cluster'],,
CLUSTER-2215,1,0.0,accept,['Single account — no shared-infrastructure cluster'],,
CLUSTER-2216,1,0.0,accept,['Single account — no shared-infrastructure cluster'],,
CLUSTER-2217,1,0.0,accept,['Single account — no shared-infrastructure cluster'],,
CLUSTER-2218,1,0.0,accept,['Single account — no shared-infrastructure cluster'],,
CLUSTER-2219,1,0.0,accept,['Single account — no shared-infrastructure cluster'],,
CLUSTER-2220,1,0.0,accept,['Single account — no shared-infrastructure cluster'],,
CLUSTER-2221,1,0.0,accept,['Single account — no shared-infrastructure cluster'],,
CLUSTER-2222,1,0.0,accept,['Single account — no shared-infrastructure cluster'],,
CLUSTER-2223,1,0.0,accept,['Single account — no shared-infrastructure cluster'],,
CLUSTER-2224,1,0.0,accept,['Single account — no shared-infrastructure cluster'],,
CLUSTER-2225,1,0.0,accept,['Single account — no shared-infrastructure cluster'],,
CLUSTER-2226,1,0.0,accept,['Single account — no shared-infrastructure cluster'],,
CLUSTER-2227,1,0.0,accept,['Single account — no shared-infrastructure cluster'],,
CLUSTER-2228,1,0.0,accept,['Single account — no shared-infrastructure cluster'],,
CLUSTER-2229,1,0.0,accept,['Single account — no shared-infrastructure cluster'],,
CLUSTER-2230,1,0.0,accept,['Single account — no shared-infrastructure cluster'],,
CLUSTER-2231,1,0.0,accept,['Single account — no shared-infrastructure cluster'],,
CLUSTER-2232,1,0.0,accept,['Single account — no shared-infrastructure cluster'],,
CLUSTER-2233,1,0.0,accept,['Single account — no shared-infrastructure cluster'],,
CLUSTER-2234,1,0.0,accept,['Single account — no shared-infrastructure cluster'],,
CLUSTER-2235,1,0.0,accept,['Single account — no shared-infrastructure cluster'],,
CLUSTER-2236,1,0.0,accept,['Single account — no shared-infrastructure cluster'],,
CLUSTER-2237,1,0.0,accept,['Single account — no shared-infrastructure cluster'],,
CLUSTER-2238,1,0.0,accept,['Single account — no shared-infrastructure cluster'],,
CLUSTER-2239,1,0.0,accept,['Single account — no shared-infrastructure cluster'],,
CLUSTER-2240,1,0.0,accept,['Single account — no shared-infrastructure cluster'],,
CLUSTER-2241,1,0.0,accept,['Single account — no shared-infrastructure cluster'],,
CLUSTER-2242,1,0.0,accept,['Single account — no shared-infrastructure cluster'],,
CLUSTER-2243,1,0.0,accept,['Single account — no shared-infrastructure cluster'],,
CLUSTER-2244,1,0.0,accept,['Single account — no shared-infrastructure cluster'],,
CLUSTER-2245,1,0.0,accept,['Single account — no shared-infrastructure cluster'],,
CLUSTER-2246,1,0.0,accept,['Single account — no shared-infrastructure cluster'],,
CLUSTER-2247,1,0.0,accept,['Single account — no shared-infrastructure cluster'],,
CLUSTER-2248,1,0.0,accept,['Single account — no shared-infrastructure cluster'],,
CLUSTER-2249,1,0.0,accept,['Single account — no shared-infrastructure cluster'],,
CLUSTER-2250,1,0.0,accept,['Single account — no shared-infrastructure cluster'],,
CLUSTER-2251,1,0.0,accept,['Single account — no shared-infrastructure cluster'],,
CLUSTER-2252,1,0.0,accept,['Single account — no shared-infrastructure cluster'],,
CLUSTER-2253,1,0.0,accept,['Single account — no shared-infrastructure cluster'],,
CLUSTER-2254,1,0.0,accept,['Single account — no shared-infrastructure cluster'],,
CLUSTER-2255,1,0.0,accept,['Single account — no shared-infrastructure cluster'],,
CLUSTER-2256,1,0.0,accept,['Single account — no shared-infrastructure cluster'],,
CLUSTER-2257,1,0.0,accept,['Single account — no shared-infrastructure cluster'],,
CLUSTER-2258,1,0.0,accept,['Single account — no shared-infrastructure cluster'],,
CLUSTER-2259,1,0.0,accept,['Single account — no shared-infrastructure cluster'],,
CLUSTER-2260,1,0.0,accept,['Single account — no shared-infrastructure cluster'],,
CLUSTER-2261,1,0.0,accept,['Single account — no shared-infrastructure cluster'],,
CLUSTER-2262,1,0.0,accept,['Single account — no shared-infrastructure cluster'],,
CLUSTER-2263,1,0.0,accept,['Single account — no shared-infrastructure cluster'],,
CLUSTER-2264,1,0.0,accept,['Single account — no shared-infrastructure cluster'],,
CLUSTER-2265,1,0.0,accept,['Single account — no shared-infrastructure cluster'],,
CLUSTER-2266,1,0.0,accept,['Single account — no shared-infrastructure cluster'],,
CLUSTER-2267,1,0.0,accept,['Single account — no shared-infrastructure cluster'],,
CLUSTER-2268,1,0.0,accept,['Single account — no shared-infrastructure cluster'],,
CLUSTER-2269,1,0.0,accept,['Single account — no shared-infrastructure cluster'],,
CLUSTER-2270,1,0.0,accept,['Single account — no shared-infrastructure cluster'],,
CLUSTER-2271,1,0.0,accept,['Single account — no shared-infrastructure cluster'],,
CLUSTER-2272,1,0.0,accept,['Single account — no shared-infrastructure cluster'],,
CLUSTER-2273,1,0.0,accept,['Single account — no shared-infrastructure cluster'],,
CLUSTER-2274,1,0.0,accept,['Single account — no shared-infrastructure cluster'],,
CLUSTER-2275,1,0.0,accept,['Single account — no shared-infrastructure cluster'],,
CLUSTER-2276,1,0.0,accept,['Single account — no shared-infrastructure cluster'],,
CLUSTER-2277,1,0.0,accept,['Single account — no shared-infrastructure cluster'],,
CLUSTER-2278,1,0.0,accept,['Single account — no shared-infrastructure cluster'],,
CLUSTER-2279,1,0.0,accept,['Single account — no shared-infrastructure cluster'],,
CLUSTER-2280,1,0.0,accept,['Single account — no shared-infrastructure cluster'],,
CLUSTER-2281,1,0.0,accept,['Single account — no shared-infrastructure cluster'],,
CLUSTER-2282,1,0.0,accept,['Single account — no shared-infrastructure cluster'],,
CLUSTER-2283,1,0.0,accept,['Single account — no shared-infrastructure cluster'],,
CLUSTER-2284,1,0.0,accept,['Single account — no shared-infrastructure cluster'],,
CLUSTER-2285,1,0.0,accept,['Single account — no shared-infrastructure cluster'],,
CLUSTER-2286,1,0.0,accept,['Single account — no shared-infrastructure cluster'],,
CLUSTER-2287,1,0.0,accept,['Single account — no shared-infrastructure cluster'],,
CLUSTER-2288,1,0.0,accept,['Single account — no shared-infrastructure cluster'],,
CLUSTER-2289,1,0.0,accept,['Single account — no shared-infrastructure cluster'],,
CLUSTER-2290,1,0.0,accept,['Single account — no shared-infrastructure cluster'],,
CLUSTER-2291,1,0.0,accept,['Single account — no shared-infrastructure cluster'],,
CLUSTER-2292,1,0.0,accept,['Single account — no shared-infrastructure cluster'],,
CLUSTER-2293,1,0.0,accept,['Single account — no shared-infrastructure cluster'],,
CLUSTER-2294,1,0.0,accept,['Single account — no shared-infrastructure cluster'],,
CLUSTER-2295,1,0.0,accept,['Single account — no shared-infrastructure cluster'],,
CLUSTER-2296,1,0.0,accept,['Single account — no shared-infrastructure cluster'],,
CLUSTER-2297,1,0.0,accept,['Single account — no shared-infrastructure cluster'],,
CLUSTER-2298,1,0.0,accept,['Single account — no shared-infrastructure cluster'],,
CLUSTER-2299,1,0.0,accept,['Single account — no shared-infrastructure cluster'],,
CLUSTER-2300,1,0.0,accept,['Single account — no shared-infrastructure cluster'],,
CLUSTER-2301,1,0.0,accept,['Single account — no shared-infrastructure cluster'],,
CLUSTER-2302,1,0.0,accept,['Single account — no shared-infrastructure cluster'],,
CLUSTER-2303,1,0.0,accept,['Single account — no shared-infrastructure cluster'],,
CLUSTER-2304,1,0.0,accept,['Single account — no shared-infrastructure cluster'],,
CLUSTER-2305,1,0.0,accept,['Single account — no shared-infrastructure cluster'],,
CLUSTER-2306,1,0.0,accept,['Single account — no shared-infrastructure cluster'],,
CLUSTER-2307,1,0.0,accept,['Single account — no shared-infrastructure cluster'],,
CLUSTER-2308,1,0.0,accept,['Single account — no shared-infrastructure cluster'],,
CLUSTER-2309,1,0.0,accept,['Single account — no shared-infrastructure cluster'],,
CLUSTER-2310,1,0.0,accept,['Single account — no shared-infrastructure cluster'],,
CLUSTER-2311,1,0.0,accept,['Single account — no shared-infrastructure cluster'],,
CLUSTER-2312,1,0.0,accept,['Single account — no shared-infrastructure cluster'],,
CLUSTER-2313,1,0.0,accept,['Single account — no shared-infrastructure cluster'],,
CLUSTER-2314,1,0.0,accept,['Single account — no shared-infrastructure cluster'],,
CLUSTER-2315,1,0.0,accept,['Single account — no shared-infrastructure cluster'],,
CLUSTER-2316,1,0.0,accept,['Single account — no shared-infrastructure cluster'],,
CLUSTER-2317,1,0.0,accept,['Single account — no shared-infrastructure cluster'],,
CLUSTER-2318,1,0.0,accept,['Single account — no shared-infrastructure cluster'],,
CLUSTER-2319,1,0.0,accept,['Single account — no shared-infrastructure cluster'],,
CLUSTER-2320,1,0.0,accept,['Single account — no shared-infrastructure cluster'],,
CLUSTER-2321,1,0.0,accept,['Single account — no shared-infrastructure cluster'],,
CLUSTER-2322,1,0.0,accept,['Single account — no shared-infrastructure cluster'],,
CLUSTER-2323,1,0.0,accept,['Single account — no shared-infrastructure cluster'],,
CLUSTER-2324,1,0.0,accept,['Single account — no shared-infrastructure cluster'],,
CLUSTER-2325,1,0.0,accept,['Single account — no shared-infrastructure cluster'],,
CLUSTER-2326,1,0.0,accept,['Single account — no shared-infrastructure cluster'],,
CLUSTER-2327,1,0.0,accept,['Single account — no shared-infrastructure cluster'],,
CLUSTER-2328,1,0.0,accept,['Single account — no shared-infrastructure cluster'],,
CLUSTER-2329,1,0.0,accept,['Single account — no shared-infrastructure cluster'],,
CLUSTER-2330,1,0.0,accept,['Single account — no shared-infrastructure cluster'],,
CLUSTER-2331,1,0.0,accept,['Single account — no shared-infrastructure cluster'],,
CLUSTER-2332,1,0.0,accept,['Single account — no shared-infrastructure cluster'],,
CLUSTER-2333,1,0.0,accept,['Single account — no shared-infrastructure cluster'],,
CLUSTER-2334,1,0.0,accept,['Single account — no shared-infrastructure cluster'],,
CLUSTER-2335,1,0.0,accept,['Single account — no shared-infrastructure cluster'],,
CLUSTER-2336,1,0.0,accept,['Single account — no shared-infrastructure cluster'],,
CLUSTER-2337,1,0.0,accept,['Single account — no shared-infrastructure cluster'],,
CLUSTER-2338,1,0.0,accept,['Single account — no shared-infrastructure cluster'],,
CLUSTER-2339,1,0.0,accept,['Single account — no shared-infrastructure cluster'],,
CLUSTER-2340,1,0.0,accept,['Single account — no shared-infrastructure cluster'],,
CLUSTER-2341,1,0.0,accept,['Single account — no shared-infrastructure cluster'],,
CLUSTER-2342,1,0.0,accept,['Single account — no shared-infrastructure cluster'],,
CLUSTER-2343,1,0.0,accept,['Single account — no shared-infrastructure cluster'],,
CLUSTER-2344,1,0.0,accept,['Single account — no shared-infrastructure cluster'],,
CLUSTER-2345,1,0.0,accept,['Single account — no shared-infrastructure cluster'],,
CLUSTER-2346,1,0.0,accept,['Single account — no shared-infrastructure cluster'],,
CLUSTER-2347,1,0.0,accept,['Single account — no shared-infrastructure cluster'],,
CLUSTER-2348,1,0.0,accept,['Single account — no shared-infrastructure cluster'],,
CLUSTER-2349,1,0.0,accept,['Single account — no shared-infrastructure cluster'],,
CLUSTER-2350,1,0.0,accept,['Single account — no shared-infrastructure cluster'],,
CLUSTER-2351,1,0.0,accept,['Single account — no shared-infrastructure cluster'],,
CLUSTER-2352,1,0.0,accept,['Single account — no shared-infrastructure cluster'],,
CLUSTER-2353,1,0.0,accept,['Single account — no shared-infrastructure cluster'],,
CLUSTER-2354,1,0.0,accept,['Single account — no shared-infrastructure cluster'],,
CLUSTER-2355,1,0.0,accept,['Single account — no shared-infrastructure cluster'],,
CLUSTER-2356,1,0.0,accept,['Single account — no shared-infrastructure cluster'],,
CLUSTER-2357,1,0.0,accept,['Single account — no shared-infrastructure cluster'],,
CLUSTER-2358,1,0.0,accept,['Single account — no shared-infrastructure cluster'],,
CLUSTER-2359,1,0.0,accept,['Single account — no shared-infrastructure cluster'],,
CLUSTER-2360,1,0.0,accept,['Single account — no shared-infrastructure cluster'],,
CLUSTER-2361,1,0.0,accept,['Single account — no shared-infrastructure cluster'],,
CLUSTER-2362,1,0.0,accept,['Single account — no shared-infrastructure cluster'],,
CLUSTER-2363,1,0.0,accept,['Single account — no shared-infrastructure cluster'],,
CLUSTER-2364,1,0.0,accept,['Single account — no shared-infrastructure cluster'],,
CLUSTER-2365,1,0.0,accept,['Single account — no shared-infrastructure cluster'],,
CLUSTER-2366,1,0.0,accept,['Single account — no shared-infrastructure cluster'],,
CLUSTER-2367,1,0.0,accept,['Single account — no shared-infrastructure cluster'],,
CLUSTER-2368,1,0.0,accept,['Single account — no shared-infrastructure cluster'],,
CLUSTER-2369,1,0.0,accept,['Single account — no shared-infrastructure cluster'],,
CLUSTER-2370,1,0.0,accept,['Single account — no shared-infrastructure cluster'],,
CLUSTER-2371,1,0.0,accept,['Single account — no shared-infrastructure cluster'],,
CLUSTER-2372,1,0.0,accept,['Single account — no shared-infrastructure cluster'],,
CLUSTER-2373,1,0.0,accept,['Single account — no shared-infrastructure cluster'],,
CLUSTER-2374,1,0.0,accept,['Single account — no shared-infrastructure cluster'],,
CLUSTER-2375,1,0.0,accept,['Single account — no shared-infrastructure cluster'],,
CLUSTER-2376,1,0.0,accept,['Single account — no shared-infrastructure cluster'],,
CLUSTER-2377,1,0.0,accept,['Single account — no shared-infrastructure cluster'],,
CLUSTER-2378,1,0.0,accept,['Single account — no shared-infrastructure cluster'],,
CLUSTER-2379,1,0.0,accept,['Single account — no shared-infrastructure cluster'],,
CLUSTER-2380,1,0.0,accept,['Single account — no shared-infrastructure cluster'],,
CLUSTER-2381,1,0.0,accept,['Single account — no shared-infrastructure cluster'],,
CLUSTER-2382,1,0.0,accept,['Single account — no shared-infrastructure cluster'],,
CLUSTER-2383,1,0.0,accept,['Single account — no shared-infrastructure cluster'],,
CLUSTER-2384,1,0.0,accept,['Single account — no shared-infrastructure cluster'],,
CLUSTER-2385,1,0.0,accept,['Single account — no shared-infrastructure cluster'],,
CLUSTER-2386,1,0.0,accept,['Single account — no shared-infrastructure cluster'],,
CLUSTER-2387,1,0.0,accept,['Single account — no shared-infrastructure cluster'],,
CLUSTER-2388,1,0.0,accept,['Single account — no shared-infrastructure cluster'],,
CLUSTER-2389,1,0.0,accept,['Single account — no shared-infrastructure cluster'],,
CLUSTER-2390,1,0.0,accept,['Single account — no shared-infrastructure cluster'],,
CLUSTER-2391,1,0.0,accept,['Single account — no shared-infrastructure cluster'],,
CLUSTER-2392,1,0.0,accept,['Single account — no shared-infrastructure cluster'],,
CLUSTER-2393,1,0.0,accept,['Single account — no shared-infrastructure cluster'],,
CLUSTER-2394,1,0.0,accept,['Single account — no shared-infrastructure cluster'],,
CLUSTER-2395,1,0.0,accept,['Single account — no shared-infrastructure cluster'],,
CLUSTER-2396,1,0.0,accept,['Single account — no shared-infrastructure cluster'],,
CLUSTER-2397,1,0.0,accept,['Single account — no shared-infrastructure cluster'],,
CLUSTER-2398,1,0.0,accept,['Single account — no shared-infrastructure cluster'],,
CLUSTER-2399,1,0.0,accept,['Single account — no shared-infrastructure cluster'],,
CLUSTER-2400,1,0.0,accept,['Single account — no shared-infrastructure cluster'],,
CLUSTER-2401,1,0.0,accept,['Single account — no shared-infrastructure cluster'],,
CLUSTER-2402,1,0.0,accept,['Single account — no shared-infrastructure cluster'],,
CLUSTER-2403,1,0.0,accept,['Single account — no shared-infrastructure cluster'],,
CLUSTER-2404,1,0.0,accept,['Single account — no shared-infrastructure cluster'],,
CLUSTER-2405,1,0.0,accept,['Single account — no shared-infrastructure cluster'],,
CLUSTER-2406,1,0.0,accept,['Single account — no shared-infrastructure cluster'],,
CLUSTER-2407,1,0.0,accept,['Single account — no shared-infrastructure cluster'],,
CLUSTER-2408,1,0.0,accept,['Single account — no shared-infrastructure cluster'],,
CLUSTER-2409,1,0.0,accept,['Single account — no shared-infrastructure cluster'],,
CLUSTER-2410,1,0.0,accept,['Single account — no shared-infrastructure cluster'],,
CLUSTER-2411,1,0.0,accept,['Single account — no shared-infrastructure cluster'],,
CLUSTER-2412,1,0.0,accept,['Single account — no shared-infrastructure cluster'],,
CLUSTER-2413,1,0.0,accept,['Single account — no shared-infrastructure cluster'],,
CLUSTER-2414,1,0.0,accept,['Single account — no shared-infrastructure cluster'],,
CLUSTER-2415,1,0.0,accept,['Single account — no shared-infrastructure cluster'],,
CLUSTER-2416,1,0.0,accept,['Single account — no shared-infrastructure cluster'],,
CLUSTER-2417,1,0.0,accept,['Single account — no shared-infrastructure cluster'],,
CLUSTER-2418,1,0.0,accept,['Single account — no shared-infrastructure cluster'],,
CLUSTER-2419,1,0.0,accept,['Single account — no shared-infrastructure cluster'],,
CLUSTER-2420,1,0.0,accept,['Single account — no shared-infrastructure cluster'],,
CLUSTER-2421,1,0.0,accept,['Single account — no shared-infrastructure cluster'],,
CLUSTER-2422,1,0.0,accept,['Single account — no shared-infrastructure cluster'],,
CLUSTER-2423,1,0.0,accept,['Single account — no shared-infrastructure cluster'],,
CLUSTER-2424,1,0.0,accept,['Single account — no shared-infrastructure cluster'],,
CLUSTER-2425,1,0.0,accept,['Single account — no shared-infrastructure cluster'],,
CLUSTER-2426,1,0.0,accept,['Single account — no shared-infrastructure cluster'],,
CLUSTER-2427,1,0.0,accept,['Single account — no shared-infrastructure cluster'],,
CLUSTER-2428,1,0.0,accept,['Single account — no shared-infrastructure cluster'],,
CLUSTER-2429,1,0.0,accept,['Single account — no shared-infrastructure cluster'],,
CLUSTER-2430,1,0.0,accept,['Single account — no shared-infrastructure cluster'],,
CLUSTER-2431,1,0.0,accept,['Single account — no shared-infrastructure cluster'],,
CLUSTER-2432,1,0.0,accept,['Single account — no shared-infrastructure cluster'],,
CLUSTER-2433,1,0.0,accept,['Single account — no shared-infrastructure cluster'],,
CLUSTER-2434,1,0.0,accept,['Single account — no shared-infrastructure cluster'],,
CLUSTER-2435,1,0.0,accept,['Single account — no shared-infrastructure cluster'],,
CLUSTER-2436,1,0.0,accept,['Single account — no shared-infrastructure cluster'],,
CLUSTER-2437,1,0.0,accept,['Single account — no shared-infrastructure cluster'],,
CLUSTER-2438,1,0.0,accept,['Single account — no shared-infrastructure cluster'],,
CLUSTER-2439,1,0.0,accept,['Single account — no shared-infrastructure cluster'],,
CLUSTER-2440,1,0.0,accept,['Single account — no shared-infrastructure cluster'],,
CLUSTER-2441,1,0.0,accept,['Single account — no shared-infrastructure cluster'],,
CLUSTER-2442,1,0.0,accept,['Single account — no shared-infrastructure cluster'],,
CLUSTER-2443,1,0.0,accept,['Single account — no shared-infrastructure cluster'],,
CLUSTER-2444,1,0.0,accept,['Single account — no shared-infrastructure cluster'],,
CLUSTER-2445,1,0.0,accept,['Single account — no shared-infrastructure cluster'],,
CLUSTER-2446,1,0.0,accept,['Single account — no shared-infrastructure cluster'],,
CLUSTER-2447,1,0.0,accept,['Single account — no shared-infrastructure cluster'],,
CLUSTER-2448,1,0.0,accept,['Single account — no shared-infrastructure cluster'],,
CLUSTER-2449,1,0.0,accept,['Single account — no shared-infrastructure cluster'],,
CLUSTER-2450,1,0.0,accept,['Single account — no shared-infrastructure cluster'],,
CLUSTER-2451,1,0.0,accept,['Single account — no shared-infrastructure cluster'],,
CLUSTER-2452,1,0.0,accept,['Single account — no shared-infrastructure cluster'],,
CLUSTER-2453,1,0.0,accept,['Single account — no shared-infrastructure cluster'],,
CLUSTER-2454,1,0.0,accept,['Single account — no shared-infrastructure cluster'],,
CLUSTER-2455,1,0.0,accept,['Single account — no shared-infrastructure cluster'],,
CLUSTER-2456,1,0.0,accept,['Single account — no shared-infrastructure cluster'],,
CLUSTER-2457,1,0.0,accept,['Single account — no shared-infrastructure cluster'],,
CLUSTER-2458,1,0.0,accept,['Single account — no shared-infrastructure cluster'],,
CLUSTER-2459,1,0.0,accept,['Single account — no shared-infrastructure cluster'],,
CLUSTER-2460,1,0.0,accept,['Single account — no shared-infrastructure cluster'],,
CLUSTER-2461,1,0.0,accept,['Single account — no shared-infrastructure cluster'],,
CLUSTER-2462,1,0.0,accept,['Single account — no shared-infrastructure cluster'],,
CLUSTER-2463,1,0.0,accept,['Single account — no shared-infrastructure cluster'],,
CLUSTER-2464,1,0.0,accept,['Single account — no shared-infrastructure cluster'],,
CLUSTER-2465,1,0.0,accept,['Single account — no shared-infrastructure cluster'],,
CLUSTER-2466,1,0.0,accept,['Single account — no shared-infrastructure cluster'],,
CLUSTER-2467,1,0.0,accept,['Single account — no shared-infrastructure cluster'],,
CLUSTER-2468,1,0.0,accept,['Single account — no shared-infrastructure cluster'],,
CLUSTER-2469,1,0.0,accept,['Single account — no shared-infrastructure cluster'],,
CLUSTER-2470,1,0.0,accept,['Single account — no shared-infrastructure cluster'],,
CLUSTER-2471,1,0.0,accept,['Single account — no shared-infrastructure cluster'],,
CLUSTER-2472,1,0.0,accept,['Single account — no shared-infrastructure cluster'],,
CLUSTER-2473,1,0.0,accept,['Single account — no shared-infrastructure cluster'],,
CLUSTER-2474,1,0.0,accept,['Single account — no shared-infrastructure cluster'],,
CLUSTER-2475,1,0.0,accept,['Single account — no shared-infrastructure cluster'],,
CLUSTER-2476,1,0.0,accept,['Single account — no shared-infrastructure cluster'],,
CLUSTER-2477,1,0.0,accept,['Single account — no shared-infrastructure cluster'],,
CLUSTER-2478,1,0.0,accept,['Single account — no shared-infrastructure cluster'],,
CLUSTER-2479,1,0.0,accept,['Single account — no shared-infrastructure cluster'],,
CLUSTER-2480,1,0.0,accept,['Single account — no shared-infrastructure cluster'],,
CLUSTER-2481,1,0.0,accept,['Single account — no shared-infrastructure cluster'],,
CLUSTER-2482,1,0.0,accept,['Single account — no shared-infrastructure cluster'],,
CLUSTER-2483,1,0.0,accept,['Single account — no shared-infrastructure cluster'],,
CLUSTER-2484,1,0.0,accept,['Single account — no shared-infrastructure cluster'],,
CLUSTER-2485,1,0.0,accept,['Single account — no shared-infrastructure cluster'],,
CLUSTER-2486,1,0.0,accept,['Single account — no shared-infrastructure cluster'],,
CLUSTER-2487,1,0.0,accept,['Single account — no shared-infrastructure cluster'],,
CLUSTER-2488,1,0.0,accept,['Single account — no shared-infrastructure cluster'],,
CLUSTER-2489,1,0.0,accept,['Single account — no shared-infrastructure cluster'],,
CLUSTER-2490,1,0.0,accept,['Single account — no shared-infrastructure cluster'],,
CLUSTER-2491,1,0.0,accept,['Single account — no shared-infrastructure cluster'],,
CLUSTER-2492,1,0.0,accept,['Single account — no shared-infrastructure cluster'],,
CLUSTER-2493,1,0.0,accept,['Single account — no shared-infrastructure cluster'],,
CLUSTER-2494,1,0.0,accept,['Single account — no shared-infrastructure cluster'],,
CLUSTER-2495,1,0.0,accept,['Single account — no shared-infrastructure cluster'],,
CLUSTER-2496,1,0.0,accept,['Single account — no shared-infrastructure cluster'],,
CLUSTER-2497,1,0.0,accept,['Single account — no shared-infrastructure cluster'],,
CLUSTER-2498,1,0.0,accept,['Single account — no shared-infrastructure cluster'],,
CLUSTER-2499,1,0.0,accept,['Single account — no shared-infrastructure cluster'],,
CLUSTER-2500,1,0.0,accept,['Single account — no shared-infrastructure cluster'],,
CLUSTER-2501,1,0.0,accept,['Single account — no shared-infrastructure cluster'],,
CLUSTER-2502,1,0.0,accept,['Single account — no shared-infrastructure cluster'],,
CLUSTER-2503,1,0.0,accept,['Single account — no shared-infrastructure cluster'],,
CLUSTER-2504,1,0.0,accept,['Single account — no shared-infrastructure cluster'],,
CLUSTER-2505,1,0.0,accept,['Single account — no shared-infrastructure cluster'],,
CLUSTER-2506,1,0.0,accept,['Single account — no shared-infrastructure cluster'],,
CLUSTER-2507,1,0.0,accept,['Single account — no shared-infrastructure cluster'],,
CLUSTER-2508,1,0.0,accept,['Single account — no shared-infrastructure cluster'],,
CLUSTER-2509,1,0.0,accept,['Single account — no shared-infrastructure cluster'],,
CLUSTER-2510,1,0.0,accept,['Single account — no shared-infrastructure cluster'],,
CLUSTER-2511,1,0.0,accept,['Single account — no shared-infrastructure cluster'],,
CLUSTER-2512,1,0.0,accept,['Single account — no shared-infrastructure cluster'],,
CLUSTER-2513,1,0.0,accept,['Single account — no shared-infrastructure cluster'],,
CLUSTER-2514,1,0.0,accept,['Single account — no shared-infrastructure cluster'],,
CLUSTER-2515,1,0.0,accept,['Single account — no shared-infrastructure cluster'],,
CLUSTER-2516,1,0.0,accept,['Single account — no shared-infrastructure cluster'],,
CLUSTER-2517,1,0.0,accept,['Single account — no shared-infrastructure cluster'],,
CLUSTER-2518,1,0.0,accept,['Single account — no shared-infrastructure cluster'],,
CLUSTER-2519,1,0.0,accept,['Single account — no shared-infrastructure cluster'],,
CLUSTER-2520,1,0.0,accept,['Single account — no shared-infrastructure cluster'],,
CLUSTER-2521,1,0.0,accept,['Single account — no shared-infrastructure cluster'],,
CLUSTER-2522,1,0.0,accept,['Single account — no shared-infrastructure cluster'],,
CLUSTER-2523,1,0.0,accept,['Single account — no shared-infrastructure cluster'],,
CLUSTER-2524,1,0.0,accept,['Single account — no shared-infrastructure cluster'],,
CLUSTER-2525,1,0.0,accept,['Single account — no shared-infrastructure cluster'],,
CLUSTER-2526,1,0.0,accept,['Single account — no shared-infrastructure cluster'],,
CLUSTER-2527,1,0.0,accept,['Single account — no shared-infrastructure cluster'],,
CLUSTER-2528,1,0.0,accept,['Single account — no shared-infrastructure cluster'],,
CLUSTER-2529,1,0.0,accept,['Single account — no shared-infrastructure cluster'],,
CLUSTER-2530,1,0.0,accept,['Single account — no shared-infrastructure cluster'],,
CLUSTER-2531,1,0.0,accept,['Single account — no shared-infrastructure cluster'],,
CLUSTER-2532,1,0.0,accept,['Single account — no shared-infrastructure cluster'],,
CLUSTER-2533,1,0.0,accept,['Single account — no shared-infrastructure cluster'],,
CLUSTER-2534,1,0.0,accept,['Single account — no shared-infrastructure cluster'],,
CLUSTER-2535,1,0.0,accept,['Single account — no shared-infrastructure cluster'],,
CLUSTER-2536,1,0.0,accept,['Single account — no shared-infrastructure cluster'],,
CLUSTER-2537,1,0.0,accept,['Single account — no shared-infrastructure cluster'],,
CLUSTER-2538,1,0.0,accept,['Single account — no shared-infrastructure cluster'],,
CLUSTER-2539,1,0.0,accept,['Single account — no shared-infrastructure cluster'],,
CLUSTER-2540,1,0.0,accept,['Single account — no shared-infrastructure cluster'],,
CLUSTER-2541,1,0.0,accept,['Single account — no shared-infrastructure cluster'],,
CLUSTER-2542,1,0.0,accept,['Single account — no shared-infrastructure cluster'],,
CLUSTER-2543,1,0.0,accept,['Single account — no shared-infrastructure cluster'],,
CLUSTER-2544,1,0.0,accept,['Single account — no shared-infrastructure cluster'],,
CLUSTER-2545,1,0.0,accept,['Single account — no shared-infrastructure cluster'],,
CLUSTER-2546,1,0.0,accept,['Single account — no shared-infrastructure cluster'],,
CLUSTER-2547,1,0.0,accept,['Single account — no shared-infrastructure cluster'],,
CLUSTER-2548,1,0.0,accept,['Single account — no shared-infrastructure cluster'],,
CLUSTER-2549,1,0.0,accept,['Single account — no shared-infrastructure cluster'],,
CLUSTER-2550,1,0.0,accept,['Single account — no shared-infrastructure cluster'],,
CLUSTER-2551,1,0.0,accept,['Single account — no shared-infrastructure cluster'],,
CLUSTER-2552,1,0.0,accept,['Single account — no shared-infrastructure cluster'],,
CLUSTER-2553,1,0.0,accept,['Single account — no shared-infrastructure cluster'],,
CLUSTER-2554,1,0.0,accept,['Single account — no shared-infrastructure cluster'],,
CLUSTER-2555,1,0.0,accept,['Single account — no shared-infrastructure cluster'],,
CLUSTER-2556,1,0.0,accept,['Single account — no shared-infrastructure cluster'],,
CLUSTER-2557,1,0.0,accept,['Single account — no shared-infrastructure cluster'],,
CLUSTER-2558,1,0.0,accept,['Single account — no shared-infrastructure cluster'],,
CLUSTER-2559,1,0.0,accept,['Single account — no shared-infrastructure cluster'],,
CLUSTER-2560,1,0.0,accept,['Single account — no shared-infrastructure cluster'],,
CLUSTER-2561,1,0.0,accept,['Single account — no shared-infrastructure cluster'],,
CLUSTER-2562,1,0.0,accept,['Single account — no shared-infrastructure cluster'],,
CLUSTER-2563,1,0.0,accept,['Single account — no shared-infrastructure cluster'],,
CLUSTER-2564,1,0.0,accept,['Single account — no shared-infrastructure cluster'],,
CLUSTER-2565,1,0.0,accept,['Single account — no shared-infrastructure cluster'],,
CLUSTER-2566,1,0.0,accept,['Single account — no shared-infrastructure cluster'],,
CLUSTER-2567,1,0.0,accept,['Single account — no shared-infrastructure cluster'],,
CLUSTER-2568,1,0.0,accept,['Single account — no shared-infrastructure cluster'],,
CLUSTER-2569,1,0.0,accept,['Single account — no shared-infrastructure cluster'],,
CLUSTER-2570,1,0.0,accept,['Single account — no shared-infrastructure cluster'],,
CLUSTER-2571,1,0.0,accept,['Single account — no shared-infrastructure cluster'],,
CLUSTER-2572,1,0.0,accept,['Single account — no shared-infrastructure cluster'],,
CLUSTER-2573,1,0.0,accept,['Single account — no shared-infrastructure cluster'],,
CLUSTER-2574,1,0.0,accept,['Single account — no shared-infrastructure cluster'],,
CLUSTER-2575,1,0.0,accept,['Single account — no shared-infrastructure cluster'],,
CLUSTER-2576,1,0.0,accept,['Single account — no shared-infrastructure cluster'],,
CLUSTER-2577,1,0.0,accept,['Single account — no shared-infrastructure cluster'],,
CLUSTER-2578,1,0.0,accept,['Single account — no shared-infrastructure cluster'],,
CLUSTER-2579,1,0.0,accept,['Single account — no shared-infrastructure cluster'],,
CLUSTER-2580,1,0.0,accept,['Single account — no shared-infrastructure cluster'],,
CLUSTER-2581,1,0.0,accept,['Single account — no shared-infrastructure cluster'],,
CLUSTER-2582,1,0.0,accept,['Single account — no shared-infrastructure cluster'],,
CLUSTER-2583,1,0.0,accept,['Single account — no shared-infrastructure cluster'],,
CLUSTER-2584,1,0.0,accept,['Single account — no shared-infrastructure cluster'],,
CLUSTER-2585,1,0.0,accept,['Single account — no shared-infrastructure cluster'],,
CLUSTER-2586,1,0.0,accept,['Single account — no shared-infrastructure cluster'],,
CLUSTER-2587,1,0.0,accept,['Single account — no shared-infrastructure cluster'],,
CLUSTER-2588,1,0.0,accept,['Single account — no shared-infrastructure cluster'],,
CLUSTER-2589,1,0.0,accept,['Single account — no shared-infrastructure cluster'],,
CLUSTER-2590,1,0.0,accept,['Single account — no shared-infrastructure cluster'],,
CLUSTER-2591,1,0.0,accept,['Single account — no shared-infrastructure cluster'],,
CLUSTER-2592,1,0.0,accept,['Single account — no shared-infrastructure cluster'],,
CLUSTER-2593,1,0.0,accept,['Single account — no shared-infrastructure cluster'],,
CLUSTER-2594,1,0.0,accept,['Single account — no shared-infrastructure cluster'],,
CLUSTER-2595,1,0.0,accept,['Single account — no shared-infrastructure cluster'],,
CLUSTER-2596,1,0.0,accept,['Single account — no shared-infrastructure cluster'],,
CLUSTER-2597,1,0.0,accept,['Single account — no shared-infrastructure cluster'],,
CLUSTER-2598,1,0.0,accept,['Single account — no shared-infrastructure cluster'],,
CLUSTER-2599,1,0.0,accept,['Single account — no shared-infrastructure cluster'],,
CLUSTER-2600,1,0.0,accept,['Single account — no shared-infrastructure cluster'],,
CLUSTER-2601,1,0.0,accept,['Single account — no shared-infrastructure cluster'],,
CLUSTER-2602,1,0.0,accept,['Single account — no shared-infrastructure cluster'],,
CLUSTER-2603,1,0.0,accept,['Single account — no shared-infrastructure cluster'],,
CLUSTER-2604,1,0.0,accept,['Single account — no shared-infrastructure cluster'],,
CLUSTER-2605,1,0.0,accept,['Single account — no shared-infrastructure cluster'],,
CLUSTER-2606,1,0.0,accept,['Single account — no shared-infrastructure cluster'],,
CLUSTER-2607,1,0.0,accept,['Single account — no shared-infrastructure cluster'],,
CLUSTER-2608,1,0.0,accept,['Single account — no shared-infrastructure cluster'],,
CLUSTER-2609,1,0.0,accept,['Single account — no shared-infrastructure cluster'],,
CLUSTER-2610,1,0.0,accept,['Single account — no shared-infrastructure cluster'],,
CLUSTER-2611,1,0.0,accept,['Single account — no shared-infrastructure cluster'],,
CLUSTER-2612,1,0.0,accept,['Single account — no shared-infrastructure cluster'],,
CLUSTER-2613,1,0.0,accept,['Single account — no shared-infrastructure cluster'],,
CLUSTER-2614,1,0.0,accept,['Single account — no shared-infrastructure cluster'],,
CLUSTER-2615,1,0.0,accept,['Single account — no shared-infrastructure cluster'],,
CLUSTER-2616,1,0.0,accept,['Single account — no shared-infrastructure cluster'],,
CLUSTER-2617,1,0.0,accept,['Single account — no shared-infrastructure cluster'],,
CLUSTER-2618,1,0.0,accept,['Single account — no shared-infrastructure cluster'],,
CLUSTER-2619,1,0.0,accept,['Single account — no shared-infrastructure cluster'],,
CLUSTER-2620,1,0.0,accept,['Single account — no shared-infrastructure cluster'],,
CLUSTER-2621,1,0.0,accept,['Single account — no shared-infrastructure cluster'],,
CLUSTER-2622,1,0.0,accept,['Single account — no shared-infrastructure cluster'],,
CLUSTER-2623,1,0.0,accept,['Single account — no shared-infrastructure cluster'],,
CLUSTER-2624,1,0.0,accept,['Single account — no shared-infrastructure cluster'],,
CLUSTER-2625,1,0.0,accept,['Single account — no shared-infrastructure cluster'],,
CLUSTER-2626,1,0.0,accept,['Single account — no shared-infrastructure cluster'],,
CLUSTER-2627,1,0.0,accept,['Single account — no shared-infrastructure cluster'],,
CLUSTER-2628,1,0.0,accept,['Single account — no shared-infrastructure cluster'],,
CLUSTER-2629,1,0.0,accept,['Single account — no shared-infrastructure cluster'],,
CLUSTER-2630,1,0.0,accept,['Single account — no shared-infrastructure cluster'],,
CLUSTER-2631,1,0.0,accept,['Single account — no shared-infrastructure cluster'],,
CLUSTER-2632,1,0.0,accept,['Single account — no shared-infrastructure cluster'],,
CLUSTER-2633,1,0.0,accept,['Single account — no shared-infrastructure cluster'],,
CLUSTER-2634,1,0.0,accept,['Single account — no shared-infrastructure cluster'],,
CLUSTER-2635,1,0.0,accept,['Single account — no shared-infrastructure cluster'],,
CLUSTER-2636,1,0.0,accept,['Single account — no shared-infrastructure cluster'],,
CLUSTER-2637,1,0.0,accept,['Single account — no shared-infrastructure cluster'],,
CLUSTER-2638,1,0.0,accept,['Single account — no shared-infrastructure cluster'],,
CLUSTER-2639,1,0.0,accept,['Single account — no shared-infrastructure cluster'],,
CLUSTER-2640,1,0.0,accept,['Single account — no shared-infrastructure cluster'],,
CLUSTER-2641,1,0.0,accept,['Single account — no shared-infrastructure cluster'],,
CLUSTER-2642,1,0.0,accept,['Single account — no shared-infrastructure cluster'],,
CLUSTER-2643,1,0.0,accept,['Single account — no shared-infrastructure cluster'],,
CLUSTER-2644,1,0.0,accept,['Single account — no shared-infrastructure cluster'],,
CLUSTER-2645,1,0.0,accept,['Single account — no shared-infrastructure cluster'],,
CLUSTER-2646,1,0.0,accept,['Single account — no shared-infrastructure cluster'],,
CLUSTER-2647,1,0.0,accept,['Single account — no shared-infrastructure cluster'],,
CLUSTER-2648,1,0.0,accept,['Single account — no shared-infrastructure cluster'],,
CLUSTER-2649,1,0.0,accept,['Single account — no shared-infrastructure cluster'],,
CLUSTER-2650,1,0.0,accept,['Single account — no shared-infrastructure cluster'],,
CLUSTER-2651,1,0.0,accept,['Single account — no shared-infrastructure cluster'],,
CLUSTER-2652,1,0.0,accept,['Single account — no shared-infrastructure cluster'],,
CLUSTER-2653,1,0.0,accept,['Single account — no shared-infrastructure cluster'],,
CLUSTER-2654,1,0.0,accept,['Single account — no shared-infrastructure cluster'],,
CLUSTER-2655,1,0.0,accept,['Single account — no shared-infrastructure cluster'],,
CLUSTER-2656,1,0.0,accept,['Single account — no shared-infrastructure cluster'],,
CLUSTER-2657,1,0.0,accept,['Single account — no shared-infrastructure cluster'],,
CLUSTER-2658,1,0.0,accept,['Single account — no shared-infrastructure cluster'],,
CLUSTER-2659,1,0.0,accept,['Single account — no shared-infrastructure cluster'],,
CLUSTER-2660,1,0.0,accept,['Single account — no shared-infrastructure cluster'],,
CLUSTER-2661,1,0.0,accept,['Single account — no shared-infrastructure cluster'],,
CLUSTER-2662,1,0.0,accept,['Single account — no shared-infrastructure cluster'],,
CLUSTER-2663,1,0.0,accept,['Single account — no shared-infrastructure cluster'],,
CLUSTER-2664,1,0.0,accept,['Single account — no shared-infrastructure cluster'],,
CLUSTER-2665,1,0.0,accept,['Single account — no shared-infrastructure cluster'],,
CLUSTER-2666,1,0.0,accept,['Single account — no shared-infrastructure cluster'],,
CLUSTER-2667,1,0.0,accept,['Single account — no shared-infrastructure cluster'],,
CLUSTER-2668,1,0.0,accept,['Single account — no shared-infrastructure cluster'],,
CLUSTER-2669,1,0.0,accept,['Single account — no shared-infrastructure cluster'],,
CLUSTER-2670,1,0.0,accept,['Single account — no shared-infrastructure cluster'],,
CLUSTER-2671,1,0.0,accept,['Single account — no shared-infrastructure cluster'],,
CLUSTER-2672,1,0.0,accept,['Single account — no shared-infrastructure cluster'],,
CLUSTER-2673,1,0.0,accept,['Single account — no shared-infrastructure cluster'],,
CLUSTER-2674,1,0.0,accept,['Single account — no shared-infrastructure cluster'],,
CLUSTER-2675,1,0.0,accept,['Single account — no shared-infrastructure cluster'],,
CLUSTER-2676,1,0.0,accept,['Single account — no shared-infrastructure cluster'],,
CLUSTER-2677,1,0.0,accept,['Single account — no shared-infrastructure cluster'],,
CLUSTER-2678,1,0.0,accept,['Single account — no shared-infrastructure cluster'],,
CLUSTER-2679,1,0.0,accept,['Single account — no shared-infrastructure cluster'],,
CLUSTER-2680,1,0.0,accept,['Single account — no shared-infrastructure cluster'],,
CLUSTER-2681,1,0.0,accept,['Single account — no shared-infrastructure cluster'],,
CLUSTER-2682,1,0.0,accept,['Single account — no shared-infrastructure cluster'],,
CLUSTER-2683,1,0.0,accept,['Single account — no shared-infrastructure cluster'],,
CLUSTER-2684,1,0.0,accept,['Single account — no shared-infrastructure cluster'],,
CLUSTER-2685,1,0.0,accept,['Single account — no shared-infrastructure cluster'],,
CLUSTER-2686,1,0.0,accept,['Single account — no shared-infrastructure cluster'],,
CLUSTER-2687,1,0.0,accept,['Single account — no shared-infrastructure cluster'],,
CLUSTER-2688,1,0.0,accept,['Single account — no shared-infrastructure cluster'],,
CLUSTER-2689,1,0.0,accept,['Single account — no shared-infrastructure cluster'],,
CLUSTER-2690,1,0.0,accept,['Single account — no shared-infrastructure cluster'],,
CLUSTER-2691,1,0.0,accept,['Single account — no shared-infrastructure cluster'],,
CLUSTER-2692,1,0.0,accept,['Single account — no shared-infrastructure cluster'],,
CLUSTER-2693,1,0.0,accept,['Single account — no shared-infrastructure cluster'],,
CLUSTER-2694,1,0.0,accept,['Single account — no shared-infrastructure cluster'],,
CLUSTER-2695,1,0.0,accept,['Single account — no shared-infrastructure cluster'],,
CLUSTER-2696,1,0.0,accept,['Single account — no shared-infrastructure cluster'],,
CLUSTER-2697,1,0.0,accept,['Single account — no shared-infrastructure cluster'],,
CLUSTER-2698,1,0.0,accept,['Single account — no shared-infrastructure cluster'],,
CLUSTER-2699,1,0.0,accept,['Single account — no shared-infrastructure cluster'],,
CLUSTER-2700,1,0.0,accept,['Single account — no shared-infrastructure cluster'],,
CLUSTER-2701,1,0.0,accept,['Single account — no shared-infrastructure cluster'],,
CLUSTER-2702,1,0.0,accept,['Single account — no shared-infrastructure cluster'],,
CLUSTER-2703,1,0.0,accept,['Single account — no shared-infrastructure cluster'],,
CLUSTER-2704,1,0.0,accept,['Single account — no shared-infrastructure cluster'],,
CLUSTER-2705,1,0.0,accept,['Single account — no shared-infrastructure cluster'],,
CLUSTER-2706,1,0.0,accept,['Single account — no shared-infrastructure cluster'],,
CLUSTER-2707,1,0.0,accept,['Single account — no shared-infrastructure cluster'],,
CLUSTER-2708,1,0.0,accept,['Single account — no shared-infrastructure cluster'],,
CLUSTER-2709,1,0.0,accept,['Single account — no shared-infrastructure cluster'],,
CLUSTER-2710,1,0.0,accept,['Single account — no shared-infrastructure cluster'],,
CLUSTER-2711,1,0.0,accept,['Single account — no shared-infrastructure cluster'],,
CLUSTER-2712,1,0.0,accept,['Single account — no shared-infrastructure cluster'],,
CLUSTER-2713,1,0.0,accept,['Single account — no shared-infrastructure cluster'],,
CLUSTER-2714,1,0.0,accept,['Single account — no shared-infrastructure cluster'],,
CLUSTER-2715,1,0.0,accept,['Single account — no shared-infrastructure cluster'],,
CLUSTER-2716,1,0.0,accept,['Single account — no shared-infrastructure cluster'],,
CLUSTER-2717,1,0.0,accept,['Single account — no shared-infrastructure cluster'],,
CLUSTER-2718,1,0.0,accept,['Single account — no shared-infrastructure cluster'],,
CLUSTER-2719,1,0.0,accept,['Single account — no shared-infrastructure cluster'],,
CLUSTER-2720,1,0.0,accept,['Single account — no shared-infrastructure cluster'],,
CLUSTER-2721,1,0.0,accept,['Single account — no shared-infrastructure cluster'],,
CLUSTER-2722,1,0.0,accept,['Single account — no shared-infrastructure cluster'],,
CLUSTER-2723,1,0.0,accept,['Single account — no shared-infrastructure cluster'],,
CLUSTER-2724,1,0.0,accept,['Single account — no shared-infrastructure cluster'],,
CLUSTER-2725,1,0.0,accept,['Single account — no shared-infrastructure cluster'],,
CLUSTER-2726,1,0.0,accept,['Single account — no shared-infrastructure cluster'],,
CLUSTER-2727,1,0.0,accept,['Single account — no shared-infrastructure cluster'],,
CLUSTER-2728,1,0.0,accept,['Single account — no shared-infrastructure cluster'],,
CLUSTER-2729,1,0.0,accept,['Single account — no shared-infrastructure cluster'],,
CLUSTER-2730,1,0.0,accept,['Single account — no shared-infrastructure cluster'],,
CLUSTER-2731,1,0.0,accept,['Single account — no shared-infrastructure cluster'],,
CLUSTER-2732,1,0.0,accept,['Single account — no shared-infrastructure cluster'],,
CLUSTER-2733,1,0.0,accept,['Single account — no shared-infrastructure cluster'],,
CLUSTER-2734,1,0.0,accept,['Single account — no shared-infrastructure cluster'],,
CLUSTER-2735,1,0.0,accept,['Single account — no shared-infrastructure cluster'],,
CLUSTER-2736,1,0.0,accept,['Single account — no shared-infrastructure cluster'],,
CLUSTER-2737,1,0.0,accept,['Single account — no shared-infrastructure cluster'],,
CLUSTER-2738,1,0.0,accept,['Single account — no shared-infrastructure cluster'],,
CLUSTER-2739,1,0.0,accept,['Single account — no shared-infrastructure cluster'],,
CLUSTER-2740,1,0.0,accept,['Single account — no shared-infrastructure cluster'],,
CLUSTER-2741,1,0.0,accept,['Single account — no shared-infrastructure cluster'],,
CLUSTER-2742,1,0.0,accept,['Single account — no shared-infrastructure cluster'],,
CLUSTER-2743,1,0.0,accept,['Single account — no shared-infrastructure cluster'],,
CLUSTER-2744,1,0.0,accept,['Single account — no shared-infrastructure cluster'],,
CLUSTER-2745,1,0.0,accept,['Single account — no shared-infrastructure cluster'],,
CLUSTER-2746,1,0.0,accept,['Single account — no shared-infrastructure cluster'],,
CLUSTER-2747,1,0.0,accept,['Single account — no shared-infrastructure cluster'],,
CLUSTER-2748,1,0.0,accept,['Single account — no shared-infrastructure cluster'],,
CLUSTER-2749,1,0.0,accept,['Single account — no shared-infrastructure cluster'],,
CLUSTER-2750,1,0.0,accept,['Single account — no shared-infrastructure cluster'],,
CLUSTER-2751,1,0.0,accept,['Single account — no shared-infrastructure cluster'],,
CLUSTER-2752,1,0.0,accept,['Single account — no shared-infrastructure cluster'],,
CLUSTER-2753,1,0.0,accept,['Single account — no shared-infrastructure cluster'],,
CLUSTER-2754,1,0.0,accept,['Single account — no shared-infrastructure cluster'],,
CLUSTER-2755,1,0.0,accept,['Single account — no shared-infrastructure cluster'],,
CLUSTER-2756,1,0.0,accept,['Single account — no shared-infrastructure cluster'],,
CLUSTER-2757,1,0.0,accept,['Single account — no shared-infrastructure cluster'],,
CLUSTER-2758,1,0.0,accept,['Single account — no shared-infrastructure cluster'],,
CLUSTER-2759,1,0.0,accept,['Single account — no shared-infrastructure cluster'],,
CLUSTER-2760,1,0.0,accept,['Single account — no shared-infrastructure cluster'],,
CLUSTER-2761,1,0.0,accept,['Single account — no shared-infrastructure cluster'],,
CLUSTER-2762,1,0.0,accept,['Single account — no shared-infrastructure cluster'],,
CLUSTER-2763,1,0.0,accept,['Single account — no shared-infrastructure cluster'],,
CLUSTER-2764,1,0.0,accept,['Single account — no shared-infrastructure cluster'],,
CLUSTER-2765,1,0.0,accept,['Single account — no shared-infrastructure cluster'],,
CLUSTER-2766,1,0.0,accept,['Single account — no shared-infrastructure cluster'],,
CLUSTER-2767,1,0.0,accept,['Single account — no shared-infrastructure cluster'],,
CLUSTER-2768,1,0.0,accept,['Single account — no shared-infrastructure cluster'],,
CLUSTER-2769,1,0.0,accept,['Single account — no shared-infrastructure cluster'],,
CLUSTER-2770,1,0.0,accept,['Single account — no shared-infrastructure cluster'],,
CLUSTER-2771,1,0.0,accept,['Single account — no shared-infrastructure cluster'],,
CLUSTER-2772,1,0.0,accept,['Single account — no shared-infrastructure cluster'],,
CLUSTER-2773,1,0.0,accept,['Single account — no shared-infrastructure cluster'],,
CLUSTER-2774,1,0.0,accept,['Single account — no shared-infrastructure cluster'],,
CLUSTER-2775,1,0.0,accept,['Single account — no shared-infrastructure cluster'],,
CLUSTER-2776,1,0.0,accept,['Single account — no shared-infrastructure cluster'],,
CLUSTER-2777,1,0.0,accept,['Single account — no shared-infrastructure cluster'],,
CLUSTER-2778,1,0.0,accept,['Single account — no shared-infrastructure cluster'],,
CLUSTER-2779,1,0.0,accept,['Single account — no shared-infrastructure cluster'],,
CLUSTER-2780,1,0.0,accept,['Single account — no shared-infrastructure cluster'],,
CLUSTER-2781,1,0.0,accept,['Single account — no shared-infrastructure cluster'],,
CLUSTER-2782,1,0.0,accept,['Single account — no shared-infrastructure cluster'],,
CLUSTER-2783,1,0.0,accept,['Single account — no shared-infrastructure cluster'],,
CLUSTER-2784,1,0.0,accept,['Single account — no shared-infrastructure cluster'],,
CLUSTER-2785,1,0.0,accept,['Single account — no shared-infrastructure cluster'],,
CLUSTER-2786,1,0.0,accept,['Single account — no shared-infrastructure cluster'],,
CLUSTER-2787,1,0.0,accept,['Single account — no shared-infrastructure cluster'],,
CLUSTER-2788,1,0.0,accept,['Single account — no shared-infrastructure cluster'],,
CLUSTER-2789,1,0.0,accept,['Single account — no shared-infrastructure cluster'],,
CLUSTER-2790,1,0.0,accept,['Single account — no shared-infrastructure cluster'],,
CLUSTER-2791,1,0.0,accept,['Single account — no shared-infrastructure cluster'],,
CLUSTER-2792,1,0.0,accept,['Single account — no shared-infrastructure cluster'],,
CLUSTER-2793,1,0.0,accept,['Single account — no shared-infrastructure cluster'],,
CLUSTER-2794,1,0.0,accept,['Single account — no shared-infrastructure cluster'],,
CLUSTER-2795,1,0.0,accept,['Single account — no shared-infrastructure cluster'],,
CLUSTER-2796,1,0.0,accept,['Single account — no shared-infrastructure cluster'],,
CLUSTER-2797,1,0.0,accept,['Single account — no shared-infrastructure cluster'],,
CLUSTER-2798,1,0.0,accept,['Single account — no shared-infrastructure cluster'],,
CLUSTER-2799,1,0.0,accept,['Single account — no shared-infrastructure cluster'],,
CLUSTER-2800,1,0.0,accept,['Single account — no shared-infrastructure cluster'],,
CLUSTER-2801,1,0.0,accept,['Single account — no shared-infrastructure cluster'],,
CLUSTER-2802,1,0.0,accept,['Single account — no shared-infrastructure cluster'],,
CLUSTER-2803,1,0.0,accept,['Single account — no shared-infrastructure cluster'],,
CLUSTER-2804,1,0.0,accept,['Single account — no shared-infrastructure cluster'],,
CLUSTER-2805,1,0.0,accept,['Single account — no shared-infrastructure cluster'],,
CLUSTER-2806,1,0.0,accept,['Single account — no shared-infrastructure cluster'],,
CLUSTER-2807,1,0.0,accept,['Single account — no shared-infrastructure cluster'],,
CLUSTER-2808,1,0.0,accept,['Single account — no shared-infrastructure cluster'],,
CLUSTER-2809,1,0.0,accept,['Single account — no shared-infrastructure cluster'],,
CLUSTER-2810,1,0.0,accept,['Single account — no shared-infrastructure cluster'],,
CLUSTER-2811,1,0.0,accept,['Single account — no shared-infrastructure cluster'],,
CLUSTER-2812,1,0.0,accept,['Single account — no shared-infrastructure cluster'],,
CLUSTER-2813,1,0.0,accept,['Single account — no shared-infrastructure cluster'],,
CLUSTER-2814,1,0.0,accept,['Single account — no shared-infrastructure cluster'],,
CLUSTER-2815,1,0.0,accept,['Single account — no shared-infrastructure cluster'],,
CLUSTER-2816,1,0.0,accept,['Single account — no shared-infrastructure cluster'],,
CLUSTER-2817,1,0.0,accept,['Single account — no shared-infrastructure cluster'],,
CLUSTER-2818,1,0.0,accept,['Single account — no shared-infrastructure cluster'],,
CLUSTER-2819,1,0.0,accept,['Single account — no shared-infrastructure cluster'],,
CLUSTER-2820,1,0.0,accept,['Single account — no shared-infrastructure cluster'],,
CLUSTER-2821,1,0.0,accept,['Single account — no shared-infrastructure cluster'],,
CLUSTER-2822,1,0.0,accept,['Single account — no shared-infrastructure cluster'],,
CLUSTER-2823,1,0.0,accept,['Single account — no shared-infrastructure cluster'],,
CLUSTER-2824,1,0.0,accept,['Single account — no shared-infrastructure cluster'],,
CLUSTER-2825,1,0.0,accept,['Single account — no shared-infrastructure cluster'],,
CLUSTER-2826,2,0.415,accept,['All accounts opened within 0 day(s) of each other — signup burst'],0.0,3.0
CLUSTER-2827,1,0.0,accept,['Single account — no shared-infrastructure cluster'],,
CLUSTER-2828,1,0.0,accept,['Single account — no shared-infrastructure cluster'],,
CLUSTER-2829,1,0.0,accept,['Single account — no shared-infrastructure cluster'],,
CLUSTER-2830,1,0.0,accept,['Single account — no shared-infrastructure cluster'],,
CLUSTER-2831,1,0.0,accept,['Single account — no shared-infrastructure cluster'],,
CLUSTER-2832,1,0.0,accept,['Single account — no shared-infrastructure cluster'],,
CLUSTER-2833,1,0.0,accept,['Single account — no shared-infrastructure cluster'],,
CLUSTER-2834,1,0.0,accept,['Single account — no shared-infrastructure cluster'],,
CLUSTER-2835,1,0.0,accept,['Single account — no shared-infrastructure cluster'],,
CLUSTER-2836,1,0.0,accept,['Single account — no shared-infrastructure cluster'],,
CLUSTER-2837,1,0.0,accept,['Single account — no shared-infrastructure cluster'],,
CLUSTER-2838,1,0.0,accept,['Single account — no shared-infrastructure cluster'],,
CLUSTER-2839,1,0.0,accept,['Single account — no shared-infrastructure cluster'],,
CLUSTER-2840,1,0.0,accept,['Single account — no shared-infrastructure cluster'],,
CLUSTER-2841,1,0.0,accept,['Single account — no shared-infrastructure cluster'],,
CLUSTER-2842,1,0.0,accept,['Single account — no shared-infrastructure cluster'],,
CLUSTER-2843,1,0.0,accept,['Single account — no shared-infrastructure cluster'],,
CLUSTER-2844,1,0.0,accept,['Single account — no shared-infrastructure cluster'],,
CLUSTER-2845,1,0.0,accept,['Single account — no shared-infrastructure cluster'],,
CLUSTER-2846,1,0.0,accept,['Single account — no shared-infrastructure cluster'],,
CLUSTER-2847,1,0.0,accept,['Single account — no shared-infrastructure cluster'],,
CLUSTER-2848,1,0.0,accept,['Single account — no shared-infrastructure cluster'],,
CLUSTER-2849,1,0.0,accept,['Single account — no shared-infrastructure cluster'],,
CLUSTER-2850,1,0.0,accept,['Single account — no shared-infrastructure cluster'],,
CLUSTER-2851,1,0.0,accept,['Single account — no shared-infrastructure cluster'],,
CLUSTER-2852,1,0.0,accept,['Single account — no shared-infrastructure cluster'],,
CLUSTER-2853,1,0.0,accept,['Single account — no shared-infrastructure cluster'],,
CLUSTER-2854,1,0.0,accept,['Single account — no shared-infrastructure cluster'],,
CLUSTER-2855,1,0.0,accept,['Single account — no shared-infrastructure cluster'],,
CLUSTER-2856,1,0.0,accept,['Single account — no shared-infrastructure cluster'],,
CLUSTER-2857,1,0.0,accept,['Single account — no shared-infrastructure cluster'],,
CLUSTER-2858,1,0.0,accept,['Single account — no shared-infrastructure cluster'],,
CLUSTER-2859,1,0.0,accept,['Single account — no shared-infrastructure cluster'],,
CLUSTER-2860,1,0.0,accept,['Single account — no shared-infrastructure cluster'],,
CLUSTER-2861,1,0.0,accept,['Single account — no shared-infrastructure cluster'],,
CLUSTER-2862,1,0.0,accept,['Single account — no shared-infrastructure cluster'],,
CLUSTER-2863,1,0.0,accept,['Single account — no shared-infrastructure cluster'],,
CLUSTER-2864,1,0.0,accept,['Single account — no shared-infrastructure cluster'],,
CLUSTER-2865,1,0.0,accept,['Single account — no shared-infrastructure cluster'],,
CLUSTER-2866,1,0.0,accept,['Single account — no shared-infrastructure cluster'],,
CLUSTER-2867,1,0.0,accept,['Single account — no shared-infrastructure cluster'],,
CLUSTER-2868,1,0.0,accept,['Single account — no shared-infrastructure cluster'],,
CLUSTER-2869,1,0.0,accept,['Single account — no shared-infrastructure cluster'],,
CLUSTER-2870,1,0.0,accept,['Single account — no shared-infrastructure cluster'],,
CLUSTER-2871,1,0.0,accept,['Single account — no shared-infrastructure cluster'],,
CLUSTER-2872,1,0.0,accept,['Single account — no shared-infrastructure cluster'],,
CLUSTER-2873,1,0.0,accept,['Single account — no shared-infrastructure cluster'],,
CLUSTER-2874,1,0.0,accept,['Single account — no shared-infrastructure cluster'],,
CLUSTER-2875,1,0.0,accept,['Single account — no shared-infrastructure cluster'],,
CLUSTER-2876,1,0.0,accept,['Single account — no shared-infrastructure cluster'],,
CLUSTER-2877,1,0.0,accept,['Single account — no shared-infrastructure cluster'],,
CLUSTER-2878,1,0.0,accept,['Single account — no shared-infrastructure cluster'],,
CLUSTER-2879,1,0.0,accept,['Single account — no shared-infrastructure cluster'],,
CLUSTER-2880,1,0.0,accept,['Single account — no shared-infrastructure cluster'],,
CLUSTER-2881,1,0.0,accept,['Single account — no shared-infrastructure cluster'],,
CLUSTER-2882,1,0.0,accept,['Single account — no shared-infrastructure cluster'],,
CLUSTER-2883,1,0.0,accept,['Single account — no shared-infrastructure cluster'],,
CLUSTER-2884,1,0.0,accept,['Single account — no shared-infrastructure cluster'],,
CLUSTER-2885,1,0.0,accept,['Single account — no shared-infrastructure cluster'],,
CLUSTER-2886,1,0.0,accept,['Single account — no shared-infrastructure cluster'],,
CLUSTER-2887,1,0.0,accept,['Single account — no shared-infrastructure cluster'],,
CLUSTER-2888,1,0.0,accept,['Single account — no shared-infrastructure cluster'],,
CLUSTER-2889,1,0.0,accept,['Single account — no shared-infrastructure cluster'],,
CLUSTER-2890,1,0.0,accept,['Single account — no shared-infrastructure cluster'],,
CLUSTER-2891,1,0.0,accept,['Single account — no shared-infrastructure cluster'],,
CLUSTER-2892,1,0.0,accept,['Single account — no shared-infrastructure cluster'],,
CLUSTER-2893,1,0.0,accept,['Single account — no shared-infrastructure cluster'],,
CLUSTER-2894,1,0.0,accept,['Single account — no shared-infrastructure cluster'],,
CLUSTER-2895,1,0.0,accept,['Single account — no shared-infrastructure cluster'],,
CLUSTER-2896,1,0.0,accept,['Single account — no shared-infrastructure cluster'],,
CLUSTER-2897,1,0.0,accept,['Single account — no shared-infrastructure cluster'],,
CLUSTER-2898,1,0.0,accept,['Single account — no shared-infrastructure cluster'],,
CLUSTER-2899,1,0.0,accept,['Single account — no shared-infrastructure cluster'],,
CLUSTER-2900,1,0.0,accept,['Single account — no shared-infrastructure cluster'],,
CLUSTER-2901,1,0.0,accept,['Single account — no shared-infrastructure cluster'],,
CLUSTER-2902,1,0.0,accept,['Single account — no shared-infrastructure cluster'],,
CLUSTER-2903,1,0.0,accept,['Single account — no shared-infrastructure cluster'],,
CLUSTER-2904,1,0.0,accept,['Single account — no shared-infrastructure cluster'],,
CLUSTER-2905,1,0.0,accept,['Single account — no shared-infrastructure cluster'],,
CLUSTER-2906,1,0.0,accept,['Single account — no shared-infrastructure cluster'],,
CLUSTER-2907,1,0.0,accept,['Single account — no shared-infrastructure cluster'],,
CLUSTER-2908,1,0.0,accept,['Single account — no shared-infrastructure cluster'],,
CLUSTER-2909,1,0.0,accept,['Single account — no shared-infrastructure cluster'],,
CLUSTER-2910,1,0.0,accept,['Single account — no shared-infrastructure cluster'],,
CLUSTER-2911,1,0.0,accept,['Single account — no shared-infrastructure cluster'],,
CLUSTER-2912,1,0.0,accept,['Single account — no shared-infrastructure cluster'],,
CLUSTER-2913,1,0.0,accept,['Single account — no shared-infrastructure cluster'],,
CLUSTER-2914,1,0.0,accept,['Single account — no shared-infrastructure cluster'],,
CLUSTER-2915,1,0.0,accept,['Single account — no shared-infrastructure cluster'],,
CLUSTER-2916,1,0.0,accept,['Single account — no shared-infrastructure cluster'],,
CLUSTER-2917,1,0.0,accept,['Single account — no shared-infrastructure cluster'],,
CLUSTER-2918,1,0.0,accept,['Single account — no shared-infrastructure cluster'],,
CLUSTER-2919,1,0.0,accept,['Single account — no shared-infrastructure cluster'],,
CLUSTER-2920,1,0.0,accept,['Single account — no shared-infrastructure cluster'],,
CLUSTER-2921,1,0.0,accept,['Single account — no shared-infrastructure cluster'],,
CLUSTER-2922,1,0.0,accept,['Single account — no shared-infrastructure cluster'],,
CLUSTER-2923,1,0.0,accept,['Single account — no shared-infrastructure cluster'],,
CLUSTER-2924,1,0.0,accept,['Single account — no shared-infrastructure cluster'],,
CLUSTER-2925,1,0.0,accept,['Single account — no shared-infrastructure cluster'],,
CLUSTER-2926,1,0.0,accept,['Single account — no shared-infrastructure cluster'],,
CLUSTER-2927,1,0.0,accept,['Single account — no shared-infrastructure cluster'],,
CLUSTER-2928,1,0.0,accept,['Single account — no shared-infrastructure cluster'],,
CLUSTER-2929,1,0.0,accept,['Single account — no shared-infrastructure cluster'],,
CLUSTER-2930,1,0.0,accept,['Single account — no shared-infrastructure cluster'],,
CLUSTER-2931,1,0.0,accept,['Single account — no shared-infrastructure cluster'],,
CLUSTER-2932,1,0.0,accept,['Single account — no shared-infrastructure cluster'],,
CLUSTER-2933,1,0.0,accept,['Single account — no shared-infrastructure cluster'],,
CLUSTER-2934,1,0.0,accept,['Single account — no shared-infrastructure cluster'],,
CLUSTER-2935,1,0.0,accept,['Single account — no shared-infrastructure cluster'],,
CLUSTER-2936,1,0.0,accept,['Single account — no shared-infrastructure cluster'],,
CLUSTER-2937,1,0.0,accept,['Single account — no shared-infrastructure cluster'],,
CLUSTER-2938,1,0.0,accept,['Single account — no shared-infrastructure cluster'],,
CLUSTER-2939,1,0.0,accept,['Single account — no shared-infrastructure cluster'],,
CLUSTER-2940,1,0.0,accept,['Single account — no shared-infrastructure cluster'],,
CLUSTER-2941,1,0.0,accept,['Single account — no shared-infrastructure cluster'],,
CLUSTER-2942,1,0.0,accept,['Single account — no shared-infrastructure cluster'],,
CLUSTER-2943,1,0.0,accept,['Single account — no shared-infrastructure cluster'],,
CLUSTER-2944,1,0.0,accept,['Single account — no shared-infrastructure cluster'],,
CLUSTER-2945,1,0.0,accept,['Single account — no shared-infrastructure cluster'],,
CLUSTER-2946,1,0.0,accept,['Single account — no shared-infrastructure cluster'],,
CLUSTER-2947,1,0.0,accept,['Single account — no shared-infrastructure cluster'],,
CLUSTER-2948,1,0.0,accept,['Single account — no shared-infrastructure cluster'],,
CLUSTER-2949,1,0.0,accept,['Single account — no shared-infrastructure cluster'],,
CLUSTER-2950,1,0.0,accept,['Single account — no shared-infrastructure cluster'],,
CLUSTER-2951,1,0.0,accept,['Single account — no shared-infrastructure cluster'],,
CLUSTER-2952,1,0.0,accept,['Single account — no shared-infrastructure cluster'],,
CLUSTER-2953,1,0.0,accept,['Single account — no shared-infrastructure cluster'],,
CLUSTER-2954,1,0.0,accept,['Single account — no shared-infrastructure cluster'],,
CLUSTER-2955,1,0.0,accept,['Single account — no shared-infrastructure cluster'],,
CLUSTER-2956,1,0.0,accept,['Single account — no shared-infrastructure cluster'],,
CLUSTER-2957,1,0.0,accept,['Single account — no shared-infrastructure cluster'],,
CLUSTER-2958,1,0.0,accept,['Single account — no shared-infrastructure cluster'],,
CLUSTER-2959,1,0.0,accept,['Single account — no shared-infrastructure cluster'],,
CLUSTER-2960,1,0.0,accept,['Single account — no shared-infrastructure cluster'],,
CLUSTER-2961,1,0.0,accept,['Single account — no shared-infrastructure cluster'],,
CLUSTER-2962,1,0.0,accept,['Single account — no shared-infrastructure cluster'],,
CLUSTER-2963,1,0.0,accept,['Single account — no shared-infrastructure cluster'],,
CLUSTER-2964,1,0.0,accept,['Single account — no shared-infrastructure cluster'],,
CLUSTER-2965,1,0.0,accept,['Single account — no shared-infrastructure cluster'],,
CLUSTER-2966,1,0.0,accept,['Single account — no shared-infrastructure cluster'],,
CLUSTER-2967,1,0.0,accept,['Single account — no shared-infrastructure cluster'],,
CLUSTER-2968,1,0.0,accept,['Single account — no shared-infrastructure cluster'],,
CLUSTER-2969,1,0.0,accept,['Single account — no shared-infrastructure cluster'],,
CLUSTER-2970,1,0.0,accept,['Single account — no shared-infrastructure cluster'],,
CLUSTER-2971,1,0.0,accept,['Single account — no shared-infrastructure cluster'],,
CLUSTER-2972,1,0.0,accept,['Single account — no shared-infrastructure cluster'],,
CLUSTER-2973,1,0.0,accept,['Single account — no shared-infrastructure cluster'],,
CLUSTER-2974,1,0.0,accept,['Single account — no shared-infrastructure cluster'],,
CLUSTER-2975,1,0.0,accept,['Single account — no shared-infrastructure cluster'],,
CLUSTER-2976,1,0.0,accept,['Single account — no shared-infrastructure cluster'],,
CLUSTER-2977,1,0.0,accept,['Single account — no shared-infrastructure cluster'],,
CLUSTER-2978,1,0.0,accept,['Single account — no shared-infrastructure cluster'],,
CLUSTER-2979,1,0.0,accept,['Single account — no shared-infrastructure cluster'],,
CLUSTER-2980,1,0.0,accept,['Single account — no shared-infrastructure cluster'],,
CLUSTER-2981,1,0.0,accept,['Single account — no shared-infrastructure cluster'],,
CLUSTER-2982,1,0.0,accept,['Single account — no shared-infrastructure cluster'],,
CLUSTER-2983,1,0.0,accept,['Single account — no shared-infrastructure cluster'],,
CLUSTER-2984,1,0.0,accept,['Single account — no shared-infrastructure cluster'],,
CLUSTER-2985,1,0.0,accept,['Single account — no shared-infrastructure cluster'],,
CLUSTER-2986,1,0.0,accept,['Single account — no shared-infrastructure cluster'],,
CLUSTER-2987,1,0.0,accept,['Single account — no shared-infrastructure cluster'],,
CLUSTER-2988,1,0.0,accept,['Single account — no shared-infrastructure cluster'],,
CLUSTER-2989,1,0.0,accept,['Single account — no shared-infrastructure cluster'],,
CLUSTER-2990,1,0.0,accept,['Single account — no shared-infrastructure cluster'],,
CLUSTER-2991,1,0.0,accept,['Single account — no shared-infrastructure cluster'],,
CLUSTER-2992,1,0.0,accept,['Single account — no shared-infrastructure cluster'],,
CLUSTER-2993,1,0.0,accept,['Single account — no shared-infrastructure cluster'],,
CLUSTER-2994,1,0.0,accept,['Single account — no shared-infrastructure cluster'],,
CLUSTER-2995,1,0.0,accept,['Single account — no shared-infrastructure cluster'],,
CLUSTER-2996,1,0.0,accept,['Single account — no shared-infrastructure cluster'],,
CLUSTER-2997,1,0.0,accept,['Single account — no shared-infrastructure cluster'],,
CLUSTER-2998,1,0.0,accept,['Single account — no shared-infrastructure cluster'],,
CLUSTER-2999,1,0.0,accept,['Single account — no shared-infrastructure cluster'],,
CLUSTER-3000,1,0.0,accept,['Single account — no shared-infrastructure cluster'],,
CLUSTER-3001,1,0.0,accept,['Single account — no shared-infrastructure cluster'],,
CLUSTER-3002,1,0.0,accept,['Single account — no shared-infrastructure cluster'],,
CLUSTER-3003,1,0.0,accept,['Single account — no shared-infrastructure cluster'],,
CLUSTER-3004,1,0.0,accept,['Single account — no shared-infrastructure cluster'],,
CLUSTER-3005,1,0.0,accept,['Single account — no shared-infrastructure cluster'],,
CLUSTER-3006,1,0.0,accept,['Single account — no shared-infrastructure cluster'],,
CLUSTER-3007,1,0.0,accept,['Single account — no shared-infrastructure cluster'],,
CLUSTER-3008,1,0.0,accept,['Single account — no shared-infrastructure cluster'],,
CLUSTER-3009,1,0.0,accept,['Single account — no shared-infrastructure cluster'],,
CLUSTER-3010,1,0.0,accept,['Single account — no shared-infrastructure cluster'],,
CLUSTER-3011,1,0.0,accept,['Single account — no shared-infrastructure cluster'],,
CLUSTER-3012,1,0.0,accept,['Single account — no shared-infrastructure cluster'],,
CLUSTER-3013,1,0.0,accept,['Single account — no shared-infrastructure cluster'],,
CLUSTER-3014,1,0.0,accept,['Single account — no shared-infrastructure cluster'],,
CLUSTER-3015,1,0.0,accept,['Single account — no shared-infrastructure cluster'],,
CLUSTER-3016,1,0.0,accept,['Single account — no shared-infrastructure cluster'],,
CLUSTER-3017,1,0.0,accept,['Single account — no shared-infrastructure cluster'],,
CLUSTER-3018,1,0.0,accept,['Single account — no shared-infrastructure cluster'],,
CLUSTER-3019,1,0.0,accept,['Single account — no shared-infrastructure cluster'],,
CLUSTER-3020,1,0.0,accept,['Single account — no shared-infrastructure cluster'],,
CLUSTER-3021,1,0.0,accept,['Single account — no shared-infrastructure cluster'],,
CLUSTER-3022,1,0.0,accept,['Single account — no shared-infrastructure cluster'],,
CLUSTER-3023,1,0.0,accept,['Single account — no shared-infrastructure cluster'],,
CLUSTER-3024,1,0.0,accept,['Single account — no shared-infrastructure cluster'],,
CLUSTER-3025,1,0.0,accept,['Single account — no shared-infrastructure cluster'],,
CLUSTER-3026,1,0.0,accept,['Single account — no shared-infrastructure cluster'],,
CLUSTER-3027,1,0.0,accept,['Single account — no shared-infrastructure cluster'],,
CLUSTER-3028,1,0.0,accept,['Single account — no shared-infrastructure cluster'],,
CLUSTER-3029,1,0.0,accept,['Single account — no shared-infrastructure cluster'],,
CLUSTER-3030,1,0.0,accept,['Single account — no shared-infrastructure cluster'],,
CLUSTER-3031,1,0.0,accept,['Single account — no shared-infrastructure cluster'],,
CLUSTER-3032,1,0.0,accept,['Single account — no shared-infrastructure cluster'],,
CLUSTER-3033,1,0.0,accept,['Single account — no shared-infrastructure cluster'],,
CLUSTER-3034,1,0.0,accept,['Single account — no shared-infrastructure cluster'],,
CLUSTER-3035,1,0.0,accept,['Single account — no shared-infrastructure cluster'],,
CLUSTER-3036,1,0.0,accept,['Single account — no shared-infrastructure cluster'],,
CLUSTER-3037,1,0.0,accept,['Single account — no shared-infrastructure cluster'],,
CLUSTER-3038,1,0.0,accept,['Single account — no shared-infrastructure cluster'],,
CLUSTER-3039,1,0.0,accept,['Single account — no shared-infrastructure cluster'],,
CLUSTER-3040,1,0.0,accept,['Single account — no shared-infrastructure cluster'],,
CLUSTER-3041,1,0.0,accept,['Single account — no shared-infrastructure cluster'],,
CLUSTER-3042,1,0.0,accept,['Single account — no shared-infrastructure cluster'],,
CLUSTER-3043,1,0.0,accept,['Single account — no shared-infrastructure cluster'],,
CLUSTER-3044,1,0.0,accept,['Single account — no shared-infrastructure cluster'],,
CLUSTER-3045,1,0.0,accept,['Single account — no shared-infrastructure cluster'],,
CLUSTER-3046,1,0.0,accept,['Single account — no shared-infrastructure cluster'],,
CLUSTER-3047,1,0.0,accept,['Single account — no shared-infrastructure cluster'],,
CLUSTER-3048,1,0.0,accept,['Single account — no shared-infrastructure cluster'],,
CLUSTER-3049,1,0.0,accept,['Single account — no shared-infrastructure cluster'],,
CLUSTER-3050,1,0.0,accept,['Single account — no shared-infrastructure cluster'],,
CLUSTER-3051,1,0.0,accept,['Single account — no shared-infrastructure cluster'],,
CLUSTER-3052,1,0.0,accept,['Single account — no shared-infrastructure cluster'],,
CLUSTER-3053,1,0.0,accept,['Single account — no shared-infrastructure cluster'],,
CLUSTER-3054,1,0.0,accept,['Single account — no shared-infrastructure cluster'],,
CLUSTER-3055,1,0.0,accept,['Single account — no shared-infrastructure cluster'],,
CLUSTER-3056,1,0.0,accept,['Single account — no shared-infrastructure cluster'],,
CLUSTER-3057,1,0.0,accept,['Single account — no shared-infrastructure cluster'],,
CLUSTER-3058,1,0.0,accept,['Single account — no shared-infrastructure cluster'],,
CLUSTER-3059,1,0.0,accept,['Single account — no shared-infrastructure cluster'],,
CLUSTER-3060,1,0.0,accept,['Single account — no shared-infrastructure cluster'],,
CLUSTER-3061,1,0.0,accept,['Single account — no shared-infrastructure cluster'],,
CLUSTER-3062,1,0.0,accept,['Single account — no shared-infrastructure cluster'],,
CLUSTER-3063,1,0.0,accept,['Single account — no shared-infrastructure cluster'],,
CLUSTER-3064,1,0.0,accept,['Single account — no shared-infrastructure cluster'],,
CLUSTER-3065,1,0.0,accept,['Single account — no shared-infrastructure cluster'],,
CLUSTER-3066,1,0.0,accept,['Single account — no shared-infrastructure cluster'],,
CLUSTER-3067,1,0.0,accept,['Single account — no shared-infrastructure cluster'],,
CLUSTER-3068,1,0.0,accept,['Single account — no shared-infrastructure cluster'],,
CLUSTER-3069,1,0.0,accept,['Single account — no shared-infrastructure cluster'],,
CLUSTER-3070,1,0.0,accept,['Single account — no shared-infrastructure cluster'],,
CLUSTER-3071,1,0.0,accept,['Single account — no shared-infrastructure cluster'],,
CLUSTER-3072,1,0.0,accept,['Single account — no shared-infrastructure cluster'],,
CLUSTER-3073,1,0.0,accept,['Single account — no shared-infrastructure cluster'],,
CLUSTER-3074,1,0.0,accept,['Single account — no shared-infrastructure cluster'],,
CLUSTER-3075,1,0.0,accept,['Single account — no shared-infrastructure cluster'],,
CLUSTER-3076,1,0.0,accept,['Single account — no shared-infrastructure cluster'],,
